the,62964.7,a1
to,34857.1,a1
of,34342,a1
and,30990.2,a1
a,28741.1,a1
in,25255.6,a1
it,11828.7,a1
for,11771.8,a1
on,11586.8,a1
s,10652.8,
said,9616.95,c1
with,9225.34,a1
not,8685.42,a1
be,7701.86,a1
t,7239.54,
he,6664.97,a1
from,6473.29,a1
at,6108.07,a1
as,5982.1,a1
have,5553.29,a1
by,5272.25,a1
are,5145.44,
but,4858.51,a1
or,4113.03,a1
an,4043.99,
all,3920.92,a1
will,3860.51,a1
like,3817.46,a1
one,3549.55,a1
me,3541.87,a1
up,3526.55,a1
pct,2869.66,
about,2855.1,a1
so,2853.37,a1
if,2851.29,a1
can,2787.57,a1
no,2774.08,a1
out,2753.69,a1
year,2499.38,a1
do,2452.49,a1
there,2438.7,a1
know,2424.6,a1
girl,2369.17,a1
just,2305.27,a1
more,2284.68,a1
m,2278.02,
don,2221.4,c1
after,2134.84,a1
guy,2095.83,a1
some,2039.94,a1
new,1909.09,a1
who,1905.32,a1
get,1903.17,a1
into,1866.41,a1
two,1841.08,a1
billion,1811.86,b1
man,1811.71,a1
time,1785.47,a1
other,1727.14,a1
re,1701.32,b2
only,1657.35,a1
over,1646.59,a1
last,1643.02,a1
good,1554.99,a1
now,1509.96,a1
company,1502.89,a1
loss,1471.87,a2
any,1436.82,a1
down,1426.53,a1
go,1416.67,a1
first,1415.22,a1
work,1413.4,a1
also,1412.77,a1
page,1388.55,a2
then,1336.23,a1
open,1323.23,a1
very,1290.5,a1
think,1274.16,a1
window,1258.95,a2
right,1255.61,a1
back,1237.55,a1
people,1213.19,a1
too,1207.03,a1
see,1206.45,a1
because,1204.91,a1
off,1174.82,a1
even,1160.15,a1
make,1141.37,a1
going,1126.14,c1
want,1113.78,a1
cell,1113.57,a2
made,1107.2,
much,1063.51,a1
here,1061.03,a1
before,1041.96,a1
way,1026.14,a1
share,1011.41,a1
while,1008.59,a1
take,1006.67,a1
really,959.87,a1
bar,957.299,a2
say,950.636,a1
may,949.899,a1
day,943.148,a1
still,938.471,a1
well,936.509,a1
boy,927.83,a1
profit,905.536,b1
through,904.293,a1
long,900.129,a1
years,898.037,
three,893.769,a1
such,891.894,a1
little,889.473,a1
menu,880.406,b2
tab,866.271,c1
oil,852.106,a2
against,850.383,a1
market,844.503,a1
being,843.208,b1
come,836.371,a1
between,807.215,a1
woman,806.947,a1
stock,800.442,b1
under,799.557,a1
old,799.292,a1
never,798.901,a1
us,797,a1
most,795.856,a1
same,785.771,a1
trade,779.638,a2
must,773.738,a1
need,767.784,a1
end,745.292,a1
many,742.052,a1
browser,740.337,c1
around,740.288,a1
use,731.549,a1
am,730.605,a2
lady,728.54,a2
d,725.782,
mean,712.432,a1
net,708.376,b1
look,707.277,a1
button,705.029,b1
next,690.647,a1
world,689.134,a1
again,687.4,a1
set,676.665,a1
today,671.294,a1
week,670.545,a1
own,669.986,a1
give,667.636,a1
name,665.677,a1
might,644.45,a1
high,639.523,a1
another,637.624,a1
without,631.759,a1
file,630.374,a2
always,626.397,a1
great,626.002,a1
dialog,625.55,
bookmark,621.354,
quite,616.61,a2
i,615.768,a1
five,614.792,a1
thing,608.597,a1
fruit,607.293,b1
money,605.823,a1
rate,603.809,a2
quarter,601.846,b1
each,597.447,a1
find,597.276,a1
government,595.184,a1
away,594.089,a1
both,590.366,a1
every,584.023,a1
put,582.127,a1
price,579.278,a2
ever,574.808,a1
used,574.379,b1
upon,569.988,a2
tell,569.416,a1
show,566.185,a1
offer,564.982,a1
shit,564.638,b1
download,563.044,b2
left,562.654,a2
life,561.027,a1
group,560.904,a1
better,557.644,a1
men,556.831,
bit,555.187,a1
text,554.589,b1
home,552.203,a1
place,548.859,a1
close,536.8,a1
interest,531.854,a2
train,530.317,a2
since,530.019,a1
manager,528.959,b1
four,526.651,a1
using,526.46,
expected,525.145,c1
wine,517.344,b1
dollar,516.468,a2
crash,515.363,b1
part,511.249,a1
bank,508.188,a2
change,507.086,a1
thought,505.339,a2
head,505.136,a1
love,505.044,a1
why,503.325,a1
film,501.878,a2
let,501.468,a1
click,496.327,b1
month,494.922,a1
white,492.092,a1
current,490.45,a2
hand,490.41,a1
link,484.161,a2
half,483.289,a1
tax,481.757,a2
help,477.713,a1
cut,474.667,a1
rather,471,a1
start,468.321,a1
production,467.823,b1
house,467.526,a1
days,466.573,
until,464.337,a1
night,463.015,a1
small,460.555,a1
agreement,455.634,b1
found,455.183,b2
already,451.198,a1
six,450.53,a1
yet,450.04,a1
during,449.405,a1
rose,448.12,b2
few,447.257,a1
second,446.987,a1
sales,446.918,b1
things,445.039,
increase,443.226,a2
thou,441.557,c1
black,441.531,a1
though,441.112,a1
foreign,439.728,b1
enough,438.658,a1
total,438.625,a2
face,438.275,a1
common,437.012,a2
trying,436.855,
line,433.761,a1
nice,431.739,a1
fucking,427.356,b1
won,423.751,
form,422.684,a1
error,419.142,b1
default,417.906,b2
business,417.117,a1
rise,416.276,a2
meeting,415.033,a2
search,414.546,a2
buy,413.508,a1
less,413.348,a1
state,412.272,a1
rates,411.557,
nothing,410.54,a1
bad,409.814,a1
windows,409.286,
real,408.551,a1
full,406.398,a1
big,405.641,a1
least,402.662,a1
opening,402.261,b1
saw,401.543,c1
wrong,396.251,a1
system,394.559,a1
call,392.364,a1
major,386.663,a2
number,381.119,a1
chick,380.392,c1
best,379.654,a1
movie,379.035,a2
touch,379.034,a2
fell,377.156,
top,376.896,a1
due,376.738,a2
sure,375.183,a1
son,371.935,a1
instead,371.153,a1
growth,370.55,b1
keep,370.129,a1
fuck,369.969,b1
side,368.652,a1
large,368.627,a1
earlier,368.368,
working,367.084,b2
drop,366.438,a2
folder,364.864,c1
non,364.849,
believe,364.298,a1
once,362.658,a1
ago,362.248,a1
saying,361.804,c1
far,361.397,a1
site,361.347,a2
country,359.985,a1
done,359.597,
board,356.815,a2
almost,356.534,a1
stop,354.816,a1
official,354.212,a2
given,353.655,b2
point,353.017,a1
looking,352.647,c1
box,351.051,a2
history,350.737,a1
exchange,350.272,b1
period,349.831,a2
problem,349.389,a1
nose,348.84,b1
field,347.099,a2
build,346.799,a1
heard,346.391,
feel,345.533,a1
further,343.867,
move,343.797,a1
times,342.602,
fine,340.825,a1
icon,340.816,c1
early,337.736,a1
lot,337.634,a1
probably,335.916,a1
certain,334.509,a2
possible,333.42,a1
above,332.359,a2
report,330.896,a1
making,330.568,c1
action,330.129,a2
cause,329.915,a1
ha,325.279,b1
sale,322.613,b2
young,321.062,a1
kind,319.902,a1
program,318.745,a1
industry,317.271,a2
economic,317.248,a2
agreed,316.272,
different,315.679,a1
whole,315.05,a1
try,314.937,a1
opened,314.781,
within,314.125,a1
cash,312.92,b1
fall,312.782,a1
eyes,308.875,
later,308.688,a1
operations,308.423,
image,307.152,a2
option,305.64,a2
based,305.444,
view,304.88,a1
spokesman,304.55,c1
dead,304.395,a1
short,302.663,a2
display,302.053,b1
value,301.207,a2
earnings,300.981,b2
statement,299.625,a2
school,299.192,a1
word,298.784,a1
higher,298.73,
theme,298.56,b1
support,298.037,a1
present,297.997,a1
needs,297.913,
friend,296.498,a1
water,296.439,a1
mother,295.494,a1
lower,294.515,b2
morning,294.268,a1
course,294.056,a1
export,293.635,b2
sex,293.352,a2
food,292.845,a1
someone,292.833,a1
nine,291.856,b1
ass,291.479,b1
order,291.159,a1
room,290.447,a1
eat,290.395,a1
past,290.142,a1
hard,289.657,a1
save,289.217,a2
dry,289.052,b1
plan,288.882,a1
ship,288.334,a2
key,288.166,a2
reported,287.78,c1
father,287.557,a1
together,287.536,a1
broken,287.42,b2
held,287.314,
level,286.964,a1
record,286.958,a1
run,286.755,a1
however,286.733,a1
type,286.103,a2
land,285.857,a2
address,284.989,a2
pay,283.922,a1
getting,283.277,
banks,283.043,
area,282.745,a1
hear,280.123,a1
remember,279.73,a1
public,279.663,a1
third,278.153,a2
become,277.658,a1
recent,276.484,a2
policy,276.316,a2
among,276.09,a1
several,275.972,a1
location,275.891,b1
soon,275.854,a1
special,274.177,a2
car,271.145,a1
load,270.796,b1
size,270.729,a2
sell,270.424,a2
gain,270.41,a2
balance,270.041,b1
door,269.649,a1
behind,269.411,a1
previous,267.953,b1
ended,267.757,
dog,267.563,a2
character,266.673,a2
drink,266.066,a2
perhaps,266.013,a1
longer,265.991,
lost,265.451,b2
add,265.076,a1
term,264.643,a2
firebird,264.598,
yen,264.023,
links,262.684,
investment,262.621,b1
city,262.307,a1
either,261.93,a1
light,260.142,a1
wanted,259.702,
seven,259.075,a2
hot,259.024,a2
extension,258.994,b2
debt,258.99,b1
hands,258.872,
free,258.46,a1
url,256.9,
list,256.894,a2
fact,256.622,a1
result,254.186,a1
yesterday,253.215,b1
case,251.953,a1
wheat,251.792,c1
available,251.674,a2
focus,251.271,a1
running,250.624,b1
middle,249.632,a2
ain,249.299,
wife,249.293,a1
loading,248.982,c1
strong,248.487,a1
body,248.39,a1
able,248.315,a1
screen,247.396,b1
talk,246.769,a1
person,246.142,a1
clear,245.518,a1
announced,245.239,
although,245.158,a1
bottle,244.251,b1
scroll,244.221,c1
coming,242.119,b2
demand,242.07,a2
low,241.858,a1
future,241.585,a1
main,241.576,a2
bring,241.503,a1
isn,240.881,
taken,240.629,
likely,240.518,a2
password,240.117,c1
family,239.828,a1
deficit,239.423,b2
hit,238.702,a1
yeah,238.421,a1
turn,237.822,a1
credit,237.56,a2
closed,237.547,b2
talking,237.41,b2
live,236.656,a1
missing,235.555,b2
central,235.54,b1
general,235.49,a1
eight,235.383,a2
prior,234.71,b1
install,234.552,b2
pretty,234.495,a1
baby,234.112,a1
following,234.07,b1
taking,233.861,
drinking,233.363,b2
average,233.178,a2
below,232.358,a2
gold,231.775,b1
cost,231.699,a1
means,231.59,
meet,230.952,a1
continue,230.456,a1
financial,229.965,a2
web,229.931,b1
king,229.912,a2
palate,229.648,
fire,228.721,a1
near,228.693,a2
control,228.688,a1
leave,228.566,a1
increased,228.432,b2
heart,227.866,a1
unit,226.673,b1
local,226.622,a1
late,226.582,a1
mouse,226.074,b2
gas,225.826,b1
care,225.14,a1
annual,225.112,b1
turned,224.504,
position,224.386,a2
style,223.694,b1
sugar,223.485,b1
date,222.811,a2
gay,222.535,b1
include,222.434,a1
reason,222.105,a1
dividend,222.024,c1
terms,221.482,b1
trading,221.474,b2
hope,221.295,a1
currency,221.134,b2
mind,221.009,a1
power,220.68,a1
effect,220.638,a1
issue,219.728,a1
context,219.702,b1
along,219.693,a1
words,219.448,
kill,219.421,a1
capital,219.121,b1
domestic,218.747,b2
god,218.579,b1
sense,218.042,a1
rest,217.919,a1
bitch,216.38,b1
music,215.724,a1
sidebar,215.302,c1
works,214.878,b1
http,214.176,
appear,213.476,a1
rich,213.468,a2
totally,213.325,b1
reserves,213.205,
acquisition,212.996,c1
deal,212.646,a1
information,212.597,a1
often,212.315,a1
story,211.757,a1
stake,211.016,b2
law,210.666,a1
president,210.369,a1
play,209.908,a1
seem,209.762,a1
surplus,209.425,c1
job,209.369,a1
mom,209.082,a1
forward,208.656,a2
guess,208.395,a1
tender,208.182,c1
owned,207.492,
firm,207.158,b1
merger,207.15,c1
true,206.48,a1
costs,206.456,
felt,206.402,
hold,205.228,a1
sold,204.922,
kid,204.731,a1
income,204.463,b1
war,203.895,a1
service,203.798,a1
child,203.63,a1
toward,203.356,a2
sometimes,202.867,a1
sort,202.79,a2
outstanding,202.756,c1
return,202.636,a2
background,201.551,b1
economy,201.546,a2
hair,201.322,a2
matter,201.313,a1
data,201.276,a2
print,200.092,b1
allow,199.792,a1
minutes,199.397,
previously,198.83,b1
according,198.793,a2
amount,198.133,a2
marks,198.009,
development,197.313,a2
gone,197.209,
account,196.727,a2
moment,196.315,a1
understand,196.25,a1
import,196.074,b2
single,196.042,a2
outside,195.807,a1
slightly,195.513,b1
output,195.231,b2
actually,195.154,a1
round,194.951,b1
fiscal,194.643,b2
holding,194.625,b2
read,194.269,a1
sound,193.892,a1
death,193.882,a1
subject,193.707,a2
properly,193.29,b2
mine,193.271,a2
inside,192.284,a1
question,192.128,a1
front,191.839,a1
chairman,191.765,b2
private,191.693,a2
profile,191.518,b2
supply,191.384,b1
class,191.282,a1
subsidiary,191.216,
assets,191.161,
complete,191.095,a2
source,191.061,a2
nor,189.807,b1
coffee,189.265,b1
book,189.091,a1
ask,188.786,a1
important,188.643,a1
party,188.604,a1
talks,188.447,
voice,188.344,a1
fat,188.297,b1
management,187.285,b1
finish,186.973,a2
fun,186.426,a2
basis,185.982,b1
application,185.874,b1
walk,185.744,a1
message,185.485,a2
selected,183.807,c1
known,183.334,b2
age,182.758,a1
closing,182.386,b2
across,182.127,a1
crude,182.119,c1
hours,181.455,
sent,181.179,
sea,181.018,a2
length,180.974,b1
international,180.388,a2
letter,180.303,a2
stand,180.176,a1
needed,179.848,
figure,179.824,a1
operating,179.398,b2
purchase,179.315,b1
stuff,178.698,a2
user,178.472,b1
mouth,178.338,a2
stay,177.818,a1
nil,177.357,
watch,177.117,a1
table,176.948,a1
hate,176.789,a2
alone,176.583,a1
wish,176.44,a2
multiple,176.427,b1
startup,176.01,
industrial,175.987,b2
slow,175.711,a2
idea,174.704,a1
item,174.216,a2
enter,173.801,a2
bid,173.561,b2
lovely,173.451,b2
human,173.276,a1
received,173.214,
expect,173.039,a1
air,172.557,a1
paid,172.146,c1
brother,171.832,a1
version,171.695,a2
immediately,171.652,b1
worth,171.648,a2
corn,171.529,b2
earth,170.348,a2
hundred,169.671,a2
poor,169.298,a2
social,168.964,a1
dude,168.78,b2
wait,167.691,a1
final,167.595,a2
personal,167.339,a2
living,166.299,a2
sorry,166.247,a1
please,165.992,a1
bill,165.859,a2
completed,165.596,
blood,164.153,a2
news,163.507,a1
completely,163.42,a2
situation,163.412,a2
split,163.405,b1
effective,162.676,b1
provide,161.463,a1
red,161.388,a2
thinking,161.263,b1
de,161.231,
empty,160.917,b1
acquire,160.791,b2
building,160.719,a2
saved,160.674,
beginning,160.281,b1
easy,160.252,a1
picture,159.687,a1
showing,159.395,
proposal,158.487,b2
ten,158.455,a2
speak,158.308,a1
status,158.275,b1
street,158.194,a1
grain,157.915,b2
die,157.429,a1
sweet,157.401,a2
phone,157.062,a1
budget,156.944,b1
correctly,156.703,b2
tried,156.586,
phoenix,156.235,
maybe,156.18,a1
sister,155.762,a2
study,155.563,a1
raised,155.241,
weight,155.082,a2
forecast,155.011,b2
remove,154.884,a2
decision,154.724,a2
except,154.541,a2
similar,153.388,a2
target,153.246,a2
lead,153.222,a1
ready,153.202,a2
complex,152.925,b1
ground,152.516,a2
paper,152.475,a2
force,152.468,a1
example,152.214,a2
happy,152.083,a1
content,151.958,a2
fourth,151.776,b1
chief,151.69,a2
funds,151.604,
conditions,151.278,
loan,151.167,b1
tonight,151.034,a2
therefore,151.024,b1
cold,150.777,a2
pass,150.627,a1
married,150.394,b1
remain,150.159,a2
office,149.639,a1
national,149.617,a1
stops,149.495,
eye,148.944,a1
crazy,148.862,a2
farm,148.732,b1
entire,148.631,a2
base,147.661,a1
range,147.628,a2
services,147.55,
space,147.096,a2
acquired,146.969,
giving,146.932,
break,146.803,a1
barrels,146.523,
performance,146.063,a2
noted,145.999,
drunk,145.317,b2
input,144.822,b2
decline,144.644,b1
changed,144.549,
decided,144.523,
continued,144.489,b2
blank,144.485,b2
neither,144.209,b1
hour,144.103,a1
additional,143.53,b1
plant,143.272,a2
hell,141.901,a2
wheel,141.9,b1
pressure,141.803,a2
tourist,141.664,b2
recently,141.613,a2
charge,141.589,a2
sign,141.407,a1
standing,140.932,b2
reduce,140.891,a2
art,140.598,a2
bed,140.379,a2
led,140.376,
kept,140.167,
product,139.865,a2
profits,139.639,
heavy,139.55,b1
moving,139.406,b2
fresh,139.363,b1
natural,139.252,a2
attractive,139.208,b2
dark,139.098,a2
serious,138.988,a2
director,138.97,a2
political,138.848,a2
necessary,138.74,b1
selling,138.246,c1
nearly,138.07,a2
simple,138.05,a2
unless,137.886,a2
process,137.72,a1
member,137.244,a1
directory,137.142,c1
crop,136.316,b2
losses,135.89,
property,135.816,b1
raise,135.196,a2
couple,134.839,a1
send,134.736,a1
adjusted,134.565,
barrel,134.332,b2
act,134.256,a1
relationship,133.77,a2
starting,133.721,b2
o,133.448,
scene,133.217,a2
approval,132.977,b2
proxy,132.805,c1
fields,132.758,
whatever,132.548,a2
required,132.204,c1
quality,132.153,a2
beautiful,131.861,a2
difficult,131.677,a2
wearing,131.562,
comment,131.528,a2
www,131.177,
offering,131.105,c1
normal,131.018,b1
attention,130.965,a2
chest,130.937,b1
floor,130.597,a2
latest,130.456,
accept,130.288,a2
answer,129.832,a1
season,129.812,a2
funny,129.723,a2
department,129.56,a2
inflation,129.314,b2
daughter,129.262,a2
interesting,129.175,a2
press,129.09,a2
okay,128.939,a1
fixed,128.849,c1
especially,128.821,a2
written,128.742,b2
function,128.7,b1
various,128.4,b1
session,128.172,b1
contract,128.162,b1
attempt,128.122,a2
sitting,128.109,c1
seek,127.91,a2
currently,127.888,b1
green,127.747,a2
despite,127.604,a2
drag,127.592,b1
access,127.555,a2
color,127.533,a2
select,127.393,b1
approved,126.722,
crew,126.607,b1
glass,126.544,a2
haven,126.381,c1
related,126.282,b2
particularly,126.039,b1
keyboard,125.955,c1
html,124.815,
tomorrow,124.586,a2
thus,124.41,b1
setting,124.282,b1
buying,124.255,c1
fight,123.92,a1
stupid,123.823,b1
respect,123.795,a2
moved,123.652,
addition,123.262,b1
vintage,123.095,b2
intervention,123.07,b2
walking,123.012,b2
beyond,122.862,a2
sleep,122.733,a2
request,122.657,b1
conference,122.508,b1
supposed,122.277,a2
connection,122.066,b1
command,121.99,b1
fear,121.979,a2
particular,121.96,a2
consider,121.908,a1
greater,121.529,
none,121.406,a2
husband,121.369,a2
fast,121.279,a2
acidity,121.162,
twice,120.848,b1
security,120.74,a2
stocks,120.735,
specific,120.683,b1
straight,120.463,a2
visit,120.453,a2
rising,120.351,b2
test,120.343,a1
executive,120.293,b1
modern,120.16,b1
update,120.143,b1
growing,120.135,b1
smell,120.04,b1
singing,119.909,c1
toned,119.893,
nicely,119.882,c1
chance,119.854,a1
tree,119.817,a2
suit,119.755,b1
church,119.453,a2
transaction,119.14,b2
write,118.775,a1
evil,118.524,b1
indeed,118.36,b1
ahead,118.003,a2
forth,117.963,b1
basic,117.926,b1
sit,117.582,a1
included,117.557,
mark,117.467,b1
store,117.073,a2
fully,116.942,b1
cool,116.794,a2
document,116.746,b1
reach,116.638,a1
remains,116.51,c1
summer,116.192,a2
double,115.877,b1
equipment,115.737,b1
court,115.709,a2
ending,115.689,b2
sector,115.639,b2
active,115.63,b1
receive,115.606,a2
huge,115.537,a2
waiting,115.349,b2
fit,115.347,a2
yes,115.329,a1
telling,115.295,c1
create,114.978,a1
thousand,114.932,a2
college,114.785,a1
individual,114.779,a2
step,114.711,a1
meat,114.689,b1
soft,114.115,b1
role,114.033,a2
anymore,113.857,b1
sir,113.824,a2
shortcut,113.703,c1
preferred,113.656,c1
preview,113.573,c1
release,113.161,a2
port,113.136,b2
playing,112.957,c1
bag,112.925,a2
deep,112.902,a2
existing,112.885,b2
shirt,112.79,b1
signed,112.485,
consumer,112.39,b1
reading,112.347,b1
wear,112.226,a1
suddenly,112.147,b1
bottom,112.064,a2
leading,111.549,b2
town,111.353,a2
involved,111.343,b1
reduced,111.227,c1
original,111.093,a2
experience,111.092,a1
values,110.806,
former,110.751,a2
driver,110.692,b1
dad,110.5,a2
producer,110.358,b2
ways,110.341,
index,110.268,b2
website,110.117,b1
administration,109.922,b1
soul,109.887,b1
energy,109.854,a2
quickly,109.587,a2
accord,109.587,c1
extraordinary,109.417,b2
disabled,109.353,c1
changing,109.157,b2
committee,109.115,b1
stopped,109.11,
spirit,108.703,b1
deck,108.476,b2
revised,108.259,
planned,108.216,c1
strength,108.024,b1
shot,107.956,a2
payment,107.623,b2
bus,107.601,b1
clean,107.557,a2
direction,107.515,a2
seeing,107.505,b2
taste,107.434,b1
extra,107.322,b1
launch,107.158,b1
cast,107.133,b1
details,107.001,
response,106.908,a2
seeking,106.895,
title,106.868,b1
mode,106.754,b2
boom,106.626,b2
hang,106.612,a2
happen,106.569,a1
installing,106.321,
pants,106.205,
takeover,106.084,
warning,106.027,b1
difference,105.796,a2
analyst,105.734,b2
failure,105.7,b1
pact,105.618,
considered,105.552,
trouble,105.483,a2
ability,105.455,a2
mad,105.421,b1
born,105.351,b1
pregnant,105.34,b1
bug,105.248,b2
certainly,105.232,a2
balanced,104.985,c1
begin,104.921,a1
girlfriend,104.911,b2
stage,104.631,a2
feeling,104.44,a2
usually,104.338,a2
evening,104.227,b1
external,104.105,b2
expand,103.788,b1
effort,103.747,a2
pure,103.321,b2
federal,103.258,a2
gross,103.144,b2
cover,102.945,a1
boyfriend,102.919,b2
nature,102.88,a2
anyway,102.788,a2
note,102.699,a1
game,102.668,a1
improve,102.559,b1
impact,102.467,a2
dick,102.356,c1
shut,101.822,b1
entry,101.615,b2
officer,101.519,a2
finally,101.516,a1
selection,101.436,b2
steps,101.172,
computer,100.95,a2
joint,100.577,b1
lose,100.547,a1
copy,100.512,b1
strike,100.347,a2
initial,100.245,b1
sword,100.24,b2
progress,100.186,b1
winter,100.102,b1
afraid,100.083,a2
directly,100.016,b1
intense,99.9699,b2
buffer,99.9356,c1
sharp,99.8849,b1
student,99.8643,a1
capacity,99.8637,b2
pussy,99.8044,c1
series,99.7933,a2
horse,99.7624,b1
unable,99.6721,b2
elegant,99.4996,c1
daily,99.3516,b1
check,99.3483,a1
weekend,98.7998,b1
tonne,98.7795,
million,98.7333,a1
block,98.6742,a2
watching,98.5905,
quota,98.2172,
truth,98.1542,a2
military,98.1264,a2
dinner,98.095,a2
parts,98.0236,
follow,97.5251,a1
pick,97.5156,a1
song,97.4745,a2
language,97.4673,a2
carry,97.2028,a2
spot,97.1738,a2
wall,97.1732,a2
wood,97.1647,b1
simply,97.0265,a2
mature,96.9436,b2
onto,96.8235,b1
mineral,96.776,c1
mail,96.5982,b1
manner,96.5056,b1
discontinued,96.4649,
auto,96.3724,b2
strange,96.2723,b1
lay,96.1405,a2
leaving,96.1181,
declared,96.0596,
piece,96.056,a2
operation,96.0145,b1
remaining,95.8336,b2
event,95.7604,a2
prepared,95.7549,c1
tons,95.7523,
eating,95.6062,b2
cent,95.5138,b2
doctor,95.3892,a2
code,95.2476,b1
volume,95.1904,b2
flash,95.1321,b1
monetary,95.0547,c1
exactly,94.8041,a2
throw,94.7405,a2
nation,94.7376,a2
division,94.7096,b1
purpose,94.5295,a2
warm,94.5075,a2
interested,94.4569,b1
names,94.3809,
produce,94.255,a2
effects,94.2308,
loaded,94.1806,c1
broke,94.0749,c1
sat,93.9934,
commercial,93.8726,b1
corner,93.7328,b1
fairly,93.7242,b2
police,93.6704,a2
pound,93.5197,b1
generally,93.4488,b1
marketing,93.4456,b2
sight,93.4267,b1
concern,93.4143,a2
primary,93.0014,b1
built,92.9928,
material,92.9663,a2
weird,92.9027,b1
senior,92.6802,b1
respectively,92.6311,c1
weather,92.6194,b1
attack,92.5482,a2
pause,92.4533,b2
pull,92.4526,a1
throughout,92.3646,b1
substantial,92.0829,b2
distribution,92.0105,b2
pop,91.9589,b1
possibly,91.8474,b1
subway,91.7115,c1
clothes,91.6653,b1
removed,91.5763,
asking,91.4378,
increasing,91.4343,b2
fair,91.4025,b1
limited,91.3833,b2
banking,91.3179,c1
disable,91.0625,
plus,90.9116,b1
road,90.8786,a2
choose,90.8137,a2
spending,90.7059,b2
nigga,90.7016,
trust,90.6481,a2
potential,90.5389,a2
feed,90.5341,a2
accepted,90.5267,c1
falling,90.231,c1
self,90.2302,b1
edge,90.0694,b1
larger,90.0567,
doubt,89.9377,b1
wide,89.8954,a2
placed,89.8684,
customer,89.6808,b1
calling,89.6491,c1
male,89.5407,b1
till,89.4763,b1
credits,88.9077,
financing,88.8612,c1
agency,88.8422,a2
audience,88.838,b1
medium,88.8307,b2
cursor,88.7649,
preference,88.6543,b2
measure,88.3037,a2
installation,88.2585,c1
peace,88.1246,b1
e,88.0645,
payable,88.0446,
unchanged,87.7593,
dress,87.6287,a2
arm,87.6025,a1
beach,87.4262,b1
significant,87.2909,a2
female,87.2753,a2
visible,87.2197,b2
hat,87.1979,b1
switch,87.0717,b1
spare,87.0352,b2
standard,86.964,a2
twenty,86.8941,b2
center,86.8167,a1
review,86.699,a2
worry,86.6326,a2
switching,86.6144,c1
drive,86.5919,a1
pleasant,86.5653,b2
memory,86.5464,a2
finished,86.5136,c1
chrome,86.4651,
research,86.4349,a1
quiet,86.3642,b1
n,86.3421,
seriously,86.2214,b1
blue,86.1778,a2
seat,86.1167,a2
project,85.9102,a2
legs,85.8791,
prevent,85.8553,b1
played,85.827,
numbers,85.8242,
rock,85.7985,a2
steel,85.7374,b2
stick,85.5622,a2
loads,85.5234,
cute,85.398,b2
foot,85.2967,a1
ugly,85.284,b2
string,84.919,b1
excellent,84.9051,b1
grow,84.895,a1
minute,84.878,a1
lots,84.8173,b1
colour,84.8033,
evidence,84.699,a2
brown,84.5507,b1
beef,84.5411,b2
card,84.5105,a2
letters,84.3782,
reduction,84.2872,b2
union,84.2772,b1
filled,84.2378,
finance,84.2178,b2
fail,84.1101,a2
station,83.991,a2
plot,83.8983,b1
clearly,83.8377,a2
submit,83.6529,b2
covered,83.6056,
browsing,83.5305,
sun,83.4636,a2
minimum,83.417,b2
wonder,83.1884,a2
easily,82.8997,b1
acting,82.6255,c1
laid,82.6206,
concerned,82.6118,b1
bond,82.6025,b1
continuing,82.4056,c1
scheduled,82.2049,c1
star,82.2041,a2
community,82.0169,a1
estimate,81.9613,b1
hurt,81.9396,a2
successful,81.9285,b1
improved,81.8947,c1
imported,81.8097,
principle,81.7896,b1
em,81.7667,
honey,81.7401,b1
older,81.722,
tag,81.7054,b2
cookie,81.6354,b2
mid,81.5426,c1
falls,81.4622,
sharply,81.4162,c1
path,81.3637,b1
cocoa,81.32,
direct,81.0937,a2
filing,80.9955,c1
flat,80.9927,b1
mainly,80.9547,b2
witch,80.9349,b2
activity,80.9265,a2
elements,80.8821,
learn,80.8303,a1
quick,80.8296,a2
aid,80.7506,b1
choice,80.6006,a2
silver,80.4511,b2
worse,80.4189,
structure,80.3319,b1
script,80.3285,b2
ice,80.2748,b1
tall,80.0885,b1
battle,80.0037,b1
rain,79.9633,b1
spend,79.9375,a1
master,79.8418,a2
society,79.8392,a2
secure,79.7104,b1
perfect,79.7017,a2
lack,79.6654,a2
jar,79.4663,b2
provision,79.3883,b2
feature,79.3803,a2
post,79.3664,a1
reflect,79.3615,b1
slowly,79.2632,b1
alert,79.1007,b2
serve,79.0521,a1
spring,79.0447,a2
teeth,78.997,
y,78.9176,
regular,78.6199,b1
spent,78.4942,
knowledge,78.2068,a2
object,78.135,b1
developed,78.0593,c1
radio,78.0561,b1
speed,78.0468,b1
rice,77.9375,b2
automatically,77.9099,b2
delivery,77.8071,b2
crack,77.7434,b1
teen,77.7189,b2
limit,77.6852,a2
determined,77.6471,c1
agree,77.6158,a2
honest,77.5941,b1
beat,77.5172,a2
server,77.4332,b2
lie,77.3488,a2
equal,77.2508,b1
restart,77.2285,
method,77.1396,b1
afternoon,77.1055,b1
captain,77.0953,b1
boat,77.0928,b1
package,77.008,b1
surface,76.8213,b1
bright,76.8143,b1
smoke,76.7977,b1
century,76.7924,a2
smaller,76.7834,
interview,76.7744,a2
section,76.6513,a2
sheet,76.4298,b1
wind,76.34,a2
dirty,76.2917,b1
arrow,76.2625,c1
pee,76.1215,b2
incorrectly,76.0525,
cross,76.0263,a2
forced,76.0096,c1
construction,75.8314,b1
faith,75.7334,b1
classic,75.72,b1
delete,75.6632,c1
webpage,75.5446,
separate,75.4809,b1
exploration,75.4659,c1
minister,75.2185,b1
condition,75.0633,a2
blow,74.9096,a2
ride,74.7674,a2
influence,74.7125,b1
rendering,74.676,
formed,74.6668,
maintain,74.4644,b1
impossible,74.3046,b1
enjoy,74.3041,a2
river,74.2336,a2
band,74.2177,b1
discount,74.1052,b2
incorrect,74.0909,c1
depth,73.9739,b2
java,73.9464,
handle,73.7938,a2
risk,73.7149,a2
clop,73.656,
customize,73.656,
arms,73.5747,
ripe,73.3757,c1
thanks,73.2844,a1
nobody,73.2742,a2
network,72.7555,a2
waters,72.6463,
stuck,72.5059,c1
ordinary,72.5039,b2
skin,72.4977,a2
disclosed,72.2883,
shift,72.2659,b1
bars,72.2154,
dear,72.1053,b1
partly,72.08,b2
enable,72.0114,b2
extended,71.8448,c1
behavior,71.8313,a2
famous,71.7547,b1
join,71.7492,a2
approach,71.7405,a2
highly,71.6031,b1
bread,71.5509,b2
machine,71.5274,a2
worst,71.3798,
proper,71.2974,b1
equity,71.2379,b2
frame,71.2239,b1
prime,71.0705,b1
distance,71.0571,b1
vagina,70.8946,
understanding,70.8668,b1
avoid,70.8016,a2
cattle,70.5384,c1
cache,70.5282,
thereof,70.4817,
stability,70.4744,b2
reserve,70.409,b1
fish,70.3124,a2
health,70.2564,a1
percentage,70.2346,b1
prompt,70.1642,b2
thin,70.1607,b1
bear,70.1221,a2
movement,69.9754,a2
television,69.9131,b1
drinkable,69.8788,
homepage,69.8788,
bridge,69.8314,b1
ball,69.7456,a2
bathroom,69.6901,b1
opportunity,69.6654,a2
handling,69.6377,c1
heaven,69.6244,b1
broad,69.5882,b1
positive,69.5702,a2
blocked,69.5348,
apparently,69.4506,b1
affected,69.407,
disappear,69.3757,b1
presence,69.3262,b1
conversation,69.295,a2
newspaper,69.1499,b1
designed,69.1396,
staff,69.0681,b1
boost,69.0464,b2
sick,69.0288,b1
tea,69.0215,b1
assistance,68.9058,b2
writing,68.7937,b1
otherwise,68.7639,b1
possibility,68.7205,b1
entirely,68.6656,b1
whale,68.6654,c1
platform,68.6603,b2
described,68.6316,
grade,68.4276,b1
viewing,68.3266,c1
panel,68.2937,b1
overall,68.2843,b1
glad,68.2478,b1
benefit,68.2223,a2
sought,68.0493,
google,67.9901,c1
gun,67.934,a2
vice,67.9307,b2
saving,67.9221,b2
palm,67.8955,b2
certificate,67.83,c1
spread,67.8136,b1
south,67.7079,a2
speaking,67.6215,b2
blocking,67.513,c1
swear,67.4975,b2
cutting,67.4896,c1
pleasure,67.4691,b1
favorite,67.4437,a2
blind,67.4356,b1
leg,67.4088,a2
apartment,67.3939,b1
opinion,67.2168,b1
hardly,67.1811,b1
notice,67.1639,a2
odd,67.1361,b2
venture,67.0105,b2
negative,67.0059,b1
disk,66.9924,c1
established,66.9655,c1
advanced,66.8849,b2
immediate,66.7314,b2
exception,66.5653,b2
shareholder,66.5643,c1
row,66.5326,b1
soybean,66.4888,
exist,66.4162,a2
neck,66.4095,b1
flow,66.3279,b1
usage,66.254,c1
branch,66.1843,b1
stone,66.1766,b1
somewhat,66.1654,b1
suppose,66.0656,b1
consumption,66.0552,b2
insurance,66.046,b1
technical,66.0177,b2
extremely,65.9739,b1
majority,65.9065,b1
require,65.8396,a2
dream,65.8166,a2
tight,65.6636,b1
slight,65.6396,b2
cheap,65.5579,b1
surprise,65.5173,b1
instance,65.4497,b2
reaction,65.4397,b1
laws,65.431,
worker,65.3751,a2
rejected,65.3524,
expansion,65.2786,b2
usual,65.2668,b1
concentrated,65.2542,
competition,65.2507,b1
penis,65.1744,c1
imagine,65.1618,a2
degree,65.0763,a2
listen,65.0601,a1
willing,64.9407,b1
random,64.9232,b2
entering,64.9154,
temporary,64.8881,b2
region,64.8466,b1
undisclosed,64.8374,
turning,64.6771,c1
silence,64.6673,b1
obviously,64.5809,b1
complexity,64.5677,b2
comedy,64.5612,b2
draw,64.549,a2
religious,64.4921,b1
co,64.478,
education,64.3504,a2
keeping,64.2268,c1
damn,64.1229,b1
developing,64.0561,b2
merely,63.9183,b2
vote,63.8954,a2
quit,63.8864,b1
monkey,63.8235,b2
lesbian,63.8146,b2
decent,63.7625,b2
ct,63.7491,
extent,63.6434,b2
correct,63.6273,b1
oak,63.4711,b2
actual,63.4188,b1
realized,63.3844,
largely,63.3812,b2
respond,63.3581,a2
hearing,63.3285,b2
behold,63.2151,c1
dance,63.183,a2
putting,63.1815,
monitor,63.1648,b1
meaning,63.1493,b1
navigation,63.0561,c1
animal,63.0012,a2
escape,62.7951,b1
asshole,62.757,b2
success,62.6904,a2
estate,62.6366,b2
discuss,62.6128,a2
info,62.6127,c1
east,62.557,a2
improvement,62.5137,b2
hospital,62.4797,a2
reference,62.433,b1
announcement,62.4124,b2
north,62.4027,a2
shipping,62.2955,c1
marriage,62.2949,a2
priest,62.2398,b2
remote,62.2394,b2
diluted,62.187,
jail,62.115,b1
decide,61.9091,a1
forget,61.9053,a2
secret,61.9015,a2
square,61.8413,b1
copper,61.8011,c1
cotton,61.7501,b2
hotel,61.7494,b1
combined,61.6591,c1
ignored,61.5918,
defense,61.5785,a2
snow,61.5669,b1
naked,61.5278,b2
freedom,61.4956,b1
slim,61.4139,b2
leaders,61.3956,
outlook,61.3583,c1
checked,61.3251,
suck,61.3204,b1
visiting,61.254,c1
obvious,61.2482,b1
owner,61.1978,b1
dealer,61.1574,b2
fault,61.1542,b1
speech,61.1444,b1
team,61.119,a1
hidden,61.1121,c1
agricultural,61.0942,c1
cage,61.0646,b2
match,60.9528,b1
hipster,60.9184,
acres,60.6877,
smile,60.6782,a2
council,60.6731,b1
weed,60.6368,b2
plane,60.6342,b1
element,60.565,b1
legislation,60.5524,b2
intensity,60.5378,b2
meal,60.5315,b1
shoes,60.4975,
listed,60.4085,
peak,60.3729,b2
beer,60.3604,b1
concentration,60.3417,b2
raw,60.3365,b2
pipeline,60.3213,c1
ministry,60.312,b2
resolution,60.2739,b2
relatively,60.2124,b1
lending,60.1899,
refresh,60.1772,
lawyer,60.0776,b1
circumstances,60.0616,
chicken,60.0433,b1
render,60.039,b2
terrible,59.9332,b1
employee,59.7402,b1
flesh,59.7366,b2
homeless,59.7295,b2
provisions,59.7236,
chosen,59.621,c1
tongue,59.5522,b2
earned,59.4226,
shipment,59.2806,c1
behaviour,59.2292,
brain,59.1813,a2
learned,59.0488,
wedding,59.0329,b1
repurchase,59.0153,
sing,58.981,a2
develop,58.979,a2
win,58.963,a1
catch,58.9379,a1
aged,58.8955,
yellow,58.8611,b1
island,58.8281,a2
smoker,58.8067,c1
equivalent,58.7672,b2
holy,58.724,b1
crisis,58.6201,b1
applied,58.6157,c1
chocolate,58.5622,b2
completion,58.5597,c1
defined,58.5232,
tone,58.5214,b1
club,58.5101,a2
spoke,58.4889,
science,58.4782,a2
push,58.4675,a2
hole,58.4116,b1
expensive,58.3505,b1
smart,58.242,b1
loved,58.2023,c1
bound,58.1864,b2
miss,58.1822,a1
reflected,58.0653,
marked,58.0133,c1
shoot,57.994,a2
dispute,57.9431,b2
independent,57.9082,b1
orange,57.8921,b1
investor,57.8239,b2
fake,57.8136,b2
maximum,57.7867,b2
liquidity,57.7278,
seasonally,57.7228,
appropriate,57.6924,b1
training,57.602,a2
wild,57.5489,b1
latter,57.5265,b2
alive,57.502,b1
technology,57.4953,a2
drawn,57.4933,
paying,57.4822,
danger,57.4611,b1
rule,57.3222,a2
authority,57.2369,b1
grown,57.2018,c1
principal,57.1249,b1
guard,57.1127,b1
aside,57.0843,b1
surprised,57.0337,b1
mumble,56.997,c1
manufacturing,56.9019,b2
posted,56.8449,
toilet,56.8292,b2
fill,56.7487,a2
yield,56.6874,b2
lunch,56.6242,b1
parent,56.6005,a1
medical,56.6002,a2
hanging,56.5576,c1
explain,56.533,a1
liked,56.5317,
sterling,56.4836,
ma,56.4348,
column,56.4107,b2
somebody,56.4005,a2
operate,56.4004,b1
loud,56.3644,b1
dialogue,56.322,b2
jump,56.2086,a2
determine,56.1133,a2
supported,56.0872,
fallen,55.9814,c1
damage,55.876,b1
hide,55.8154,a2
fifty,55.7997,b2
apply,55.7532,a2
video,55.7416,a2
competitive,55.613,b2
crowd,55.5616,b1
finding,55.5311,b1
scale,55.5268,b1
expressed,55.5081,
sake,55.4523,b2
underlying,55.4485,c1
passing,55.4402,b2
weak,55.4272,b1
wet,55.3927,b1
lifted,55.3714,
engine,55.2818,b1
legal,55.243,b1
gentleman,55.19,b2
squeak,55.1789,c1
advantage,55.1738,b1
editor,55.1687,b1
desktop,55.1335,c1
ok,55.127,b1
solid,55.0309,b1
authorities,55.0286,
cream,55.0242,b1
planning,55.0016,b2
relations,54.8694,
cheese,54.8316,b1
counter,54.7954,b2
realize,54.7477,a2
knife,54.7007,b1
hungry,54.6943,b2
unlikely,54.6741,b2
narrow,54.6696,b1
nightly,54.65,c1
offset,54.6412,c1
oh,54.6166,a1
desire,54.6114,b1
sand,54.5006,b2
metal,54.4801,b1
quarterly,54.4713,c1
employed,54.4467,
dragging,54.4434,
pole,54.4301,b2
model,54.2945,a2
roll,54.2907,a2
mention,54.1915,a2
pain,54.1915,a2
duty,54.1603,b1
travel,54.1503,a2
crying,54.1247,c1
calendar,54.0528,c1
border,53.9942,b1
breath,53.8942,b1
partnership,53.8836,b2
commodity,53.8744,c1
exit,53.8513,b2
sin,53.8414,b2
servant,53.7778,b2
agent,53.7411,b1
governor,53.6986,b1
design,53.678,a1
treatment,53.6534,a2
manage,53.6454,a2
cat,53.6297,b1
located,53.5987,
badly,53.525,b2
physical,53.476,a2
ghetto,53.4527,
considerable,53.3446,b2
thank,53.3287,a1
greatest,53.2783,
marry,53.2737,b1
smoking,53.2093,b2
tough,53.1318,b1
confidence,53.0687,b1
flight,53.0438,b1
judgment,52.9821,b2
association,52.9644,b1
core,52.961,b1
traditional,52.9484,b1
reload,52.9293,
x,52.8995,
linux,52.8812,
screaming,52.8803,c1
friendly,52.876,b2
granted,52.8623,
garden,52.8539,b1
ease,52.8371,b2
wholly,52.8362,c1
root,52.8073,b1
revenue,52.7931,b1
tired,52.7781,b1
population,52.7051,a2
silent,52.6685,b2
prison,52.6313,b1
race,52.5761,a2
pressing,52.5155,c1
factor,52.4457,a2
queer,52.4433,
welcome,52.4129,a2
ton,52.3958,
pot,52.3836,b2
combination,52.3602,b1
raising,52.3221,
rubber,52.2037,b2
friendship,52.133,b2
safe,52.082,a2
plain,52.0785,b1
kinda,52.0445,b2
unknown,52.0432,b2
recognize,52.0298,a2
portion,51.9885,b2
moral,51.9503,b1
feelings,51.9245,
concerning,51.8818,b2
recognized,51.7903,
heat,51.7262,a2
drug,51.6545,a2
mostly,51.6157,b1
false,51.5788,b2
fix,51.463,b1
affect,51.4022,b1
attitude,51.3973,b1
bringing,51.3038,
maize,51.3035,
trend,51.288,b1
contents,51.269,
newly,51.2503,b2
reasonable,51.1966,b2
milk,51.073,b1
promise,51.0097,a2
organization,51.0084,a2
stable,50.997,b2
claim,50.9866,a2
drawing,50.985,b2
iron,50.9065,b1
forever,50.883,b1
trial,50.8729,b1
recovery,50.8507,b2
bet,50.8128,b1
corporate,50.7259,b1
fly,50.6975,a2
apparent,50.692,b2
somewhere,50.6476,b1
abroad,50.6166,b2
count,50.6003,a2
transactions,50.5752,
secondary,50.5545,b2
murder,50.5228,b1
transfer,50.5173,b1
pointed,50.4368,
joy,50.4278,b2
freeze,50.427,b2
trip,50.3912,a2
host,50.3491,b1
ex,50.3309,
popular,50.2548,b1
ill,50.2415,c1
favor,50.1942,b1
registered,50.192,c1
excess,50.1838,b2
nuclear,49.9661,b1
lacking,49.9633,
repeated,49.9401,c1
published,49.9246,c1
leader,49.8865,a2
turnover,49.838,c1
birthday,49.799,b1
relief,49.7957,b1
economist,49.7123,b2
unemployment,49.6253,b2
plug,49.6238,b2
cancel,49.6173,b2
c,49.6052,
internal,49.5444,b1
delay,49.5341,b2
controlled,49.4343,c1
twins,49.4175,
glory,49.403,b2
harvest,49.3731,b2
typing,49.3447,c1
candy,49.3281,b2
anywhere,49.2508,b1
motion,49.2265,b2
laugh,49.1738,a2
fellow,49.1593,b1
motherfucker,49.1521,c1
headed,49.1326,
labor,49.1262,b1
charged,49.1254,
telephone,49.1188,b2
devil,49.1173,b2
tannic,49.104,
thirty,49.0684,b2
hurry,49.026,b1
fragrant,49.0033,
voting,48.9878,b2
brave,48.9062,b2
collapse,48.8477,b2
intent,48.7502,b2
coconut,48.7201,c1
intended,48.6547,
moderate,48.5607,b2
fuel,48.5567,b1
camera,48.5524,a2
steady,48.4308,b2
everywhere,48.2823,b1
rope,48.2761,b2
specified,48.2631,
bigger,48.2376,
cry,48.2327,a2
temperature,48.211,b1
delicious,48.0933,b2
dramatic,48.0903,b2
edit,48.0847,b2
chemical,48.0265,b1
partner,47.8429,a2
partially,47.8399,c1
resolved,47.8223,
engaged,47.8205,c1
restore,47.7749,b2
substantially,47.7566,c1
shortage,47.7367,c1
professional,47.7062,a2
email,47.6192,b1
busy,47.5535,b1
basically,47.498,b1
bare,47.4869,b2
shape,47.4693,a2
restaurant,47.4678,b1
monthly,47.4589,b2
lock,47.4223,b1
hall,47.3843,b1
settlement,47.3766,b2
pressed,47.3368,
filename,47.2859,
f,47.2785,
fruity,47.2634,
approximately,47.2259,b2
wonderful,47.1884,b1
bunch,47.16,b1
sleeping,47.1355,b2
park,47.1236,a2
corporation,47.0702,b2
evident,47.0474,c1
proved,46.9959,
responsible,46.9926,b1
fighting,46.9786,b2
dirt,46.9701,b2
somehow,46.894,b1
kiss,46.879,b1
consideration,46.8658,b2
beside,46.8337,b2
beauty,46.8022,b1
importance,46.7783,b1
enemy,46.7725,b1
dressed,46.7224,
smooth,46.7152,b2
silly,46.7101,b2
pray,46.7032,b1
commission,46.6869,b1
dull,46.6407,b2
definitely,46.6258,b1
pool,46.5899,b1
global,46.5784,b1
destroy,46.5735,b1
dining,46.5494,b2
wage,46.5472,b2
opposed,46.545,c1
joke,46.4983,b1
printing,46.4913,c1
alternative,46.4451,b1
agriculture,46.372,b2
label,46.3542,b1
camp,46.3379,b1
theory,46.3354,b1
fund,46.1974,a2
sky,46.1894,b1
stated,46.1866,
colors,46.1412,
hill,46.112,b1
committed,46.1069,c1
younger,46.1053,
refined,46.0909,c1
originally,46.0747,b2
opposite,46.0483,b1
heavily,46.0327,b2
worried,46.0075,b2
angry,45.9936,b1
bone,45.9444,b1
juice,45.8218,b2
queen,45.8203,b1
spoken,45.7591,
struck,45.7243,
accounting,45.7157,c1
aware,45.7052,b1
driving,45.6825,b2
score,45.6655,a2
truly,45.4833,b1
height,45.4504,b2
advance,45.4468,b1
discussion,45.4267,b1
font,45.4229,
coat,45.422,b2
birth,45.3923,b1
youth,45.3893,b1
pink,45.382,b1
familiar,45.3554,b1
internet,45.3131,b1
bird,45.3089,b1
convertible,45.2891,c1
drilling,45.2817,
regard,45.2766,b1
authorized,45.2595,
coke,45.2271,c1
thrown,45.1893,
west,45.057,a2
thick,44.9556,b1
typical,44.9405,b1
exercise,44.9353,b1
reality,44.9084,a2
anger,44.906,b1
wise,44.8921,b2
upper,44.84,b2
lying,44.8391,
army,44.8066,b1
launching,44.8018,
campaign,44.7993,a2
retail,44.7959,b2
requested,44.7337,
seed,44.7282,b1
overseas,44.7204,b2
register,44.7173,b2
lord,44.7056,b1
hitting,44.6869,
texture,44.5881,c1
wake,44.5818,a2
deliver,44.5591,b1
replace,44.4811,b1
native,44.3828,b1
becoming,44.3612,
waste,44.2999,b1
absolutely,44.2888,b1
suspect,44.2882,b1
modest,44.2644,b2
hint,44.2611,b2
rapidly,44.2527,b2
writer,44.2333,b1
frequently,44.2227,b2
processing,44.2168,c1
judge,44.1926,a2
understood,44.1567,
burn,44.1556,b1
indicate,44.1323,b1
surely,44.1183,b2
nearby,44.0753,b1
pattern,44.0714,b1
regulatory,44.0568,c1
zip,43.9914,c1
savings,43.9677,
refinery,43.9631,
encourage,43.9231,b1
kingdom,43.9136,b2
existence,43.8969,b2
shortly,43.8756,b2
mixed,43.8249,c1
literature,43.8082,b2
ruling,43.7516,b2
excuse,43.7455,b1
eventually,43.7367,b1
returning,43.7158,
protection,43.7098,b1
discovered,43.7,
desk,43.6901,b1
electronic,43.6812,b2
scheme,43.6591,b2
preliminary,43.5746,c1
perfectly,43.5291,b1
percent,43.5072,a1
establish,43.4962,b1
weekly,43.4844,b2
stress,43.4789,b1
appearance,43.4163,b1
express,43.2894,b1
listening,43.2753,c1
calm,43.2567,b1
truck,43.2467,b1
objective,43.2438,b2
carefully,43.2425,b1
religion,43.242,b1
width,43.2133,c1
lift,43.2123,b1
proceeds,43.1551,
joined,43.1525,
career,43.1489,a2
vegetable,43.1459,b2
breaking,43.0751,
settled,43.0323,
resolve,43.006,b2
closely,42.933,b2
pleased,42.8758,b2
symbol,42.8551,b2
barley,42.8101,
variety,42.727,b1
definitive,42.6921,c1
sudden,42.6761,b2
permanent,42.6526,b2
northern,42.6357,b2
wicked,42.6304,c1
contrast,42.5552,b1
breakfast,42.5547,b1
description,42.5537,b2
knowing,42.4859,
requirement,42.467,b1
cop,42.4655,b1
thug,42.4649,c1
brethren,42.424,
rounded,42.4238,
riding,42.3688,
coast,42.3234,b1
ore,42.2879,
butter,42.2836,b2
ordered,42.2393,
shoulder,42.1951,b1
excessive,42.1707,c1
adjustment,42.1637,b2
castle,42.1253,b2
cubic,42.0899,
practice,41.9978,a1
gasoline,41.9804,c1
la,41.9707,
directed,41.9026,
cigarette,41.8837,b2
eggs,41.8792,
treated,41.8722,
valued,41.7838,
violence,41.7771,b1
patch,41.77,b2
teacher,41.7583,a1
attribute,41.7452,b2
intellectual,41.7421,b2
crowded,41.6824,c1
responsibility,41.6813,b1
expression,41.6665,b1
ate,41.6068,
functionality,41.5495,
resize,41.5495,
emotional,41.5429,b1
contain,41.5026,b1
employment,41.5024,b2
depressed,41.4517,c1
reply,41.4481,b1
rush,41.4412,b1
bonus,41.4251,b2
cannibal,41.4076,c1
confirmed,41.3831,
recorded,41.3718,
election,41.3482,a2
brief,41.3426,b1
fiction,41.3294,b2
asleep,41.3152,b2
initially,41.2981,b2
r,41.28,
fan,41.2639,a2
cooperation,41.2606,b2
satisfied,41.2598,c1
goal,41.2544,a2
spirits,41.2488,
deposit,41.2424,b2
village,41.2333,b1
achieve,41.1916,b1
western,41.1728,b1
primarily,41.0726,b2
w,41.0571,
projected,40.9988,
contained,40.9977,
protect,40.9799,a2
healthy,40.9004,b1
southern,40.8923,b1
ring,40.8733,a2
genuine,40.8468,b2
maturity,40.8287,c1
software,40.7785,b1
task,40.7736,b1
underwear,40.7726,c1
exciting,40.7541,b2
faster,40.747,c1
noticed,40.7247,
gate,40.6888,b1
bullshit,40.6264,b2
constant,40.6111,b2
relative,40.6045,b1
destroyed,40.484,
laughing,40.4735,
delayed,40.4671,
liquor,40.3941,c1
privately,40.3511,c1
adopted,40.2978,
congregation,40.2599,c1
fishing,40.2249,b2
virgin,40.1978,b2
ceiling,40.1806,b2
sensitive,40.1744,b2
console,40.1352,c1
extreme,40.1333,b1
expense,40.1259,b2
dust,40.0861,b1
conflict,40.061,b1
convinced,40.0524,b2
equally,40.0413,b2
storage,40.0343,b2
forgotten,40.0089,c1
reducing,40.0049,
mighty,39.9975,b2
drew,39.9932,
disease,39.993,a2
signal,39.9896,b1
implement,39.973,b1
bitter,39.9455,b2
awful,39.9333,b2
comfortable,39.9092,b1
afford,39.895,b1
exclude,39.8799,b2
pair,39.8535,b1
flying,39.825,b2
contact,39.8163,a2
darkness,39.8005,b2
finger,39.7775,b1
fired,39.7386,
justice,39.7264,b1
burnt,39.5844,
apart,39.5495,b1
clock,39.5285,b1
suspended,39.5269,
impressive,39.5213,b2
difficulty,39.4914,b1
paste,39.4114,c1
tin,39.4099,c1
critical,39.3995,b1
wash,39.3527,b1
visual,39.3382,b2
aboard,39.3257,b2
petroleum,39.3195,c1
provisional,39.3181,
domain,39.3054,b2
luck,39.2897,b1
careful,39.2725,b1
overflow,39.2698,c1
patient,39.2445,a2
normally,39.2442,b2
indication,39.2376,b2
suffer,39.2374,b1
speculation,39.2278,c1
musical,39.1961,b2
ranging,39.1916,
analysis,39.1886,b1
occur,39.141,a2
phase,39.1333,b2
threatened,39.1093,
midst,39.1063,c1
ocean,39.0859,b1
loop,39.0685,b2
emergency,39.0623,b1
ridiculous,39.0504,b2
strategy,39.0058,b1
noise,38.9971,b1
powerful,38.9802,b1
g,38.9752,
driven,38.963,
aircraft,38.9467,b2
john,38.9445,
chain,38.9289,b1
formal,38.8959,b2
mass,38.8951,b1
actor,38.83,b1
faced,38.7844,
forest,38.7746,b1
awesome,38.7281,b2
trunk,38.7021,b2
paint,38.6947,b1
killing,38.6875,b2
mining,38.6676,c1
stairs,38.6471,
exceed,38.6396,b2
grass,38.6025,b2
permit,38.5938,b2
device,38.5859,b1
animated,38.5765,c1
covering,38.5417,
dancing,38.5383,c1
clerk,38.5049,c1
upward,38.4129,c1
header,38.3704,
plenty,38.2993,b1
painting,38.2973,b1
attend,38.2866,b1
retaliation,38.2759,
traffic,38.2654,b1
appeal,38.2615,b1
extend,38.2309,b1
lately,38.2213,b2
ratio,38.2107,b2
curious,38.1719,b2
lowered,38.138,
cargo,38.1092,c1
greatly,38.095,b2
severe,38.0644,b2
giant,38.0244,b1
strongly,37.9945,b2
ounce,37.9173,b2
attendant,37.893,c1
resume,37.8353,b2
significantly,37.8091,b2
sexual,37.7942,b1
coal,37.7729,b2
applet,37.7723,
blocker,37.7723,
humor,37.7651,b2
consistent,37.7641,b2
concept,37.733,b1
cancer,37.7151,b1
adequate,37.7143,b2
settle,37.704,b1
coarse,37.7002,
anti,37.6703,
structured,37.631,
expanded,37.6029,c1
porn,37.6007,c1
burning,37.5807,b2
cherry,37.535,c1
stations,37.4939,
leather,37.4823,b2
survey,37.4057,b1
pace,37.3208,b2
client,37.3063,b1
opposition,37.3041,b2
assume,37.2518,a2
pushing,37.2509,
nuts,37.2471,c1
loose,37.2221,b1
appointed,37.1066,
atmosphere,37.0361,b2
twelve,36.9793,b2
crime,36.9193,a2
connected,36.9118,c1
reform,36.8825,b1
excited,36.8662,b2
enjoyable,36.8649,c1
honor,36.8489,b1
personality,36.7894,b2
pizza,36.7809,b2
weakness,36.7579,b2
retarded,36.7476,
chair,36.608,b1
overnight,36.571,b2
dual,36.5612,c1
identified,36.5557,
shop,36.5284,b1
zero,36.5243,b2
represented,36.4874,
repeatedly,36.4822,b2
prove,36.4634,a2
grace,36.4518,b2
proud,36.4142,b1
sad,36.4113,b1
detail,36.3711,a2
essential,36.3577,b1
steal,36.3532,b1
handled,36.283,
planted,36.2582,
machinery,36.2155,c1
missed,36.201,
depend,36.1765,b1
shore,36.1496,b2
observed,36.1466,
kick,36.1176,b1
facing,36.0449,
teach,36.039,a2
conclusion,36.015,b1
horror,35.9919,b2
treasury,35.9784,c1
buyout,35.9772,
pocket,35.9646,b1
safety,35.9384,b1
facility,35.9092,b1
entitled,35.8914,
pale,35.8402,b2
professor,35.808,a2
article,35.777,a2
sufficient,35.7659,b2
valid,35.7499,b2
vendor,35.7402,c1
acreage,35.7258,
formula,35.7253,c1
stranger,35.7199,b2
vast,35.7115,b2
converted,35.7002,
acid,35.6445,b2
risen,35.6254,
floating,35.6054,c1
frozen,35.601,c1
purple,35.5831,b2
sauce,35.5817,b2
moon,35.5614,b1
wave,35.5352,b1
tradition,35.4613,b1
absolute,35.4508,b2
vessel,35.4394,b2
instant,35.4163,b2
negotiate,35.4117,b2
pending,35.4053,c1
dat,35.4053,
ruled,35.4037,
measured,35.3538,
grounds,35.321,
violent,35.3027,b2
swallow,35.27,b2
constantly,35.2658,b2
shopping,35.2538,b2
map,35.2147,b1
ownership,35.2,b2
tool,35.1925,b1
pulling,35.104,
divided,35.095,
horrible,35.0188,b2
statistics,34.9973,b2
alcohol,34.9902,b2
comparison,34.9741,b2
quarters,34.9664,
sub,34.9558,c1
imposed,34.9521,
participation,34.9424,b2
collection,34.9263,b1
notification,34.9216,
minor,34.8879,b2
theater,34.8806,b1
rolling,34.8664,c1
suggest,34.8609,a2
tied,34.7665,
alternate,34.7586,b2
amazing,34.7026,b1
bulk,34.689,b2
gray,34.686,b1
threat,34.6794,b1
magazine,34.676,b1
helping,34.6573,c1
studying,34.6408,
online,34.5944,a2
intention,34.5832,b2
richness,34.5779,
confused,34.5564,c1
gathered,34.5149,
unusual,34.5081,b2
protected,34.5068,c1
dangerous,34.4652,b1
yahoo,34.4277,
downtown,34.3548,b2
rapid,34.3431,b2
maintained,34.3415,
nigger,34.3326,
roof,34.3246,b2
useful,34.3054,b1
authentication,34.2855,
retained,34.2771,
proceed,34.2624,b2
cumulative,34.2593,
accent,34.2345,b2
throne,34.1908,c1
retain,34.1773,b2
dating,34.1532,c1
ho,34.1407,c1
striking,34.1376,c1
stretched,34.0732,
forty,34.0434,c1
dozen,34.0313,b1
kitchen,34.0296,b1
ancient,34.0053,b1
wisdom,34.0033,b2
recommend,33.9906,b1
track,33.9881,a2
carriage,33.9706,c1
environment,33.9512,b1
quest,33.9265,b2
assigned,33.9145,
debate,33.9136,b1
maker,33.8906,b2
mission,33.8243,b1
rent,33.805,b2
electric,33.7896,b2
papers,33.7879,
happening,33.7742,c1
clap,33.7398,c1
secretary,33.6993,b1
unfair,33.6515,c1
cow,33.6376,b2
drama,33.6254,b2
operator,33.5695,b2
guide,33.5607,b1
fifteen,33.5525,b2
lucky,33.5372,b1
aim,33.5283,b1
tiny,33.5191,b1
disappointed,33.5157,b2
ear,33.4108,b1
cab,33.4098,c1
capable,33.3755,b2
football,33.3357,b1
supporting,33.3215,c1
intend,33.3189,b1
raspberry,33.3135,
solution,33.3059,b1
occasion,33.3045,b2
salt,33.3025,b2
spiritual,33.2818,b2
suffering,33.2345,b2
pack,33.2296,b1
tobacco,33.2203,b2
affairs,33.2086,
reflecting,33.1882,
clearing,33.1666,c1
invalid,33.1558,c1
clang,33.1501,
staring,33.0881,
delicate,33.0771,c1
closer,33.0554,
pistol,33.0534,c1
midnight,33.0478,b2
elsewhere,33.0342,b2
custom,33.0285,b2
keen,33.0187,c1
blame,32.9471,b1
engineering,32.919,b2
setup,32.9123,c1
detailed,32.9105,b2
stays,32.86,
headquarters,32.8486,b2
creature,32.8478,b1
mistake,32.8423,a2
editing,32.8413,c1
rolled,32.8215,
reporting,32.8185,b2
burned,32.7679,
vain,32.7636,c1
dare,32.7604,b2
reverse,32.7336,b2
procedure,32.7289,b1
informed,32.7186,c1
exact,32.6904,b2
shame,32.6608,b2
impression,32.6568,b2
obtain,32.601,b1
reserved,32.5915,
anticipated,32.5908,
mere,32.5769,b2
argument,32.5571,b1
improving,32.5517,c1
confident,32.5386,b2
flag,32.5236,b2
apple,32.5193,b1
semiconductor,32.5057,
necessarily,32.5046,b2
widely,32.5028,b2
county,32.4652,b1
vertical,32.4305,c1
touched,32.4168,
slide,32.3904,b1
scientific,32.3529,b1
housing,32.3397,b2
fashion,32.3279,b1
mount,32.3091,b1
unlike,32.294,b1
player,32.2934,a2
increasingly,32.2899,b2
bones,32.2766,
silently,32.2526,c1
mac,32.2507,
stream,32.2499,b1
investigation,32.225,b1
comfort,32.1579,b1
loving,32.1484,c1
worthy,32.1377,b2
conduct,32.1373,b1
leadership,32.1027,b1
cock,32.0858,c1
altar,32.0681,c1
compromise,32.0665,b2
belief,32.0429,b1
clay,32.0401,c1
dying,31.9873,c1
regional,31.9823,b2
vital,31.9771,b2
recover,31.9592,b2
grip,31.9474,b2
entrance,31.926,b2
lowest,31.8993,
contribution,31.8733,b2
binding,31.8641,c1
favour,31.8505,c1
embedded,31.8347,
borrowing,31.8247,
regarding,31.8157,b1
inventory,31.8059,c1
subsidy,31.7991,c1
conservative,31.7991,b1
focused,31.7947,
profitable,31.7458,c1
license,31.7427,b2
decade,31.7314,a2
awkward,31.7211,c1
undefined,31.7129,
gentle,31.6974,b2
elevator,31.695,b2
prefer,31.6635,b1
sum,31.643,b2
assure,31.6365,b2
sacrifice,31.6084,b2
downward,31.5961,c1
mess,31.5954,b1
grave,31.5778,b2
cousin,31.5598,b2
district,31.5343,b1
dealing,31.5338,
wont,31.4997,
cook,31.4636,b1
commitment,31.4614,b1
tension,31.4605,b2
mate,31.3754,b2
idiot,31.3587,b2
passenger,31.3505,b2
blend,31.3359,b2
rough,31.3166,b1
identify,31.29,a2
sending,31.2852,
heading,31.2578,
strawberry,31.2402,c1
electronics,31.2138,c1
gym,31.1833,b2
worldwide,31.1639,b2
floral,31.1597,
personnel,31.1073,b2
novel,31.1066,b1
acts,31.0958,
occasionally,31.0895,b2
textured,31.0872,
confirm,31.073,b1
totaled,31.0674,
skinny,31.0374,c1
piss,31.0339,b2
accident,31.0294,b1
scared,31.0134,b1
bite,30.9625,b1
invisible,30.9477,b2
satisfactory,30.9422,
radiation,30.9132,b2
creamy,30.9089,
sexy,30.8675,b2
mercy,30.8514,b2
university,30.8475,a1
concluded,30.8328,
dwell,30.8157,c1
oxidised,30.7987,
trash,30.7889,b2
studied,30.7571,
ticket,30.7555,b1
cum,30.7467,
chip,30.7454,b1
conductor,30.7382,c1
weapon,30.7317,b1
shower,30.6962,b1
minority,30.6907,b2
maintenance,30.6654,b2
prepare,30.6361,a2
struggle,30.6285,a2
bow,30.6211,b2
assumed,30.6032,
valley,30.5969,b1
romantic,30.5942,b2
learning,30.5818,b1
library,30.5629,b1
hobo,30.5564,
introduction,30.5402,b2
fizz,30.5334,
approve,30.5283,b2
cane,30.5113,c1
cabin,30.4972,b2
pipe,30.4865,b2
burden,30.4628,b2
confirmation,30.4562,c1
contribute,30.4398,b1
afterwards,30.4188,c1
log,30.407,b2
universe,30.3458,b1
performing,30.3353,c1
virtually,30.2904,b2
shadow,30.2887,b1
advice,30.2865,b1
snake,30.2377,b2
offshore,30.2163,c1
butt,30.2148,b2
integration,30.1764,c1
rustic,30.1685,
infinite,30.1641,c1
talent,30.1533,b1
historical,30.1516,b1
intelligent,30.1481,b2
nasty,30.129,b2
passage,30.1218,b2
golden,30.1051,b1
praise,30.1045,b2
wasted,30.1009,c1
dropping,30.0898,
wooden,30.0352,b2
delight,30.0271,b2
cloth,30.0085,c1
describe,29.9686,a2
elaborate,29.9575,b2
affair,29.9568,b1
yelling,29.9315,
baked,29.928,c1
merge,29.8898,c1
inch,29.889,b1
tour,29.8634,b1
sheep,29.849,c1
generation,29.8365,b1
inner,29.7763,b2
philosophy,29.759,b2
sacred,29.7403,b2
rand,29.7344,
mile,29.7343,a2
american,29.7141,a1
beneath,29.6841,b2
disaster,29.6659,b2
franc,29.6403,
asset,29.6247,b2
numerous,29.6166,b2
pointer,29.6039,
handsome,29.5825,b2
subcommittee,29.5649,
cup,29.5365,a2
sail,29.5354,b2
civil,29.4954,b1
spell,29.4808,b2
membership,29.4608,b2
stressed,29.4089,
appearing,29.3724,
representative,29.3666,b1
represent,29.3658,a2
wing,29.2746,b1
disgusting,29.2722,c1
nervous,29.2614,b2
witness,29.2403,b1
imagination,29.1776,b2
stole,29.1093,
eats,29.0919,
shared,29.0347,b2
premium,29.0318,b2
artist,29.028,a2
relation,29.0235,b1
updating,28.9813,
brand,28.9768,b1
spite,28.9609,b2
unique,28.9502,b1
pissed,28.9061,c1
renewed,28.9057,c1
continuous,28.8683,c1
liberal,28.8646,b1
specify,28.8544,c1
aspect,28.8457,b1
pork,28.8387,c1
mood,28.8247,b2
hero,28.7958,b1
configuration,28.7893,c1
stimulate,28.7825,c1
airline,28.7707,b2
stomach,28.7607,b2
expired,28.751,
os,28.7383,
figured,28.7165,
slut,28.7138,
gradually,28.7013,b2
reset,28.6929,
passion,28.6861,b2
dumb,28.6783,b2
liquid,28.6623,b2
initiative,28.6415,b2
viewer,28.6396,b2
quietly,28.6386,b2
trader,28.6112,c1
boards,28.5922,
reaching,28.5081,
absence,28.5078,b2
vision,28.4736,b1
sentiment,28.4548,c1
origin,28.4353,b2
al,28.4246,
er,28.3889,
alt,28.3773,
treat,28.3462,a2
beast,28.3421,b2
drove,28.3418,
escaped,28.3308,
troubled,28.3214,c1
drought,28.3204,c1
arrangement,28.3176,b2
companion,28.3127,b2
poetry,28.295,b2
experienced,28.2923,c1
ignore,28.2789,b1
happiness,28.2591,b2
conscious,28.2425,b2
attorney,28.2233,b1
perform,28.212,b1
boss,28.11,b1
schedule,28.0873,b1
mix,28.0867,b1
impose,28.0665,b2
successfully,28.0522,b2
chips,28.0468,
tar,28.0422,c1
fee,28.0251,b2
pilot,28.0245,b1
wilderness,28.0108,c1
da,28.0091,
terminal,28.0065,b2
caring,27.9871,c1
shook,27.9845,
annoying,27.9674,c1
grand,27.9468,b1
zinc,27.9317,
ft,27.9229,
bin,27.9115,
grab,27.9081,b1
bloody,27.9072,b2
mortgage,27.9,b2
recommendation,27.8915,b2
attached,27.8577,
sequence,27.8316,b2
component,27.8266,b2
spokeswoman,27.82,
b,27.8071,
gift,27.7979,b1
cable,27.7966,b2
massive,27.7922,b1
fate,27.7913,b2
racist,27.7867,b2
exotic,27.7838,c1
advised,27.7759,
optimistic,27.7747,c1
tears,27.7631,
enormous,27.7406,b2
calculated,27.7241,
effectively,27.7135,b2
experiment,27.6287,b1
glasses,27.6151,
automatic,27.6097,c1
precious,27.6089,b2
fed,27.6088,
missile,27.5784,b2
tale,27.5635,b2
handed,27.5433,
searching,27.5424,
creation,27.5056,b2
hostile,27.4751,c1
poet,27.4561,b2
fortune,27.4343,b2
independence,27.4304,b2
savoury,27.4053,
honour,27.3817,
testimony,27.3725,b2
rape,27.3717,b1
neighborhood,27.3692,b1
recall,27.3414,b1
freight,27.324,
distant,27.3142,b2
refreshing,27.3002,c1
grant,27.2946,b1
transport,27.2808,b2
entertainment,27.2592,b2
hollywood,27.2103,
nutty,27.2098,
temporarily,27.2079,c1
protectionist,27.1888,
motor,27.1816,b2
hook,27.1812,b1
oxidation,27.1646,
inconsistent,27.1533,c1
deny,27.1257,b1
l,27.1156,
fifth,27.1122,b2
lad,27.0956,c1
continually,27.0839,c1
arrive,27.0746,a2
helper,27.0735,c1
ideal,27.0647,b2
significance,27.0503,b2
storm,27.0327,b1
hover,27.0131,c1
causing,27.0007,
classy,26.9694,c1
pride,26.9657,b2
expenditure,26.9598,c1
indicator,26.9581,b2
backed,26.9381,
zone,26.9087,b1
defend,26.878,b1
brush,26.853,b2
pension,26.839,b2
gangsta,26.8252,
volatility,26.824,
labour,26.8183,
depreciation,26.8139,
emerge,26.7889,b1
interior,26.776,b2
generous,26.774,b2
promote,26.7675,b1
guest,26.7588,b1
herpes,26.7562,
cabinet,26.746,b2
earn,26.733,b1
magic,26.7278,b1
disappointing,26.7041,c1
poop,26.7034,c1
tend,26.7026,b1
recession,26.6491,c1
illegal,26.6434,b2
crab,26.6384,c1
punch,26.6255,b2
mommy,26.5848,b2
rum,26.5719,c1
ultimately,26.5658,b1
auction,26.5579,b2
fashioned,26.5568,
mountain,26.5427,a2
endless,26.5272,b2
altogether,26.5271,c1
rid,26.5208,b2
fundamental,26.5201,b2
stabilise,26.5095,
rat,26.4797,b2
superior,26.4755,b2
valuable,26.463,b2
separator,26.4406,
longboat,26.4406,
rooms,26.4359,
entity,26.432,b2
pleasantly,26.4306,c1
letting,26.4205,
contrary,26.3981,b2
lb,26.3565,
practical,26.3189,b2
sometime,26.281,b2
bitterness,26.2756,c1
clever,26.2693,c1
throat,26.268,b2
approaching,26.2679,
circle,26.2648,b1
liabilities,26.2393,
cancelled,26.2157,
curb,26.2068,c1
linked,26.2048,
naturally,26.1879,b2
decrease,26.1677,b2
alien,26.1518,b2
boring,26.1502,b2
besides,26.1358,b1
assistant,26.1352,b1
emphasis,26.119,b2
assumption,26.0973,b2
explanation,26.0618,b1
hearts,26.0551,
migration,26.0523,c1
loudly,25.9935,c1
identical,25.9781,c1
wrap,25.9583,b1
strategic,25.9566,b2
unfortunately,25.9411,b1
sessions,25.9367,
ultimate,25.9314,b2
unexpected,25.9115,b2
appreciate,25.8953,b1
uncle,25.8746,b1
rifle,25.8511,b2
protocol,25.84,b2
killer,25.8255,b2
chase,25.8067,b1
strict,25.7973,b2
behalf,25.7849,b2
resist,25.7747,b2
innocent,25.7724,b2
anchor,25.772,b2
sailor,25.7703,c1
confusion,25.7691,b2
sample,25.754,b1
drinker,25.731,
shooting,25.7235,b2
fool,25.7018,b1
knock,25.6508,b1
woods,25.6325,
dependent,25.6318,b2
desired,25.5901,c1
bacon,25.589,c1
troops,25.5889,
interface,25.5676,b2
suggestion,25.5523,b2
buried,25.5479,
semi,25.5184,
literary,25.5107,b2
concentrate,25.4992,b2
manually,25.4714,
h,25.4493,
author,25.4402,a2
shrubbery,25.4065,
appreciation,25.3814,c1
bold,25.3804,b2
burst,25.3622,b2
gather,25.35,b1
armed,25.334,b2
glance,25.3198,b2
beard,25.3192,c1
worship,25.2824,b2
meaty,25.2751,
restricted,25.2719,
identity,25.2615,b1
grandmother,25.232,b2
reorganization,25.2247,
wages,25.1884,
dumping,25.1835,
pit,25.1808,b2
tribe,25.1559,b2
smiling,25.152,c1
van,25.1475,b2
resistance,25.1372,b2
bless,25.129,b2
warrant,25.1182,b2
comparable,25.1079,c1
sweetness,25.1058,c1
considerably,25.0917,c1
eleven,25.0771,c1
observer,25.07,b2
expire,25.0682,c1
egg,25.0477,b1
stretch,25.0438,b1
cards,25.0398,
transparent,25.0235,c1
museum,25.0172,b1
privacy,24.9968,b2
utilization,24.9914,
silky,24.9867,
austere,24.9617,
vegetarian,24.961,c1
mystery,24.9441,b2
vineyard,24.9359,c1
duck,24.9223,b2
barely,24.9067,b1
acquiring,24.8917,
basket,24.8802,b2
protest,24.8714,b1
determination,24.8681,b2
brilliant,24.8168,b2
dominant,24.7971,b2
bench,24.7854,b2
serving,24.7835,c1
ensure,24.777,b1
mast,24.7445,
tire,24.7441,b2
jazz,24.7282,b2
instrument,24.7222,b2
utility,24.7217,b2
forehead,24.7133,c1
roads,24.7119,
cultural,24.7105,b1
farther,24.6941,
discover,24.6847,a2
vacation,24.6699,b1
smelter,24.616,
stabilize,24.6138,c1
encoding,24.6001,
obliged,24.5927,
gorgeous,24.5838,c1
sorted,24.567,
pile,24.5577,b2
cunt,24.552,
yeasty,24.552,
cloud,24.5405,b1
blowing,24.5114,
definition,24.5094,b2
sink,24.5064,b1
dressing,24.4973,c1
terminated,24.4654,
distributed,24.463,
woody,24.4619,
mill,24.4544,b2
removal,24.4519,c1
nominal,24.4501,
raped,24.4461,
angel,24.4087,b1
arts,24.3962,
fancy,24.3947,b2
award,24.3899,b1
conventional,24.3863,b2
arranged,24.3725,
practically,24.3595,b2
rare,24.3431,b1
circulation,24.3244,c1
soil,24.2955,b2
channel,24.292,b1
buyer,24.2824,b2
mounted,24.268,
u,24.2595,
comic,24.2529,b2
examine,24.2484,b1
politics,24.2441,b1
utterly,24.2379,c1
filling,24.2181,c1
firmly,24.218,c1
intelligence,24.2081,b1
culture,24.2077,a2
bedroom,24.2058,b2
temple,24.203,b2
shade,24.1949,b2
shutdown,24.1807,
grey,24.1803,
planting,24.1702,
cleared,24.168,
instruction,24.1675,b1
extensive,24.1529,b2
pirate,24.1256,c1
acceptance,24.1179,b2
stripper,24.1168,
accomplished,24.109,
victory,23.9982,b1
belong,23.9903,b1
invest,23.985,b2
distinct,23.9725,b2
accessible,23.9654,c1
washed,23.9179,
destination,23.9142,b2
disclose,23.9092,c1
detective,23.9015,b2
uncertain,23.8893,c1
lighter,23.8832,c1
communication,23.878,b1
horny,23.8652,
criticism,23.855,b2
reveal,23.8163,b1
rabbit,23.815,b2
spit,23.8133,b2
encouraging,23.8063,c1
refuse,23.7783,b1
touching,23.7645,c1
wound,23.7552,b2
baseball,23.7498,b1
bent,23.7426,
ad,23.7397,b1
brokerage,23.7151,
institution,23.6978,b1
discovery,23.6918,b2
shock,23.6846,b1
inadequate,23.6754,c1
solve,23.6586,b1
textile,23.6467,
challenge,23.6426,a2
sulphur,23.6007,
gap,23.5901,b2
rescue,23.5799,b1
righteousness,23.5781,
tie,23.5764,a2
blonde,23.5588,b2
notion,23.545,b2
shelter,23.5096,b2
pursue,23.4849,b1
genius,23.4765,b2
cake,23.4711,b2
assignment,23.4692,b2
prospect,23.4602,b2
reader,23.4515,b1
transportation,23.4338,b2
hated,23.4334,
strictly,23.399,c1
fried,23.3988,c1
casual,23.3895,c1
crown,23.3862,b2
importing,23.3848,
slower,23.3724,
sixth,23.3541,b2
mutual,23.3392,b2
wings,23.3307,
characteristic,23.3249,b2
bilateral,23.3034,
ashamed,23.2806,c1
sushi,23.2694,
tabernacle,23.268,
persistent,23.2197,c1
shell,23.2124,b2
interpretation,23.184,b2
backwards,23.1761,c1
personally,23.1392,b1
realistic,23.1384,b2
shake,23.1298,a2
kosher,23.0981,
sidewalk,23.095,c1
dated,23.0825,
tv,23.0823,a2
guarantee,23.081,b2
deeply,23.0762,b2
crossed,23.0388,
whore,23.0383,c1
preparation,23.0241,b2
jacket,23.0099,b2
differently,23.0042,b2
forum,22.9893,b2
conscience,22.9721,c1
diarrhea,22.9521,
survive,22.9431,b1
route,22.9376,b1
unity,22.9359,c1
medicine,22.9218,b1
flexible,22.9189,c1
destruction,22.9186,b2
uniform,22.9071,b2
speaker,22.9036,b2
precise,22.8968,c1
separated,22.8765,
category,22.8557,b1
outcome,22.8542,b1
desperate,22.7987,b2
belly,22.7861,b2
unusable,22.782,
p,22.7819,
banana,22.781,c1
journey,22.7735,b1
acceptable,22.764,b2
jury,22.7414,b2
formerly,22.7316,c1
clipboard,22.7115,
bankruptcy,22.7087,c1
belt,22.6841,b2
subsequent,22.6818,b2
anode,22.6801,
cpu,22.6634,
merchandise,22.6265,c1
preserve,22.6169,b2
bearing,22.5763,c1
retirement,22.5761,b2
nowhere,22.5689,b2
lover,22.5578,b2
pricing,22.5465,
fundamentals,22.544,
tail,22.5399,b2
drain,22.5361,b2
fantastic,22.5228,b2
james,22.5127,
spots,22.5107,
simultaneously,22.4935,b2
planet,22.4754,b1
mental,22.4729,b1
alleged,22.4635,c1
holiday,22.4492,b1
remainder,22.4295,c1
sentence,22.423,b1
jack,22.405,c1
coloured,22.4014,
hip,22.3882,b2
disposal,22.3882,c1
wholesale,22.3719,
routine,22.3664,b2
bride,22.3582,c1
faculty,22.3501,b2
announce,22.3414,b1
crap,22.3398,b2
anxiety,22.3023,b2
tariff,22.2812,
pane,22.2807,
poem,22.2771,b2
layout,22.2751,c1
stare,22.2712,b1
cave,22.2676,b2
covenant,22.2612,
promising,22.2579,c1
formation,22.2569,b2
divine,22.253,b2
railroad,22.2203,c1
propose,22.2182,b1
literally,22.2099,b2
province,22.1982,b2
folks,22.1956,
administrative,22.1698,b2
variable,22.1534,b2
interrupted,22.1355,
query,22.1276,c1
dense,22.1194,c1
seasonal,22.1076,c1
cliff,22.103,b2
assured,22.1012,c1
compass,22.0871,c1
rename,22.0852,
uncertainty,22.077,b2
splendid,22.0572,c1
minimize,22.0564,c1
graphic,22.0541,b2
painted,22.0462,
patience,22.0327,b2
banker,22.0073,c1
remarkable,22.0009,b2
accused,22.0004,
strengthen,21.9958,b2
efficiency,21.9932,b2
inactive,21.9846,
bidding,21.9684,
permission,21.9526,b2
introduce,21.9413,b1
gum,21.9275,c1
angle,21.9254,b2
creative,21.9043,b1
lamb,21.8968,c1
acquaintance,21.884,c1
restrained,21.8524,
electrical,21.8462,c1
steadily,21.8346,c1
sized,21.8336,
electricity,21.7993,b2
bomb,21.7831,b1
shortfall,21.7757,
attempted,21.7722,c1
favorable,21.7695,c1
intervene,21.7656,c1
marine,21.7653,b2
static,21.762,c1
roots,21.7616,
volatile,21.76,
randomly,21.7403,c1
businessmen,21.7373,
compete,21.7231,b2
strings,21.713,
poison,21.7124,b2
instantly,21.7122,c1
observe,21.6979,b1
conversion,21.6974,c1
vehicle,21.6968,b1
jungle,21.694,c1
lap,21.6867,b2
furniture,21.6746,b2
establishment,21.6576,b2
surprising,21.6527,b2
pencil,21.6483,c1
compatible,21.6466,c1
tear,21.6425,a2
fart,21.6401,c1
studio,21.6346,b1
tendency,21.6336,b2
hooked,21.6288,
counsel,21.6279,b2
recognition,21.6195,b2
affiliate,21.6043,c1
communications,21.6025,
hence,21.5625,b2
manufacturer,21.5564,b2
admit,21.5532,a2
cooperate,21.5472,c1
navigator,21.5223,
devoted,21.5194,c1
prince,21.5031,b2
modified,21.4994,c1
curiosity,21.4826,c1
lazy,21.4728,c1
organ,21.4719,b2
beloved,21.4674,c1
corresponding,21.4615,c1
morrow,21.4388,
lease,21.4287,c1
teaching,21.4127,b1
mon,21.4017,
broadly,21.3928,c1
conditioned,21.3865,
abandoned,21.3772,c1
nearest,21.3491,
liberty,21.3235,b2
surrounding,21.3176,c1
encouraged,21.3112,
rural,21.3102,b2
urine,21.3056,c1
unavailable,21.3026,
universal,21.2957,b2
shew,21.2937,
academic,21.2504,b1
annually,21.2491,c1
substance,21.2413,b2
charming,21.2166,c1
wallet,21.2025,c1
compile,21.1838,c1
tested,21.1817,
underground,21.1795,b2
elected,21.1619,c1
id,21.1113,
skirt,21.0968,b2
attended,21.0803,
organized,21.0763,c1
wounded,21.0676,c1
precision,21.0627,c1
contemporary,21.0545,b2
criminal,21.0387,b1
absent,21.0188,b2
tuna,21.0151,c1
functional,21.0145,c1
household,21.0052,b2
underneath,21.0008,b2
corruption,21.0004,b2
tip,20.971,b1
nevertheless,20.9694,b2
trick,20.9574,b1
gates,20.9393,
dock,20.936,b2
briefly,20.9358,b2
instructions,20.9228,
parameter,20.9193,c1
crewman,20.919,
disappointment,20.8717,c1
concrete,20.8662,b2
whispering,20.8503,
theatre,20.8474,
multitude,20.8237,c1
amendment,20.8087,b2
alike,20.797,b2
cottage,20.7873,c1
liege,20.7748,
achievement,20.7535,b2
consent,20.7532,b2
widespread,20.7268,b2
summit,20.7113,b2
goat,20.7104,c1
technique,20.6848,b1
repeat,20.6847,b1
bother,20.6748,b1
outer,20.6732,b2
complaint,20.6653,b2
lumber,20.6644,c1
proportion,20.6628,b2
harm,20.6609,b1
eager,20.6541,b2
charm,20.6502,b2
halt,20.6262,b2
hunting,20.6241,b2
dynamic,20.6227,b2
density,20.6226,c1
proof,20.6056,b2
margin,20.5967,b2
forgive,20.5929,b2
anxious,20.5903,c1
outfit,20.5702,b2
graduate,20.57,b1
aluminium,20.5614,
animation,20.5355,c1
flour,20.5251,c1
affecting,20.4987,
beet,20.4798,
strip,20.4758,b1
autumn,20.4546,c1
placement,20.449,c1
swim,20.4471,b1
wells,20.439,
diet,20.4313,b1
trigger,20.4276,b2
scope,20.4131,b2
borrow,20.412,b2
publicly,20.4045,b2
unfortunate,20.3961,c1
maid,20.3776,c1
crashing,20.3671,
consequence,20.3469,b1
duplicate,20.3452,c1
varied,20.3438,c1
cooking,20.3416,b2
scary,20.3257,b2
scream,20.3048,b1
dairy,20.3014,c1
breast,20.2962,b1
eased,20.2786,
therein,20.2702,
farmer,20.2673,b1
plastic,20.2642,b1
dancer,20.2642,c1
highlight,20.2287,b2
alongside,20.2245,b2
rival,20.2224,b2
salvation,20.2197,c1
fatal,20.2175,c1
conviction,20.1965,b2
swing,20.1911,b1
exposure,20.1853,b2
underwater,20.1828,c1
possession,20.1765,b2
cleaning,20.1607,c1
funeral,20.1564,b2
livestock,20.152,c1
en,20.1518,c1
swap,20.1472,c1
advertising,20.1413,b2
dictionary,20.1249,c1
jointly,20.1179,
consolidated,20.072,
shaped,20.0672,
curve,20.0567,b2
damaged,20.0557,c1
cycle,20.0554,b1
argue,20.0508,a2
temper,20.0474,b2
michael,20.0472,
eastern,20.0436,b2
vocational,20.041,
educational,20.0407,b1
arrange,20.0308,b2
merged,20.0283,
highlighting,20.023,
slice,20.0055,b2
breathing,19.995,c1
entertaining,19.991,c1
stall,19.9895,b2
registration,19.9782,c1
thoroughly,19.9768,c1
gang,19.9761,b2
trained,19.97,c1
foster,19.9686,b2
mankind,19.9685,c1
satisfaction,19.9656,b2
hired,19.9498,c1
dignity,19.9485,c1
retired,19.9449,c1
fewer,19.9435,b2
incident,19.9422,b1
roughly,19.9335,b2
competitiveness,19.9302,
rail,19.93,b2
wagon,19.9044,c1
prominent,19.9006,b2
departed,19.892,
failing,19.8912,c1
workforce,19.8821,c1
logo,19.8748,c1
shaking,19.8736,
delightful,19.8733,c1
controversial,19.8644,b2
generate,19.8631,b1
precisely,19.8247,b2
cough,19.8127,b2
shouting,19.8093,
iniquity,19.7906,
tackle,19.787,b2
upset,19.7689,b1
punishment,19.7684,b2
distinction,19.7508,b2
guilty,19.7291,b1
virginity,19.7201,
slave,19.706,b2
react,19.6973,b2
bull,19.6934,b2
mud,19.667,b2
species,19.6624,b1
rub,19.66,b2
compare,19.6589,a2
controlling,19.6582,
freak,19.6464,b2
climate,19.6372,b1
seats,19.6221,
heating,19.6195,c1
emotion,19.5904,b1
incredible,19.5892,b2
psychological,19.5844,b2
arrival,19.5655,b2
frequent,19.5638,b2
aide,19.553,b2
lesser,19.5507,c1
vanilla,19.5403,c1
inevitable,19.5171,b2
piquant,19.5151,
wrath,19.5118,
sport,19.5076,a2
blessed,19.5074,c1
candidate,19.5066,b1
parade,19.4938,b2
sorghum,19.4911,
consistently,19.48,b2
withdraw,19.4748,b2
scattered,19.4719,
registry,19.467,
lantern,19.464,c1
cellar,19.4506,c1
aluminum,19.4296,c1
welfare,19.4275,b2
reliable,19.414,b2
swimming,19.4127,c1
officially,19.3978,b2
breakdown,19.3875,c1
foolish,19.3835,c1
monster,19.3812,b2
reputation,19.3804,b2
cruel,19.38,c1
attachment,19.3739,c1
earthquake,19.3731,c1
roar,19.3637,b2
voyage,19.3628,c1
straw,19.3613,c1
presently,19.3587,c1
prophet,19.3563,c1
declare,19.3481,b1
recovered,19.3434,
necessity,19.3391,c1
cease,19.3343,c1
sorting,19.3176,
inheritance,19.3165,
climb,19.3145,b1
pill,19.2996,b2
righteous,19.2955,c1
ironic,19.2761,c1
enhancement,19.2744,
suspension,19.2685,c1
fence,19.2612,b2
holder,19.261,c1
assist,19.2563,b2
communique,19.251,
crucial,19.2456,b2
eternal,19.2346,c1
wondering,19.2338,
garbage,19.2317,b2
involve,19.2316,a2
tentacle,19.2247,
blade,19.2209,b2
redirect,19.1815,
publication,19.1549,b2
format,19.1487,b2
laughter,19.1378,b2
essentially,19.1194,b2
toast,19.115,b2
float,19.1105,b2
browse,19.0977,c1
rating,19.0861,b2
factory,19.0737,b2
lick,19.0707,b2
collected,19.06,
childhood,19.0585,b1
bastard,19.0581,b2
expose,19.0482,b1
purse,19.0474,b2
wildly,19.0457,c1
mime,19.0304,
peeing,19.0304,
ftp,19.0272,
desert,19.018,b2
picking,19.0068,
pissing,18.9823,
sec,18.9823,
curse,18.9788,b2
pig,18.9642,b2
null,18.9553,
levy,18.9521,c1
addicted,18.949,
expert,18.9381,b1
dumbass,18.9342,
anorexic,18.9342,
succulent,18.9342,
injury,18.931,b1
lion,18.9205,b2
hollow,18.9177,b2
accidentally,18.9019,c1
suicide,18.8946,b2
qualified,18.8864,c1
submenu,18.8861,
domine,18.8861,
handler,18.8861,
caret,18.8861,
matzoh,18.8861,
accompanied,18.8804,
booty,18.8796,c1
sperm,18.8794,c1
par,18.8687,c1
march,18.8624,a2
doorway,18.8494,c1
whatsoever,18.8346,c1
transition,18.8179,b2
purity,18.8176,
replacement,18.8139,b2
unhappy,18.8106,c1
neutral,18.7931,c1
goodness,18.7901,b2
reward,18.7708,b1
minimized,18.7654,
sluggish,18.7539,
prophets,18.7474,
beating,18.733,c1
threatening,18.7284,
engineer,18.728,b1
courage,18.7258,b2
tremendous,18.714,b2
eliminate,18.7124,b2
outdoor,18.7122,c1
prostitute,18.6945,c1
speculative,18.6783,
powder,18.6706,b2
tragedy,18.665,b2
ark,18.6625,
david,18.653,
affection,18.644,c1
tarry,18.6428,
retaliate,18.6427,
aggressive,18.6413,b2
pimp,18.6381,c1
residential,18.6319,c1
connect,18.6306,b1
wilt,18.6172,
subtle,18.6156,b2
yr,18.6149,
humour,18.6081,
wizard,18.5848,c1
automobile,18.5722,c1
urban,18.5675,b2
readily,18.5636,c1
steep,18.5343,b2
shouted,18.5308,
adopt,18.4886,b1
peril,18.4779,
mm,18.4731,c1
winning,18.4653,c1
perfume,18.4514,c1
wit,18.4479,c1
deputy,18.4425,b2
adult,18.4295,a2
overcome,18.4281,b2
receipt,18.4248,c1
participate,18.4209,b1
institute,18.4142,b1
altered,18.3706,
thud,18.3657,
carpet,18.3585,c1
chat,18.3559,b2
edition,18.3559,b2
narrowed,18.3375,
merit,18.3331,b2
fascinating,18.3311,b2
slavery,18.3051,c1
yea,18.3023,
varying,18.2975,c1
trail,18.285,b1
exporting,18.2741,
seal,18.273,b2
lonely,18.2729,b2
composed,18.2675,
framed,18.26,
graphics,18.2537,
cure,18.2518,b2
concert,18.2485,b2
reign,18.2483,c1
useless,18.2459,c1
ignorant,18.2327,c1
gesture,18.2297,b2
possess,18.2039,b2
tape,18.198,b1
tops,18.1977,
terrorist,18.1919,b2
eligible,18.1738,c1
twist,18.1629,b2
arise,18.1237,b2
cork,18.1236,
definite,18.1189,c1
bell,18.1187,b2
salary,18.1114,b2
rear,18.1088,b2
lighted,18.1027,
whereas,18.0963,b2
complicated,18.0796,b2
proven,18.0584,c1
feeding,18.0446,c1
shocked,18.0391,c1
tending,18.0332,
hire,18.027,b1
sufficiently,18.0215,c1
thereby,18.0194,c1
cant,18.0187,
presentation,18.0048,b2
reasonably,18.0042,c1
contest,18.0039,b2
vicious,18.0002,c1
accurate,17.9806,b2
allowance,17.9793,c1
commit,17.9776,b1
petition,17.977,b2
prayer,17.9717,b1
truncated,17.965,
graceful,17.9592,c1
ins,17.959,
warn,17.959,b1
impressed,17.9512,
parallel,17.9175,b2
specialty,17.9132,c1
enhance,17.9124,b2
informal,17.8997,c1
rude,17.899,c1
unchecked,17.8888,
modal,17.8689,
repay,17.8688,c1
specifically,17.8627,b1
drill,17.8613,b2
favourable,17.8612,
victim,17.8525,b1
kicking,17.852,
thence,17.8104,
momentum,17.8084,c1
dismissed,17.8049,
stylish,17.7999,
pity,17.7721,b2
deficiency,17.7556,c1
refining,17.7413,
regardless,17.7325,b2
idle,17.7305,c1
chasm,17.7194,
centered,17.7148,
seventh,17.7086,c1
sincere,17.7062,c1
reflection,17.6951,b2
attract,17.6874,b2
minus,17.6723,c1
super,17.659,b1
purely,17.6524,c1
lean,17.6463,b1
excitement,17.645,b2
flood,17.6401,b2
makeup,17.6332,b2
testing,17.6328,b2
disposition,17.6313,
cautious,17.6219,c1
revolution,17.6209,b2
terribly,17.6122,c1
divorce,17.6088,b1
sharing,17.5882,
brass,17.5779,c1
irony,17.5716,c1
probable,17.5431,c1
splash,17.5411,b2
rarely,17.5304,b2
revision,17.515,c1
lend,17.5123,b2
segment,17.5057,b2
chapter,17.4901,b1
compensation,17.486,c1
exclusive,17.4798,b2
gathering,17.4759,c1
k,17.4666,
pronounced,17.4618,
slaughter,17.4593,c1
faggot,17.4462,
associate,17.446,b1
haste,17.4459,
submission,17.4439,c1
deadline,17.442,c1
orgasm,17.4305,
upstairs,17.4285,b2
distinguished,17.4058,c1
nearer,17.3749,
grape,17.3714,c1
pardon,17.3672,b2
listing,17.3666,c1
manners,17.3357,
profitability,17.3323,
remind,17.3281,b1
ban,17.3225,b2
charity,17.3197,b2
alarm,17.3187,b2
muscle,17.311,b1
glorious,17.3042,c1
soldier,17.3028,b1
purchasing,17.2907,
bamboo,17.2828,
partial,17.2767,c1
dominated,17.2671,
rally,17.2633,b2
j,17.2449,
intimate,17.2434,b2
occupied,17.2403,
opera,17.2385,b2
quantity,17.2382,c1
flabby,17.2347,
dime,17.2128,c1
gamy,17.2091,
countenance,17.203,
horizontal,17.1997,c1
phrase,17.195,b2
laptop,17.1898,b2
convince,17.1796,b1
sigh,17.1785,b2
bushel,17.1722,
breathe,17.1706,b1
programme,17.17,
soap,17.152,c1
mama,17.1301,b2
respective,17.1143,c1
formally,17.1063,c1
technically,17.1002,c1
interim,17.0981,c1
faded,17.0973,
tube,17.0965,b2
reception,17.0957,c1
foam,17.0816,c1
executed,17.0786,
weighty,17.0784,
overlap,17.0686,c1
unadjusted,17.0557,
lesson,17.0528,b1
intercom,17.0456,
blowjob,17.0456,
hipsters,17.0456,
penny,17.0445,c1
sober,17.042,c1
ringgit,17.0418,
safely,17.0388,c1
skill,17.0373,a2
indirect,17.0326,c1
racing,17.0279,c1
surprisingly,17.0258,b2
oxygen,17.0163,b2
oppose,17.0162,b2
insane,17.0023,b2
honied,16.9975,
hyperlink,16.9975,
spank,16.9975,
appetising,16.9975,
backspace,16.9975,
bagel,16.9975,
vegan,16.9975,
persuade,16.997,b2
toe,16.9913,b2
stem,16.988,b2
prisoner,16.9871,b2
dilute,16.9773,
singer,16.9771,b2
lamp,16.9609,c1
layer,16.9529,b2
infant,16.9494,b2
priority,16.9451,b2
justified,16.9188,
mills,16.9178,
pleasing,16.912,c1
noon,16.9107,c1
delegation,16.9095,c1
accurately,16.9014,c1
corrupt,16.8929,b2
supper,16.8925,c1
slap,16.8902,b2
passionate,16.8849,c1
answering,16.8829,c1
bath,16.8812,b2
desperately,16.8689,c1
perception,16.863,b2
elephant,16.8582,c1
succeed,16.8545,b2
crystal,16.8528,b2
upside,16.8487,
etc.,16.846,
designer,16.8394,b2
draft,16.8272,b2
actively,16.8264,c1
engaging,16.8135,
wrapped,16.8062,
productive,16.8043,b2
honestly,16.8001,b2
edged,16.7872,
refer,16.7828,b1
harsh,16.7821,b2
suitable,16.7752,c1
flame,16.7721,b2
attending,16.7703,
peaceful,16.7647,b2
couch,16.7625,b2
suspicion,16.7598,c1
stiff,16.7582,c1
preceding,16.7512,
english,16.7504,a2
unexpectedly,16.7396,c1
explore,16.7309,b1
buddy,16.7264,b2
frightened,16.7241,c1
consortium,16.7213,
terror,16.7119,b2
financially,16.6915,c1
pad,16.6735,b2
mirror,16.6679,b1
portfolio,16.6676,c1
amp,16.6666,
wire,16.6571,b1
proceedings,16.6561,c1
parking,16.6532,b2
sensible,16.6486,c1
joining,16.6362,
allocation,16.6347,
golf,16.6318,b2
un,16.6295,
urge,16.6265,b2
civilization,16.6167,b2
depart,16.5869,c1
refrigerator,16.5832,c1
faint,16.5769,b2
jaw,16.5738,c1
peculiar,16.568,c1
airport,16.5667,b2
vary,16.5586,b2
marginal,16.5533,c1
adjust,16.5513,b2
actress,16.5503,b2
convenient,16.541,c1
fetch,16.5363,c1
horizon,16.5249,b2
slash,16.5174,c1
salad,16.517,b2
gunpowder,16.5135,
container,16.5131,b2
railing,16.4995,
fabulous,16.4918,c1
humanity,16.488,b2
bore,16.4835,b2
lit,16.4733,
recording,16.4649,b2
whip,16.4636,b2
cursed,16.4586,
enterprise,16.4586,b2
bunny,16.455,c1
regularly,16.4543,b2
chanting,16.443,
swamp,16.4415,b2
severely,16.4348,c1
hiding,16.4258,c1
swept,16.4235,
efficient,16.4123,b2
merchant,16.4105,c1
ordering,16.4021,
litigation,16.3994,c1
exceeding,16.3945,
stopping,16.3937,
rage,16.3823,b2
wherever,16.38,b2
yard,16.3772,b1
moisture,16.3769,c1
mysterious,16.375,b2
scarcely,16.3739,
accepting,16.3702,
illusion,16.3697,c1
functioning,16.3679,c1
nickel,16.356,c1
unconscious,16.3548,c1
ruin,16.3502,b1
blown,16.336,
sympathetic,16.3204,c1
flexibility,16.3193,c1
complain,16.3124,b1
veteran,16.3063,b2
foundation,16.2952,b1
possessed,16.2918,
structural,16.2917,c1
sorrow,16.2873,c1
ninety,16.2868,
washing,16.2849,c1
realm,16.2812,b2
meanwhile,16.2802,b2
interpreted,16.2752,
kissing,16.2686,c1
continent,16.2671,c1
vibrant,16.2625,c1
timed,16.2561,
fleet,16.2551,c1
feast,16.2505,b2
lung,16.2333,b2
desirable,16.2275,c1
geek,16.2146,
delighted,16.2063,c1
broker,16.2062,b2
sideways,16.2039,c1
encounter,16.2002,b1
bowl,16.1998,b1
liar,16.1845,c1
sympathy,16.1835,c1
tide,16.1807,c1
bubble,16.1651,b2
cooked,16.1535,
finishing,16.152,
implemented,16.1513,
continuously,16.1398,c1
violation,16.1352,b2
caution,16.1285,b2
disabling,16.1213,
chin,16.1204,c1
cows,16.1203,
timing,16.1108,b2
pour,16.0981,b2
faithful,16.0971,c1
sixteen,16.0836,c1
decree,16.0804,c1
poorly,16.0776,c1
stirred,16.0631,
engagement,16.059,b2
surge,16.05,b2
fist,16.0496,c1
photo,16.0458,a2
sooner,16.0261,
poultry,16.0216,
tenth,16.0096,c1
implementation,16.0027,b2
diplomatic,15.9915,c1
honored,15.9799,c1
grandma,15.9763,b2
bodied,15.9746,
addict,15.9743,b2
dish,15.9728,b1
customs,15.9614,
notably,15.9577,c1
ed,15.9469,
voluntary,15.9381,c1
investigate,15.9313,b1
friction,15.9256,
crush,15.9238,b2
shoe,15.9069,b1
thunder,15.9041,b2
symbolic,15.8961,c1
cart,15.8927,b2
interference,15.8924,c1
devices,15.8772,
seldom,15.877,c1
combat,15.8769,b2
expectation,15.862,b1
folk,15.8619,b1
noble,15.8602,b2
thrust,15.8582,b2
cap,15.8577,b1
probability,15.852,c1
reluctant,15.8512,c1
inspired,15.8463,c1
satisfy,15.8305,b2
twisted,15.8252,c1
closet,15.8241,b2
mr,15.8166,
uncomfortable,15.8047,b2
reject,15.8022,b2
safari,15.786,
naval,15.7817,c1
debit,15.7795,
inflationary,15.7795,
chord,15.7791,c1
nurse,15.7741,b1
laying,15.7712,
acknowledged,15.7687,
incredibly,15.7604,b2
clarity,15.7562,c1
clothing,15.7518,b2
porch,15.7499,b2
indirectly,15.7477,
reopen,15.7396,c1
exclusively,15.7352,c1
isolated,15.7312,c1
gently,15.7303,b2
profession,15.7175,b2
chamber,15.7085,b2
bald,15.7081,c1
mistress,15.7065,c1
doctrine,15.705,c1
respectable,15.6984,c1
regret,15.6716,b2
fond,15.6694,c1
remark,15.6626,b2
frank,15.6553,c1
wanting,15.6439,
outright,15.6367,c1
mechanism,15.6315,b2
flock,15.6208,b2
centre,15.6024,
guilt,15.5982,b2
determining,15.5955,
shack,15.5917,c1
persist,15.5912,c1
hi,15.5897,a2
blanket,15.585,b2
liver,15.5709,c1
romance,15.5678,b2
dim,15.5636,b2
slew,15.5616,
bout,15.5586,c1
softly,15.552,c1
congressional,15.5488,b2
matching,15.5457,c1
goddamn,15.5419,b2
olive,15.5418,b2
inevitably,15.5381,c1
pledged,15.5273,
aisle,15.5078,c1
beautifully,15.4996,c1
pillow,15.4981,c1
garbled,15.4955,
tragic,15.4908,c1
virtue,15.4838,b2
derived,15.4788,
locking,15.4742,
guilder,15.4639,
tropical,15.4565,c1
plate,15.4468,b1
meaningful,15.4465,b2
collective,15.4461,b2
med,15.4454,
bat,15.4363,b2
inherent,15.4352,c1
elegance,15.4223,
tattoo,15.4198,b2
behave,15.4175,b2
miserable,15.4076,c1
chart,15.4065,b2
painful,15.4046,b2
bay,15.3978,b1
rapist,15.3974,
p.m.,15.3938,
optimism,15.393,c1
sophisticated,15.3873,b2
lightweight,15.3707,c1
tightly,15.3702,c1
smoked,15.3591,
packed,15.3585,
unnecessary,15.3549,c1
unspecified,15.3505,
exposed,15.3485,c1
consciousness,15.3449,b2
adverse,15.335,c1
prevailing,15.3331,
leap,15.3259,b2
grin,15.3246,b2
pursued,15.3111,
heavens,15.3089,
outdoors,15.2995,c1
legend,15.299,b2
sole,15.2981,b2
evaluation,15.2908,b2
doubtful,15.2895,
mixture,15.2758,b2
adventure,15.2581,b2
requiem,15.2531,
distress,15.2528,b2
perceived,15.2492,c1
landing,15.2443,b2
lively,15.2428,c1
blessing,15.242,b2
dried,15.2379,c1
institutional,15.2376,b2
binary,15.2275,c1
tanker,15.2173,
york,15.2164,
allies,15.2083,
anniversary,15.2078,b2
tissue,15.2036,b2
arrest,15.1737,b1
convert,15.1737,b2
nest,15.1713,b2
peoples,15.166,
marines,15.1627,
urinal,15.157,
stroller,15.157,c1
sweetie,15.157,c1
mild,15.1509,c1
aggregate,15.1503,c1
metallic,15.1474,
dump,15.1306,b2
unclean,15.1226,
discreet,15.115,
thief,15.1141,c1
dona,15.1089,
riesling,15.1089,
shitty,15.1089,
dildo,15.1089,
cooperative,15.1075,c1
virtual,15.0982,b2
flowing,15.0973,c1
stern,15.0868,c1
sown,15.0816,
printer,15.0754,c1
lightly,15.0679,c1
coupled,15.0676,
crawl,15.0479,b2
crossing,15.0407,c1
editorial,15.0339,b2
awake,15.0285,b2
offensive,15.0196,b2
courier,15.0192,
strain,15.0152,b2
assembly,15.0144,b2
rank,15.0068,b1
turkey,15.0057,b2
arguing,14.9962,
termination,14.9873,
presumably,14.9684,c1
dependence,14.9609,c1
misery,14.9509,c1
bowling,14.9401,c1
defeat,14.9353,b2
exhibit,14.9219,b2
wrought,14.9188,
era,14.9076,b2
suave,14.9069,
legislative,14.8695,b2
fork,14.8601,c1
piano,14.8463,b2
exporter,14.8327,
dragon,14.823,b2
misleading,14.8197,c1
imbalance,14.8076,
diamond,14.8039,b2
closest,14.8034,
promotion,14.8,b2
assurance,14.7981,c1
junior,14.7912,b2
cigar,14.788,c1
poised,14.7877,
identification,14.7876,b2
inspector,14.7774,c1
humans,14.7749,
ward,14.7549,c1
junk,14.7533,c1
innocence,14.7485,c1
justify,14.7377,b2
mistaken,14.7222,
slain,14.7204,
willingness,14.7097,c1
octane,14.7094,
withdrawal,14.6996,c1
prize,14.6941,b2
sticky,14.6908,c1
stab,14.6901,b2
lightning,14.6704,c1
protein,14.6684,b2
disposed,14.6655,
foul,14.6583,b2
burns,14.6448,
circumstance,14.6425,b1
coverage,14.6391,b2
united,14.6265,b2
exceptional,14.6207,c1
jet,14.6192,b2
orchestra,14.5995,c1
controversy,14.5976,b2
observation,14.5974,b2
hairy,14.5755,c1
suspicious,14.5673,c1
nightmare,14.5672,b2
kilo,14.5652,
royal,14.5609,b2
hood,14.5575,c1
adoption,14.5526,b2
pulp,14.5516,
combine,14.548,b1
offended,14.5377,
tunnel,14.5332,b2
overboard,14.5325,c1
banging,14.5231,
carved,14.518,
lighting,14.5062,c1
delegate,14.5051,c1
skeleton,14.5022,c1
occasional,14.4943,b2
jam,14.494,b2
predict,14.4927,b1
alignment,14.4832,c1
responsive,14.477,c1
patent,14.4747,b2
hurried,14.4725,
restraint,14.4689,c1
retaliatory,14.4668,
shallow,14.4646,c1
appealing,14.4612,c1
inaccessible,14.4609,
repair,14.454,b2
rigging,14.4509,
busted,14.4506,
bullet,14.4456,b2
overly,14.4353,c1
likewise,14.4353,c1
rowing,14.4301,
beneficial,14.4247,c1
cocaine,14.4242,c1
acre,14.4213,b2
stakes,14.415,
abruptly,14.4131,c1
upgrade,14.4122,b2
guidance,14.4113,b2
shy,14.4103,b2
slowing,14.4094,
sheriff,14.4079,b2
tent,14.3951,b2
blah,14.3741,c1
utter,14.3674,b2
wax,14.3597,c1
reversed,14.3591,
seated,14.3546,
warfare,14.3544,c1
rejoice,14.3506,
screenplay,14.3283,
profound,14.3168,c1
unwanted,14.3145,c1
vulnerable,14.3145,b2
robert,14.3053,
bust,14.3002,b2
diameter,14.299,c1
struggling,14.2879,c1
anonymous,14.2706,b2
advisory,14.2657,c1
thickness,14.257,
giggle,14.2511,b2
phenomenon,14.2448,b2
knight,14.2387,c1
threesome,14.2359,
blast,14.2305,b2
consuming,14.2217,
dig,14.2145,b1
coin,14.2135,b2
cracked,14.2082,
fiber,14.202,b2
industrialised,14.2015,
rebate,14.2015,
abandon,14.2001,b1
appointment,14.1987,b2
lee,14.1981,
snap,14.1963,b1
traveling,14.1934,
lemon,14.192,b2
promptly,14.1837,c1
territory,14.1799,b2
quits,14.1774,
publishing,14.1757,c1
educated,14.1688,c1
packaged,14.1654,
gradual,14.1643,c1
evaluate,14.1631,b2
doubled,14.1606,
oral,14.1576,b2
tooth,14.1515,b1
injured,14.148,c1
anticipation,14.1461,c1
crow,14.1404,c1
audio,14.1364,b2
mechanical,14.1324,c1
consume,14.1282,b2
optional,14.1244,c1
torn,14.094,
namely,14.0891,c1
sore,14.087,b2
murdered,14.0818,
cope,14.0793,b2
tan,14.0763,b2
bored,14.0749,c1
stance,14.0716,c1
atom,14.0614,c1
manufactured,14.0598,
quote,14.0544,b1
ashore,14.0542,
lined,14.0541,
dedicated,14.0488,c1
openly,14.0479,c1
inquiry,14.0396,b2
amended,14.0387,
seemingly,14.0364,b2
cheek,14.0347,b2
pitch,14.0338,b1
variation,14.0269,b2
ambitious,14.0227,c1
pitched,14.0041,
inclined,14.0036,c1
streaming,13.9994,
eyed,13.9816,
industrialized,13.9753,
indefinitely,13.975,
inspection,13.9728,c1
jealous,13.9692,c1
pursuit,13.9555,b2
seeming,13.9538,
steam,13.9475,b2
invite,13.9466,b1
shove,13.9454,b2
disney,13.9417,
hippie,13.9414,c1
defence,13.9399,
satisfying,13.9331,c1
fame,13.9232,b2
grief,13.9226,b2
rushed,13.9215,
scarf,13.9037,c1
hop,13.8933,b2
threaten,13.8916,b1
tonnage,13.8859,
protectionism,13.8859,
shining,13.8858,c1
stunning,13.8803,c1
candle,13.8757,b2
separately,13.8717,c1
expiration,13.8712,
smoky,13.8633,
backward,13.8619,b2
depression,13.8574,b1
dismiss,13.8563,b2
unsuccessful,13.8517,
allergic,13.8493,c1
navigate,13.8473,c1
swift,13.8435,c1
wealth,13.8434,b2
palace,13.8281,b2
princess,13.827,b2
sustained,13.8199,c1
maximize,13.816,c1
recreation,13.8156,c1
pond,13.814,c1
yell,13.8134,b1
easing,13.8105,
temptation,13.8093,c1
desolate,13.8062,
corked,13.8012,
scare,13.7933,b2
permanently,13.7913,c1
overhead,13.7814,b2
suspense,13.7806,
pump,13.7804,b2
padding,13.7763,
communism,13.7721,c1
counting,13.7718,
savage,13.7573,c1
logging,13.7307,
democratic,13.7254,b1
pepper,13.721,b2
taxi,13.7191,c1
assessment,13.7125,b2
ala,13.7011,
neighbour,13.7008,
leak,13.6928,b2
teenage,13.6679,b2
override,13.655,c1
confusing,13.6381,c1
differ,13.6368,b2
demonstrated,13.6285,
integrated,13.6205,c1
repayment,13.6162,
deliberately,13.6121,c1
parliament,13.6108,c1
broadcast,13.6108,b2
peanut,13.6074,c1
productivity,13.605,c1
uk,13.6049,
tracking,13.6014,b2
unused,13.5985,
shout,13.5929,b1
shovel,13.5884,c1
funding,13.5871,b2
cooling,13.5741,c1
amusing,13.5731,c1
rely,13.5723,b1
pro,13.5711,b2
urgent,13.565,c1
kindness,13.5638,c1
pen,13.5579,b2
ceremony,13.5575,b2
fries,13.5568,
fourteen,13.5496,c1
comprehensive,13.5441,b2
evolution,13.5378,b2
magnitude,13.5371,c1
widow,13.5357,c1
embarrassing,13.5345,c1
prey,13.5315,b2
semen,13.5312,
residual,13.5304,
premature,13.5267,c1
pursuant,13.5227,
redeem,13.52,
activated,13.5113,
passerby,13.5108,
caramel,13.5108,
zoom,13.5088,c1
contracted,13.504,
nigh,13.5013,
defensive,13.497,b2
deaf,13.4943,c1
laboratory,13.4929,b2
cashier,13.4831,c1
spanking,13.4831,
cereal,13.479,c1
genre,13.4649,b2
prof,13.4607,
inappropriate,13.4567,c1
spawn,13.4557,c1
mold,13.4528,b2
trembling,13.452,
artificial,13.442,c1
aligned,13.438,
carrier,13.435,b2
convention,13.4292,b2
vengeance,13.4216,c1
regression,13.4129,c1
pedophile,13.4126,
panic,13.4104,b2
manual,13.3853,b2
pet,13.3824,b2
soda,13.3823,c1
owe,13.3753,b2
soup,13.3705,b2
worn,13.3648,
artery,13.3606,c1
demonstrate,13.3585,b1
ruined,13.3577,
waxed,13.3547,
vein,13.3538,c1
preserved,13.3513,
flies,13.3475,
arc,13.3469,c1
strengthening,13.3313,
sliding,13.3262,
bugger,13.3165,
statue,13.3129,b2
campus,13.308,b2
waitress,13.3068,c1
vest,13.3058,c1
waking,13.3018,
compact,13.2963,c1
dimensional,13.2837,
haw,13.2684,
ni,13.2684,
peachy,13.2684,
filter,13.2588,b2
km,13.2548,
constitute,13.253,b2
pigeon,13.2482,c1
bridges,13.2467,
costly,13.2373,c1
rainfall,13.2274,
french,13.2228,b1
executable,13.2203,
fag,13.2203,
formatting,13.2203,
homo,13.2203,
vinous,13.2203,
widget,13.2203,
examination,13.2175,b2
jurisdiction,13.2172,c1
spoiled,13.2165,
prestige,13.215,
timber,13.2137,c1
lasting,13.2107,c1
eighth,13.2063,c1
stripped,13.2059,
agreeable,13.2021,
commandment,13.202,
flatter,13.199,c1
primitive,13.1602,c1
poverty,13.143,b2
availability,13.1385,c1
knee,13.1199,b1
damages,13.1105,
squeeze,13.1017,b2
explosion,13.1011,b2
destiny,13.0979,c1
duel,13.0963,
flush,13.095,b2
manufacture,13.0875,b2
stink,13.078,b2
sustain,13.0717,b2
rim,13.0576,c1
insist,13.0567,b1
logical,13.0557,b2
ghost,13.0544,b2
conclude,13.0503,b2
max,13.0484,
gulf,13.0448,c1
declaration,13.0429,c1
replacing,13.0262,
demanding,13.0227,
cooler,13.0137,c1
historian,13.0131,b2
compensate,13.0018,c1
bend,12.9943,b1
consecutive,12.9907,c1
deserved,12.985,
pretend,12.9823,b1
weary,12.9816,c1
tom,12.9802,
deeds,12.9755,
warmth,12.9721,c1
composition,12.9563,b2
conditioning,12.9536,c1
awfully,12.9522,c1
packaging,12.9506,
engage,12.9489,b1
deadly,12.9452,b2
unpleasant,12.938,c1
craft,12.9371,b2
effectiveness,12.931,b2
disturbing,12.9278,c1
apologize,12.9266,b2
fury,12.9248,c1
marijuana,12.9245,b2
incentive,12.9227,b2
cannon,12.9221,c1
sue,12.9151,b2
myth,12.908,b2
minimal,12.9063,c1
subdued,12.9033,
frightening,12.8991,c1
balcony,12.8984,c1
breed,12.8962,b2
enforcement,12.8895,b2
findings,12.8849,
supplier,12.8845,c1
eel,12.8773,
slip,12.8755,b1
accomplish,12.8752,b2
waist,12.8711,c1
bee,12.8659,b2
cowboy,12.861,b2
convincing,12.8541,c1
wrongly,12.8494,
rod,12.8323,b2
immortal,12.8281,c1
politically,12.8216,b2
artistic,12.8038,b2
shave,12.7947,b2
dealings,12.7905,
costume,12.7881,b2
withdrawn,12.7847,
liability,12.7777,c1
processed,12.7768,
eagerly,12.7763,c1
oily,12.7738,
penalty,12.7681,b2
sequel,12.7651,c1
skip,12.7598,b2
howl,12.7598,c1
outdated,12.759,
helpful,12.7564,b2
heed,12.7434,c1
assuming,12.7426,
enthusiasm,12.739,c1
closure,12.7365,c1
bi,12.7361,
yielding,12.7342,
handicapped,12.7322,
execution,12.7206,c1
interaction,12.7188,b2
depressing,12.7147,c1
neat,12.6993,c1
oddly,12.6976,c1
physically,12.6919,b2
nut,12.69,b2
stroke,12.6889,b2
highway,12.6818,b2
critic,12.6812,b2
fierce,12.6749,c1
ample,12.671,c1
channels,12.6703,
yearly,12.6694,c1
resource,12.6678,a2
aerial,12.6607,
bureau,12.656,b2
camping,12.6535,c1
citizen,12.6491,b1
hilarious,12.6485,c1
equipped,12.648,
naughty,12.6445,c1
thriller,12.6436,
carbon,12.6423,b2
hunger,12.6343,c1
alter,12.6319,b2
surrounded,12.6308,
strengthened,12.6308,
administrator,12.6254,b2
bbl,12.6236,
rider,12.6226,c1
downturn,12.6214,
beam,12.6021,b2
plague,12.5988,b2
fulfilled,12.5911,
spur,12.582,c1
incense,12.578,c1
distributor,12.5647,
glimpse,12.5618,b2
se,12.5519,
peter,12.5475,
affiliated,12.5437,
attributable,12.5437,
recurring,12.5421,
momma,12.5336,
lowering,12.5226,
grassy,12.5163,
notable,12.5136,c1
triumph,12.5113,b2
dawn,12.4996,b2
intermediate,12.4985,c1
orderly,12.4974,
vanity,12.4941,c1
waiter,12.4941,c1
i.e.,12.4893,
mist,12.4888,c1
shorts,12.4887,c1
enjoyment,12.4869,c1
toy,12.4814,b1
prolonged,12.4746,
abide,12.4732,
stuffed,12.4658,c1
barn,12.4622,c1
ballet,12.461,c1
sovereign,12.4564,c1
accompanying,12.4513,
sweeping,12.446,c1
exchanged,12.4318,
invitation,12.4307,c1
league,12.4298,b1
premise,12.4173,c1
perspective,12.4147,b1
yeast,12.4146,
sanctuary,12.4096,c1
advertisement,12.4066,c1
outlined,12.3864,
operational,12.3839,c1
obligation,12.3786,b2
discipline,12.3776,b2
tribute,12.3741,c1
waving,12.3725,
favourite,12.3616,c1
aging,12.3607,b2
tightening,12.3484,
vague,12.3449,c1
voter,12.3441,b1
unanimously,12.3418,
dreadful,12.3367,c1
th,12.3357,
judgement,12.3271,
brushed,12.3241,
visually,12.3199,c1
velocity,12.3192,c1
solely,12.3089,c1
weighted,12.3036,
trailing,12.3003,
entertain,12.2967,c1
objection,12.2938,c1
dessert,12.2886,c1
bullish,12.2829,
inflow,12.2829,
sang,12.2818,
obsessed,12.2758,c1
transit,12.2746,c1
misplaced,12.2726,
luscious,12.2715,
admission,12.2653,b2
landed,12.2631,
deserve,12.2613,b1
mister,12.2511,c1
feedback,12.2511,b2
freely,12.2481,c1
humble,12.2478,b2
spray,12.2456,b2
hooker,12.2451,c1
adviser,12.2375,b2
nerve,12.2321,b2
lip,12.231,b1
proceeding,12.2295,
dot,12.2196,b2
gallon,12.2192,c1
explicit,12.2171,c1
absurd,12.2136,c1
inc,12.2131,
spin,12.2129,b1
oscar,12.211,
juicy,12.2082,c1
quarrel,12.2068,c1
retard,12.203,
organic,12.1965,b2
rigid,12.1956,c1
vertically,12.1946,
nonetheless,12.1886,b2
credibility,12.1854,c1
potentially,12.179,b2
edible,12.1774,
sketch,12.1751,b2
urging,12.1739,
needle,12.1699,b2
prospective,12.1646,c1
habit,12.1576,b2
tomato,12.1525,b2
lake,12.1518,b1
disturbed,12.1502,
commonly,12.1478,b2
absorb,12.1337,b2
spoil,12.1336,c1
flower,12.1219,b1
upright,12.1075,c1
conform,12.1074,c1
documentation,12.0896,c1
accuracy,12.0853,b2
horn,12.0805,b2
selfish,12.0741,c1
upwards,12.0616,
vaguely,12.0608,c1
coach,12.0588,b1
ranch,12.0515,b2
nail,12.0512,b2
chiefly,12.0184,
heroic,12.0092,c1
mobile,12.0064,b2
happily,12.0063,c1
leaning,12.0049,
comply,12.003,c1
rapeseed,11.9924,
plainly,11.9888,
redemption,11.9873,c1
parked,11.9813,
sailing,11.9776,c1
ham,11.9725,c1
comfortably,11.9711,c1
commerce,11.9695,b2
fold,11.9654,b2
suite,11.9592,b2
allotment,11.9587,
strangely,11.9558,c1
shear,11.9481,
basketball,11.9453,b2
realism,11.9387,
differential,11.9309,c1
beaten,11.9283,c1
earnest,11.9232,c1
acquainted,11.9206,
chemistry,11.9176,c1
topic,11.9139,b1
deodorant,11.9126,
catching,11.9051,
globe,11.9023,b2
revenge,11.9021,c1
subsidized,11.8918,
dilemma,11.8865,c1
stove,11.8814,c1
inability,11.8805,c1
unusually,11.8797,c1
generic,11.8761,c1
harbor,11.8707,b2
perceive,11.8695,b2
shifting,11.8669,c1
heathen,11.8624,
shrink,11.8619,b2
raining,11.8608,
rack,11.8526,b2
mellow,11.8509,c1
axis,11.8427,c1
parliamentary,11.8394,
mortal,11.8271,c1
insult,11.8221,b2
cholesterol,11.8205,c1
jerk,11.8156,b2
bum,11.8127,b2
leafy,11.8112,
rental,11.8036,c1
departure,11.8013,c1
basement,11.8007,b2
gin,11.7987,
occurrence,11.7928,c1
harvesting,11.7905,
rational,11.7864,b2
grateful,11.7578,b2
perish,11.7543,
spy,11.7515,b2
parlor,11.7464,c1
blamed,11.7446,
bowed,11.7442,
fox,11.7427,c1
radical,11.7394,b2
fluid,11.7389,b2
developer,11.7336,b2
translation,11.7326,b2
complaining,11.732,
correction,11.731,c1
mt,11.7249,
jumping,11.7245,c1
chill,11.719,b2
bike,11.7163,b1
corrected,11.7148,
admired,11.7106,
feminine,11.7089,c1
shark,11.7081,c1
predictable,11.7044,c1
leaf,11.7011,b1
communicate,11.6982,b2
despair,11.6953,b2
sunny,11.6943,c1
toffee,11.6926,
measurement,11.6926,b2
rings,11.691,
hen,11.6889,
classification,11.6839,c1
paul,11.6822,
breadth,11.6778,
restructure,11.6768,
admire,11.6751,b2
nineteenth,11.6748,
sovereignty,11.6746,c1
sweat,11.6662,b2
existent,11.6645,
eccentric,11.6546,c1
spacing,11.6456,
trumpets,11.644,
mint,11.6367,c1
shelf,11.6353,b2
matched,11.6335,
smith,11.6277,
suspected,11.6274,
trailer,11.6232,b2
herd,11.623,b2
long-range,11.6179,
incomplete,11.6125,c1
ambassador,11.6095,b2
lime,11.5815,c1
slump,11.5718,c1
japanese,11.5718,b1
physics,11.569,b2
backing,11.5592,
shed,11.5559,c1
absorbed,11.5482,
booked,11.544,
dorm,11.524,c1
obey,11.5227,c1
violin,11.5166,c1
towel,11.5159,b2
tentative,11.5144,
hunt,11.5131,b2
detect,11.5085,b2
abstract,11.5059,b2
crushing,11.5057,
authentic,11.5028,c1
decreased,11.4902,
bathing,11.4867,
accumulated,11.4801,
smelly,11.4759,c1
invariably,11.4747,
suburban,11.4718,c1
humorous,11.4715,
drastic,11.4693,
corp,11.4574,
tower,11.4544,b2
hydrogen,11.4488,c1
consist,11.4404,b2
guided,11.4374,
gent,11.4278,
relax,11.4245,b2
hunter,11.4203,b2
screw,11.4194,b2
ram,11.4122,
america,11.4061,
accordance,11.4032,c1
chevron,11.4022,
wool,11.4016,c1
milling,11.3904,
regime,11.387,b2
modify,11.3847,c1
distinguish,11.3805,b2
initialize,11.3798,
questionnaire,11.3778,c1
ongoing,11.376,b2
barge,11.3743,c1
abuse,11.3664,b1
continuation,11.3606,
civilian,11.3565,b2
pavement,11.3542,c1
framework,11.3509,b2
rocky,11.3494,c1
edgy,11.3491,
suspend,11.339,b2
spritz,11.3317,
honeyed,11.3317,
vegetal,11.3317,
pinot,11.3317,
autolytic,11.3317,
citric,11.3317,
cranberry,11.3317,
sheer,11.3304,c1
defending,11.3277,
o'clock,11.3275,c1
trace,11.3271,b2
atomic,11.3255,c1
coordination,11.3248,c1
guitar,11.3214,b2
arbitrary,11.3155,c1
starring,11.3153,
drunken,11.2953,c1
participating,11.2945,
earthy,11.289,
odor,11.2833,c1
nerves,11.2758,
survival,11.2753,b2
solemn,11.2702,
loyalty,11.2612,c1
lobby,11.2602,b2
specialist,11.2567,b2
peer,11.2464,b1
refusal,11.2424,c1
tactics,11.241,
whispered,11.241,
optical,11.2374,c1
landscape,11.2342,b2
outgoing,11.2318,
stranded,11.2288,
loyal,11.2244,c1
moreover,11.2192,b2
fixing,11.2163,
stealing,11.2047,
oven,11.1901,b2
oxen,11.1876,
excessively,11.1806,
advise,11.1803,b2
starboard,11.1773,
claret,11.1689,
wow,11.1674,b1
automotive,11.1601,
heated,11.1596,c1
abundance,11.1518,c1
chaos,11.1474,b2
suited,11.1469,
impatient,11.1466,c1
charter,11.1441,b2
tighten,11.1369,c1
measuring,11.1325,
narrative,11.132,b2
bounce,11.131,b2
sinking,11.1282,
sadly,11.1164,c1
specially,11.1163,c1
offend,11.1159,c1
treasure,11.113,b2
bosom,11.1102,
typically,11.1083,b2
spill,11.1066,b2
agenda,11.106,b2
midday,11.0979,
statutory,11.0951,
hurricane,11.0927,b2
exceedingly,11.0907,
apparel,11.0906,
trim,11.0904,b2
thump,11.09,c1
orientation,11.0884,b2
historic,11.086,b2
dissolved,11.0834,
consequently,11.0771,c1
garage,11.0768,b2
licked,11.0711,
elimination,11.0597,c1
climbing,11.0555,c1
wipe,11.0523,b2
confess,11.0503,b2
repeating,11.05,
digging,11.0442,c1
contributor,11.0412,c1
cocktail,11.0364,c1
kg,11.0358,
coating,11.0345,
saline,11.0335,
roommate,11.0315,c1
mounting,11.0274,
spider,11.0271,c1
fragrance,11.0195,
tank,11.0163,b1
insight,11.0155,b2
equation,11.0123,b2
comparative,11.0077,
potato,11.0035,b2
indifferent,11.0014,
robin,10.9983,
completing,10.9961,
underway,10.9862,c1
casting,10.9861,
conspiracy,10.9856,b2
messenger,10.9854,c1
outline,10.9825,b2
weigh,10.9805,b2
evidently,10.9681,c1
distribute,10.9638,b2
george,10.961,
ethical,10.9558,b2
occasions,10.9516,
canvas,10.9495,b2
youthful,10.946,
grocery,10.9448,b2
sticking,10.9429,
combo,10.9414,
rushing,10.9409,
clue,10.9319,b2
resolving,10.928,
tasting,10.9266,c1
cheating,10.9215,
arranging,10.9202,
railway,10.9149,
esteem,10.9128,
wandering,10.9127,
colony,10.9045,b2
vigorous,10.9012,c1
afterward,10.9011,c1
judges,10.9009,
advancing,10.8949,
individually,10.8914,c1
restrict,10.8904,b2
consolidation,10.8899,
swiftly,10.8873,c1
rig,10.8802,b2
stained,10.8793,
fiery,10.8701,c1
bang,10.8638,b2
gardening,10.8509,c1
define,10.8507,b1
governing,10.8478,
garlic,10.8452,b2
metropolitan,10.8434,c1
spelling,10.84,c1
articulate,10.8331,b2
sausage,10.8213,c1
tap,10.8183,b2
camel,10.8168,c1
retreat,10.8126,b2
frequency,10.8085,b2
dislike,10.807,b2
carpenter,10.8031,
slope,10.8021,b2
interval,10.7992,c1
deterioration,10.7988,
pouring,10.7973,c1
thither,10.7963,
kindly,10.7961,c1
substitute,10.7937,b2
embarrassed,10.7761,c1
platinum,10.7737,
wickedness,10.7683,
representation,10.7664,b2
relieved,10.7628,c1
respects,10.7625,
thyroid,10.7466,
champagne,10.7397,c1
policeman,10.7325,c1
petrol,10.73,
deregulation,10.73,
compliance,10.7236,c1
spectacular,10.7208,c1
mask,10.718,b2
everlasting,10.7174,
bob,10.7087,
lockup,10.7032,
feasibility,10.7027,
divide,10.7016,b1
punk,10.697,c1
terrific,10.6946,c1
sandwich,10.6759,b2
residence,10.6744,b2
awareness,10.6738,b2
authorization,10.665,
lawn,10.6639,b2
captivity,10.6613,
dough,10.6532,c1
advisor,10.6506,c1
insure,10.6491,c1
sterile,10.646,
elderly,10.6459,b2
salesman,10.643,c1
lawsuit,10.6395,b2
packing,10.6317,c1
ferry,10.6272,c1
millionaire,10.6256,c1
twin,10.6172,b1
masses,10.6065,
emerging,10.606,c1
malformed,10.6049,
nonexistent,10.6029,
restrictive,10.6021,
staining,10.6004,
experimental,10.5959,b2
snort,10.574,c1
creepy,10.5683,c1
rob,10.566,c1
heap,10.5623,b2
compassion,10.5599,c1
endure,10.5548,b2
cloying,10.5548,
locale,10.5548,
conservation,10.5541,c1
tune,10.5532,b2
procurement,10.5428,
terminate,10.542,c1
illness,10.531,b2
bleeding,10.5301,c1
capture,10.506,b1
posting,10.5057,c1
forecasting,10.5038,
realization,10.4924,c1
likelihood,10.4885,c1
psycho,10.487,c1
cracker,10.486,c1
align,10.4838,c1
assault,10.4787,b2
receipts,10.4739,
conception,10.4738,c1
memorable,10.4734,c1
earliest,10.4722,
directing,10.4695,
flashy,10.4674,
balloon,10.4655,b2
magnificent,10.4586,c1
credited,10.4559,
drilled,10.4554,
rip,10.4545,b2
python,10.4532,
flee,10.4494,b2
lame,10.4482,c1
terrorism,10.4366,b2
thirsty,10.4341,c1
diplomat,10.433,c1
furnish,10.4308,
beg,10.4268,b2
gracefully,10.4261,
popping,10.4233,
phantom,10.4219,c1
heel,10.4208,b2
pie,10.4162,b2
recognised,10.4149,
devaluation,10.4145,
supreme,10.4097,b2
wreck,10.4034,b2
gospel,10.4021,b2
martin,10.3978,
smelling,10.3977,
spicy,10.397,
hay,10.3958,c1
revaluation,10.3893,
oilseed,10.3893,
hither,10.3849,
diversified,10.3844,
consensus,10.3827,b2
relaxed,10.378,c1
haircut,10.3605,c1
startling,10.3604,
logic,10.3517,b2
destructive,10.35,c1
sickness,10.3487,c1
thread,10.3446,b2
pursuing,10.3418,
aided,10.3417,
neighbor,10.3365,b1
hut,10.3359,c1
peach,10.3349,c1
barrier,10.3324,b2
seventeen,10.3324,c1
redeemed,10.33,
morality,10.33,c1
portable,10.3245,c1
farming,10.3226,c1
shaken,10.3186,
williams,10.3151,
poetic,10.3147,c1
grim,10.3135,c1
hardcore,10.3084,
scholarship,10.3079,b2
mustard,10.3001,c1
superb,10.3,c1
resort,10.2943,b2
oath,10.2848,c1
epic,10.2695,b2
refund,10.2674,c1
propaganda,10.2603,c1
voiced,10.2592,
moderately,10.2542,
frankly,10.2509,b2
focusing,10.2476,
aloud,10.2423,c1
relevant,10.2397,b2
nationalism,10.2389,
stoned,10.2378,
witty,10.2319,c1
monitoring,10.2318,c1
vine,10.2304,c1
villain,10.2299,c1
undoubtedly,10.2267,c1
stretching,10.2218,
murderer,10.217,c1
imply,10.2094,b2
accelerated,10.2062,
linen,10.2038,c1
firing,10.2038,c1
pickup,10.2018,c1
ritual,10.2011,b2
hermit,10.1921,
climax,10.191,
employ,10.1856,b2
taunting,10.1854,
aggressively,10.1849,c1
battery,10.183,b2
composer,10.1801,c1
ambition,10.1794,c1
ivory,10.1789,c1
fantasy,10.1783,b2
unclear,10.1768,c1
kernel,10.1753,
darling,10.1728,b2
alright,10.1642,b2
outward,10.1595,c1
verse,10.1581,c1
episode,10.1558,b1
constructive,10.151,c1
stead,10.1494,
sworn,10.1491,
amazingly,10.1469,c1
compose,10.1465,b2
gratitude,10.1434,c1
keeper,10.1396,c1
attain,10.1332,c1
principally,10.1329,
inherit,10.1229,c1
spreading,10.1173,c1
flavour,10.1144,
stony,10.1124,
addressed,10.1123,
commander,10.1084,b2
portrait,10.1029,b2
boarding,10.1028,c1
landlord,10.1011,c1
slowdown,10.0939,
virus,10.093,b2
eighteen,10.0913,c1
attach,10.0804,b2
rollover,10.0743,
execute,10.0694,b2
upturn,10.0639,
grotesque,10.0618,
cinema,10.0598,c1
cheerful,10.056,c1
skeptical,10.0511,c1
confined,10.05,
monstrous,10.0488,c1
enthusiastic,10.0486,c1
despise,10.0473,c1
emission,10.0468,b2
northeast,10.0442,c1
scratch,10.0441,b2
daylight,10.0383,c1
escort,10.0313,b2
corrupted,10.0278,
mob,10.0236,c1
dive,10.0223,b2
mourning,10.0194,
anyways,10.0188,
curly,10.0175,c1
frustrated,10.0143,c1
span,10.0143,b2
similarly,10.0099,b2
robot,10.0083,b2
whence,10.0067,
thermal,9.99875,c1
organisation,9.99801,
hideous,9.99565,c1
rap,9.99424,b2
tart,9.99143,c1
negotiation,9.98818,b2
fresher,9.98792,
backlog,9.97316,
wheelchair,9.9719,c1
freaky,9.9719,c1
eloquent,9.9697,
kerosene,9.95839,
revealing,9.94939,
chlorine,9.94847,
seller,9.94821,c1
abortion,9.94456,b2
certainty,9.93706,c1
mentally,9.91272,c1
icy,9.90311,c1
painfully,9.89701,c1
appreciated,9.893,
steak,9.89298,c1
boycott,9.89282,c1
weakening,9.88711,
buffet,9.88686,c1
successor,9.87928,c1
stump,9.87886,c1
sweater,9.87635,c1
binomial,9.87525,
desegregation,9.87525,
limiting,9.87039,
skilled,9.86875,c1
scrambled,9.86444,
stimulation,9.86326,
enabling,9.86326,
technological,9.85956,c1
exploit,9.85845,b2
psychology,9.85363,b2
affectionate,9.85303,
separation,9.85043,c1
traditionally,9.84546,c1
disclosure,9.84367,c1
coordinated,9.83812,
pine,9.8361,b2
organize,9.82827,b1
bra,9.82767,c1
bass,9.82628,b2
luncheon,9.82338,
provoke,9.8227,c1
authorised,9.82023,
convenience,9.80838,c1
jones,9.80724,
mutually,9.79615,
respected,9.79554,c1
comb,9.79071,c1
invasion,9.78773,b2
performer,9.78693,c1
slack,9.78446,c1
stabilisation,9.78328,
kwacha,9.78328,
gnome,9.7816,
artwork,9.7796,c1
transformed,9.77842,
surgery,9.7754,b1
scott,9.77287,
fright,9.7722,c1
hog,9.77045,c1
eagle,9.76979,b2
shine,9.7616,b2
motive,9.76019,b2
ambiguous,9.75918,
batman,9.75916,
lengthy,9.7569,c1
adversely,9.75593,
oar,9.74024,
disputed,9.7364,
walker,9.73584,
loudspeaker,9.73352,
aviary,9.73352,
elect,9.73338,b2
sabbath,9.73025,
buzz,9.73014,
panting,9.72973,
guinea,9.72585,
moose,9.72511,
gravity,9.72295,b2
infinitely,9.72292,
spoof,9.71982,
scientist,9.71455,b1
publicity,9.71432,c1
synthetic,9.71432,c1
flick,9.71309,c1
optimal,9.71051,c1
gangster,9.70812,
tickle,9.70588,c1
positively,9.70502,c1
aesthetic,9.70309,c1
successive,9.70243,
daddy,9.69618,b1
utmost,9.696,
imitation,9.69067,
captive,9.68968,c1
trendy,9.68345,
grail,9.68345,
colored,9.67445,c1
startled,9.67366,
medieval,9.67314,c1
puzzled,9.66184,
dramatically,9.66025,b2
vivid,9.65853,c1
simplicity,9.65483,c1
lifetime,9.65403,b2
fraud,9.65254,b2
impress,9.6397,b2
ben,9.63737,
scrutiny,9.63641,c1
surfing,9.63537,
reporter,9.63331,b1
supplying,9.62971,
shield,9.62861,b2
alcoholic,9.62767,c1
doomed,9.62368,
conjunction,9.61819,c1
halfway,9.61407,b2
dwelling,9.61206,
impulse,9.60774,c1
indifference,9.59764,
hopeless,9.59253,c1
ruler,9.58973,c1
cloning,9.5873,
exam,9.5873,b2
apparatus,9.5761,
creditor,9.57515,
interfere,9.57322,c1
chop,9.56677,b2
whisper,9.56288,b2
grading,9.56113,
swinging,9.56078,
intact,9.55627,c1
sucking,9.55025,
teens,9.54896,
triple,9.54706,b2
debris,9.54044,c1
snot,9.53922,
radar,9.53663,c1
damaging,9.53649,
incest,9.53583,
coupon,9.53377,c1
heroin,9.52952,c1
assertion,9.52882,c1
hemisphere,9.52863,c1
streak,9.52541,b2
weep,9.52183,c1
reliance,9.51896,
spice,9.51894,b2
beetroot,9.51358,
pasta,9.50099,c1
admiration,9.50029,c1
injunction,9.49973,
tangible,9.4979,c1
corpse,9.49608,c1
popularity,9.4943,c1
hull,9.49397,
mousse,9.49115,
bonk,9.49115,
xxx,9.49115,
cheesecake,9.49115,
magnetic,9.48947,c1
remarkably,9.48578,c1
yelled,9.48034,
hastily,9.47606,
damned,9.47386,c1
dread,9.47265,c1
pains,9.47135,
benchmark,9.46769,c1
emphasized,9.46705,
bearish,9.46548,
counselor,9.46323,b2
interpret,9.46202,b2
vanished,9.46142,
coalition,9.44932,b2
clad,9.44921,
blog,9.44307,b1
br,9.44307,
clunk,9.44307,
debug,9.44307,
opacity,9.44307,
encryption,9.44307,
selector,9.44307,
shitting,9.44307,
varietal,9.44307,
toggle,9.44307,
supposedly,9.43941,c1
woe,9.437,c1
talented,9.43664,b2
poster,9.43537,b2
oriented,9.4253,
unrelated,9.4248,c1
unresolved,9.42357,
violently,9.42167,c1
buck,9.42076,b1
sampling,9.41755,c1
influential,9.41647,c1
surviving,9.41048,c1
trap,9.40294,b1
communist,9.40115,b2
twentieth,9.39182,c1
palette,9.3913,
chains,9.38302,
insufficient,9.37673,c1
oblivious,9.37568,
wander,9.37379,b2
protective,9.3721,c1
businessman,9.3683,c1
servicing,9.36712,
uneasy,9.36388,c1
meantime,9.35938,c1
circuit,9.35848,b2
muttering,9.35795,
accelerate,9.35651,c1
haunted,9.35387,c1
compiling,9.35236,
bargaining,9.34526,
bullock,9.34246,
improperly,9.34173,
syndrome,9.33722,c1
bargain,9.33545,b2
debut,9.33356,b2
chambers,9.32623,
fallout,9.3195,
redundant,9.3153,
sounding,9.31501,
acknowledge,9.31481,b1
combining,9.31261,
cruise,9.31252,b2
disastrous,9.31091,c1
unacceptable,9.30941,c1
proposition,9.30577,c1
multiply,9.29927,c1
rinse,9.29715,
syntax,9.29715,
hedge,9.2968,b2
robust,9.29477,c1
e.g.,9.29436,
enlarged,9.29358,
challenging,9.28817,c1
reproach,9.27915,
intensive,9.27795,c1
dip,9.26865,b2
riches,9.26784,c1
transformation,9.26674,b2
thirteen,9.2533,c1
shaved,9.25099,
involvement,9.24702,b2
traveled,9.24619,
razor,9.24608,c1
banner,9.24498,c1
worthwhile,9.24301,c1
belonging,9.2412,
sphere,9.23909,c1
harry,9.23234,
warmer,9.22926,
applause,9.22696,c1
complement,9.22497,c1
painter,9.22195,c1
occupation,9.22165,b2
organs,9.21994,
umbrella,9.21865,c1
bleed,9.21863,b2
willingly,9.21745,
scrap,9.20266,b2
trillion,9.19747,c1
assess,9.19355,b2
helpless,9.19021,c1
fortunate,9.189,c1
insert,9.1874,b2
spotted,9.1844,
inform,9.1831,b1
gauge,9.1758,c1
confidential,9.17492,c1
furnished,9.17378,
headless,9.16936,
discretion,9.16907,c1
liquidation,9.166,
bizarre,9.1599,c1
favored,9.15937,
durable,9.14696,
blunt,9.14664,c1
exhausted,9.13903,c1
conceive,9.13422,c1
fog,9.13242,c1
presidential,9.13215,b2
cautiously,9.13013,
citrus,9.12204,
sculpture,9.12038,c1
boot,9.11851,b1
fever,9.11599,c1
hug,9.11487,b2
classical,9.11328,c1
breeze,9.10537,c1
municipal,9.10447,c1
disability,9.10285,b2
thereafter,9.10259,c1
abode,9.09817,
taxation,9.09249,
trapped,9.0923,
womb,9.09216,c1
infection,9.09174,b2
refrain,9.08867,c1
economics,9.08807,b2
fitness,9.08214,b2
retire,9.07856,b2
solved,9.07675,
hearken,9.07324,
calculation,9.07153,c1
saturated,9.07026,
hatred,9.06642,c1
provincial,9.06463,
sack,9.0623,b2
uptown,9.05478,c1
wealthy,9.05032,b2
glowing,9.05019,c1
thorough,9.04929,c1
mouthful,9.03795,
muscular,9.03455,c1
torture,9.03386,b2
countless,9.03078,c1
diverse,9.02776,b2
regain,9.02607,c1
economical,9.02526,
sleepy,9.01975,c1
balancing,9.01944,
formidable,9.01824,c1
injustice,9.01643,c1
nude,9.01604,
testify,9.01393,b2
fellowship,9.00992,c1
immigration,9.00942,b2
long-term,9.00391,b2
so-called,9.00391,b2
uranium,9.00125,
bidder,9.00096,
cult,9.00004,c1
aids,8.99982,b2
relieve,8.99873,c1
popcorn,8.9967,c1
chorus,8.99279,c1
trusted,8.99271,
uncommon,8.99149,c1
ignorance,8.9891,c1
contributing,8.9818,
clinical,8.98118,b2
supernatural,8.97909,c1
succession,8.97858,c1
unsolicited,8.97753,
chew,8.96865,c1
exploded,8.96845,
flawed,8.96827,c1
continental,8.96199,c1
fraction,8.96016,c1
wan,8.95174,
monopoly,8.94435,c1
foe,8.94272,c1
everyday,8.94202,b2
ray,8.93895,c1
russian,8.93492,b1
mechanics,8.92779,
chariot,8.9263,
issuing,8.92323,
v,8.92299,
thumb,8.92198,b2
daring,8.92189,c1
trophy,8.92057,c1
sunflower,8.90702,
theatrical,8.90418,
calmly,8.89225,c1
gallery,8.89224,b2
cracking,8.88904,
resemble,8.88874,b2
crushed,8.88524,
aerospace,8.88458,
gear,8.88103,b2
cartoon,8.87915,c1
bouncing,8.87601,c1
fading,8.87591,
solitary,8.87372,c1
fulfill,8.87345,c1
hail,8.86922,b2
morals,8.8668,
federation,8.86575,c1
accordingly,8.86531,c1
rash,8.85789,c1
sunk,8.85391,
nonsense,8.84649,c1
void,8.84077,b2
periodic,8.84027,
amusement,8.83989,c1
unwilling,8.83929,c1
glow,8.83816,b2
decisive,8.83657,c1
petrochemical,8.83651,
provisionally,8.83651,
odds,8.83638,b2
crackers,8.83484,
salty,8.83484,c1
leisure,8.83187,c1
astronomy,8.83174,c1
unnamed,8.82907,
inferior,8.82835,c1
racial,8.82775,b2
enforced,8.82725,
hammer,8.82386,b2
fortnight,8.82194,
wig,8.82153,c1
reluctantly,8.81944,
indignation,8.81884,
inject,8.81676,c1
multilateral,8.81137,
semester,8.8107,c1
hazard,8.80861,c1
pretending,8.80741,
singular,8.80731,c1
vacuum,8.8031,b2
necklace,8.79879,c1
strained,8.79772,
signing,8.79191,c1
intercourse,8.79178,
qualify,8.79121,b2
refuge,8.78518,c1
el,8.78497,
flux,8.78397,
secretly,8.78319,c1
guessing,8.76866,
sunrise,8.76735,c1
trumpet,8.76676,c1
rectangle,8.76433,
yarn,8.76377,c1
confrontation,8.76098,c1
nick,8.76009,c1
festival,8.75825,b2
questioning,8.75764,c1
abrupt,8.75634,
dreamed,8.74912,
polish,8.74901,b2
downstairs,8.74651,b2
dial,8.7455,b2
scholar,8.74451,b2
legged,8.7423,
subsequently,8.73764,c1
sensitivity,8.7366,c1
harmless,8.7325,c1
sixty,8.72619,c1
translate,8.72118,b2
dental,8.71727,c1
contempt,8.71668,c1
viewers,8.70752,
founder,8.70558,b2
bundle,8.70515,b2
ecstasy,8.70334,
slay,8.69826,c1
gambling,8.69745,c1
collect,8.68974,b1
rhythm,8.68031,b2
sights,8.67682,
northwest,8.67654,c1
martial,8.67594,c1
shuttle,8.6745,b2
sunset,8.66931,c1
foil,8.66669,c1
slime,8.66658,
winner,8.66593,b1
issuance,8.66052,
submarine,8.65888,c1
locally,8.65119,c1
drift,8.64888,b2
earnestly,8.64416,
pineapple,8.64355,
planner,8.64324,c1
emotionally,8.64108,c1
unprecedented,8.64028,c1
injection,8.63338,c1
annoyed,8.62394,c1
emphasize,8.62214,b2
cinematography,8.61907,
detected,8.61833,
unstable,8.61634,c1
imposing,8.61285,
contingent,8.61215,c1
folly,8.60771,
blond,8.6067,c1
sam,8.60537,
statistical,8.60312,c1
philosophical,8.59569,c1
pin,8.58967,b2
luxury,8.58778,b2
veto,8.5851,c1
staged,8.58499,
projection,8.57989,c1
sunlight,8.57676,c1
licence,8.57367,
seashore,8.56682,
politely,8.56623,c1
instinct,8.56606,b2
est,8.56383,
weakened,8.56257,
architect,8.56094,c1
nineteen,8.55742,
threshold,8.55394,c1
pledge,8.55005,b2
vulgar,8.54741,
intermittently,8.5471,
specialized,8.54571,c1
tilted,8.5429,
applicable,8.54272,c1
suggestive,8.54269,
smite,8.5316,
selective,8.5304,c1
mailed,8.5304,
astonishment,8.52879,
insistence,8.52399,
renew,8.52331,c1
downwards,8.5228,
adjacent,8.52198,c1
accrual,8.52092,
privatisation,8.52092,
famine,8.51988,
sewage,8.51916,
opposing,8.51819,c1
ladder,8.50705,c1
appetite,8.50134,c1
conducting,8.49706,
handful,8.49505,b2
proudly,8.49052,c1
unseen,8.48803,c1
astonished,8.48102,
casually,8.4793,c1
garment,8.47461,c1
coding,8.47388,
massage,8.47188,b2
composite,8.47092,c1
summary,8.46721,b2
fitted,8.46588,
murphy,8.46115,
squad,8.45878,c1
peanuts,8.45858,
activate,8.45095,c1
electron,8.44815,c1
quack,8.44654,
sniff,8.44624,b2
begging,8.44565,
alas,8.43235,c1
transmission,8.43225,b2
array,8.43165,b2
hardware,8.43124,b2
calculating,8.42526,
applicant,8.42361,c1
bronchial,8.42301,
orgy,8.4218,
interruption,8.42081,
token,8.41663,c1
glue,8.41369,b2
freshness,8.41089,
rag,8.41049,c1
attraction,8.40931,c1
heavenly,8.40901,c1
rejection,8.40632,c1
li,8.4061,
corps,8.40098,b2
scaled,8.39988,
warming,8.39077,b2
doll,8.38827,b2
donkey,8.37925,c1
picket,8.37603,
doc,8.37373,b2
perfection,8.36775,c1
imminent,8.36577,c1
contrived,8.36546,
embassy,8.36045,c1
payroll,8.35904,c1
pierced,8.3564,
min,8.3533,
aunt,8.35212,b2
publisher,8.34832,b2
broadcasting,8.34293,
miracle,8.3403,b2
pounding,8.33798,c1
peg,8.33007,c1
convey,8.32819,b2
destined,8.3277,
freshman,8.32596,b2
bartender,8.32196,c1
frontier,8.32186,c1
surrender,8.31906,b2
courtesy,8.31816,c1
fountain,8.31526,c1
unidentified,8.31457,c1
healed,8.31436,
twilight,8.31416,c1
haul,8.31356,b2
fare,8.30677,b2
coffin,8.30564,c1
notify,8.30502,c1
colon,8.30202,
relate,8.29165,b1
thoughtful,8.28852,c1
stimulus,8.28482,c1
trimmed,8.28271,
taxpayer,8.2826,b2
avocado,8.27988,
mates,8.27689,
conditional,8.27093,
lousy,8.27018,c1
academy,8.26891,b2
integrity,8.26878,b2
coastal,8.26429,c1
dependency,8.26429,
immense,8.26138,c1
colorful,8.26078,c1
comprise,8.25889,c1
merging,8.25887,
bounds,8.25766,
genuinely,8.25598,c1
greatness,8.25357,c1
recognise,8.25316,
demonstration,8.24344,b2
processor,8.23914,c1
polished,8.22722,
rested,8.22572,
mum,8.22309,c1
filmed,8.22154,
sung,8.22151,
handy,8.21649,c1
discouraged,8.2098,
apt,8.2091,c1
stockpile,8.20533,c1
pickle,8.19745,c1
attacking,8.19718,
improper,8.19446,
almond,8.18904,
manifest,8.18345,c1
choke,8.18268,b2
clothed,8.18266,
distorted,8.18196,
weirdness,8.17943,
superficial,8.17885,
forbid,8.17815,c1
therapist,8.17633,b2
embrace,8.17393,b1
lid,8.17183,c1
ninth,8.17043,c1
edited,8.16433,
sweep,8.16252,b2
condom,8.1585,c1
refreshed,8.15329,
navy,8.15313,b2
brat,8.15058,c1
deed,8.1438,c1
lane,8.1402,b2
cloudy,8.13917,c1
adobe,8.13536,
localization,8.13536,
governmental,8.13498,c1
revelation,8.13468,b2
squirrel,8.13336,c1
modeling,8.13336,c1
voluntarily,8.13308,c1
polynomial,8.13256,
obsolete,8.13066,
trek,8.12863,c1
topped,8.12549,
competitor,8.1252,b2
impatience,8.12307,
minded,8.12017,
lessen,8.11207,c1
vaginal,8.11072,
dryness,8.10673,
bruce,8.10369,
denial,8.10253,c1
irrelevant,8.09562,c1
economically,8.09494,c1
pan,8.0894,b2
unemployed,8.08744,c1
firstborn,8.08611,
crappy,8.08328,
overwrought,8.08328,
bats,8.0807,
shiny,8.07557,c1
baptized,8.06847,
defeated,8.06408,
musician,8.06166,b2
sour,8.06098,b2
feasible,8.06046,c1
apricot,8.05644,
freezing,8.05105,c1
builder,8.04843,c1
outrageous,8.04214,c1
athletic,8.04213,b2
justification,8.03894,c1
magical,8.03734,c1
travelling,8.03432,
excitedly,8.0291,c1
cheat,8.027,b2
kneeling,8.02629,
digital,8.02473,b1
overwhelming,8.02441,b2
forthcoming,8.02001,c1
rejoicing,8.01899,
regulation,8.01872,b1
cleansing,8.01498,
alliance,8.014,b2
brow,8.0116,c1
migrate,8.01157,c1
collecting,8.00858,
legitimate,8.00839,b2
valiant,8.00016,c1
spear,7.99557,c1
dimension,7.99526,b2
philosopher,7.99405,c1
breathed,7.99054,
wonderfully,7.98638,c1
checker,7.98593,
franchise,7.98578,b2
atheist,7.98303,c1
roast,7.97923,b2
unaware,7.97654,c1
smash,7.97181,b2
menace,7.96956,
supplement,7.96753,b2
transparency,7.96571,c1
accessory,7.96349,c1
pleasingly,7.96349,
daytime,7.95469,c1
cunning,7.9519,
feeble,7.95069,
stimulating,7.94992,
remembering,7.94989,
arresting,7.94817,
gynecologist,7.94106,
jobless,7.93561,
continuity,7.93376,c1
reef,7.93265,c1
undertake,7.92997,c1
neglected,7.92766,
laden,7.92687,
hopeful,7.92647,b2
den,7.92355,c1
postpone,7.92036,c1
discharge,7.92015,b2
pasted,7.91642,
shaft,7.91634,c1
enhanced,7.91335,c1
pulmonary,7.91262,
oxide,7.91047,
naive,7.90553,c1
doubtless,7.90101,
bleak,7.89844,
vampire,7.89795,c1
silk,7.8958,c1
verbal,7.89321,c1
picker,7.89298,
satellite,7.89221,b2
exaggerated,7.89002,
propane,7.88974,
riyal,7.88974,
dice,7.88758,c1
waterway,7.88753,
starving,7.88287,c1
vigorously,7.8819,
timely,7.88011,c1
blues,7.87388,
yogurt,7.87005,c1
furnace,7.86737,c1
obscure,7.86677,b2
evolve,7.86635,b2
wrestling,7.86538,c1
therapy,7.86337,b2
valuation,7.85477,
unlocked,7.85233,
descent,7.85024,c1
suffix,7.84491,
hawker,7.84491,
yoga,7.84491,c1
mannequin,7.84491,
tannin,7.84491,
rotting,7.84292,
correspondence,7.84252,c1
inaccurate,7.84243,
ecumenical,7.84211,
a.m.,7.84211,
vinegar,7.84111,c1
liking,7.83982,
aloft,7.83982,
preaching,7.83812,
truman,7.83618,
renewal,7.82172,c1
spinning,7.82061,
turmoil,7.81751,c1
marquee,7.81727,
smack,7.80986,b2
saddle,7.80846,b2
sane,7.80306,c1
remotely,7.79937,c1
ooh,7.79483,b2
ie,7.79483,b2
furious,7.79085,c1
stabilizing,7.78918,
drafting,7.78697,
depletion,7.78697,
pose,7.78496,b2
unrest,7.77856,
dominion,7.77793,
induced,7.77373,
spectacle,7.76962,c1
brightness,7.76961,
competent,7.76871,c1
abnormal,7.7687,
passport,7.76749,c1
hardened,7.76701,
prevention,7.7659,b2
insider,7.76174,c1
knocking,7.75819,
alarmed,7.75148,
inter,7.75141,
shoo,7.74676,c1
stinky,7.74676,c1
hypothesis,7.74266,b2
angrily,7.74246,
turnaround,7.74131,
systematic,7.73996,c1
breeding,7.73877,c1
harmony,7.73866,c1
reversal,7.7371,
sleeve,7.73495,c1
depress,7.73318,c1
mischief,7.73076,c1
neighboring,7.73034,c1
fighter,7.72646,b2
twang,7.72112,
melancholy,7.72074,c1
biography,7.71972,c1
explosive,7.71894,c1
revive,7.71164,c1
vodka,7.70361,c1
upcoming,7.70175,c1
sands,7.70022,
hr,7.69898,
tequila,7.69868,
dripping,7.69809,
rabbi,7.69698,c1
encouragement,7.6956,c1
enchanter,7.69548,
bark,7.69519,b2
cone,7.69408,c1
nominated,7.69221,
sneak,7.69048,b2
crib,7.68857,c1
infectious,7.68788,c1
loins,7.68718,
southeast,7.68641,c1
bloc,7.68641,
coordinate,7.68641,b2
chartered,7.68511,
mayor,7.68408,b2
prescribed,7.68047,
entertained,7.67958,
specimen,7.67586,c1
cafe,7.67306,c1
adapted,7.67268,
judging,7.67158,
imaginary,7.67035,c1
des,7.66809,
stir,7.66576,b2
incompatible,7.66464,
scented,7.65973,
braces,7.65452,
merry,7.65264,c1
slender,7.65102,c1
restless,7.65063,c1
spyglass,7.65061,
headset,7.65061,
tangent,7.64781,
ginger,7.64731,c1
essay,7.64431,b2
carter,7.64388,
invoke,7.64,c1
workshop,7.6391,b2
sealed,7.63781,
envelope,7.6378,c1
flooding,7.63775,c1
brake,7.63612,b2
tense,7.63202,b2
classified,7.63192,
dominate,7.62941,b2
abomination,7.62549,
append,7.62497,
farmyard,7.62497,
erratic,7.62348,
locate,7.62278,b1
tearing,7.62197,
hike,7.61781,b2
tray,7.61346,c1
pioneer,7.61346,b2
sherry,7.61286,
illustrate,7.61146,b2
fearful,7.60696,c1
acrobat,7.60253,
codger,7.60253,
penetration,7.60106,
grasp,7.60096,b2
someplace,7.60083,c1
mars,7.5998,
robbery,7.59674,c1
noticeable,7.59585,c1
champion,7.59214,b2
smashed,7.59143,
capsule,7.58513,c1
affliction,7.58173,
recovering,7.58093,
exalted,7.58092,
dash,7.57821,b2
empire,7.57663,b2
diction,7.57519,
comparatively,7.57431,
yuan,7.57415,
cartel,7.57415,
exchangeable,7.57415,
importer,7.57415,
prevail,7.57392,c1
constitutional,7.56839,b2
continual,7.5673,
ascii,7.55446,
configure,7.55446,
configured,7.55446,
cooter,7.55446,
deletion,7.55446,
lemony,7.55446,
liquorice,7.55446,
minty,7.55446,
nectarine,7.55446,
netscape,7.55446,
overwrite,7.55446,
perm,7.55446,
pixel,7.55446,
rowboat,7.55446,
scrotum,7.55446,
shiksa,7.55446,
slider,7.55446,
fizzy,7.55446,
flavoursome,7.55446,
greyed,7.55446,
upload,7.55446,c1
usability,7.55446,
vibrator,7.55446,
whop,7.55446,
thunderbird,7.55446,
confession,7.55408,c1
afar,7.55258,
gyro,7.55166,
pathetic,7.55091,c1
exploratory,7.5468,
damp,7.53735,c1
scenery,7.52765,c1
grandfather,7.52604,b2
mystic,7.52022,c1
environmental,7.51945,b1
hardship,7.51794,c1
violated,7.51375,
acceleration,7.51042,
digit,7.5071,c1
kidney,7.50469,c1
designing,7.49999,
allen,7.49965,
booth,7.49748,c1
wary,7.49621,c1
orthodox,7.49457,c1
bulletin,7.49381,c1
mandatory,7.49231,c1
gaze,7.49158,b2
nomination,7.48329,c1
butterfly,7.48065,c1
integral,7.47978,c1
insecure,7.47775,c1
crabs,7.47104,
shekels,7.47056,
discrimination,7.47024,b2
afflicted,7.46585,
ace,7.46565,c1
parody,7.46366,c1
marble,7.46193,c1
consultant,7.45783,b2
buggy,7.45661,
revolutionary,7.45312,b2
prosperity,7.45273,c1
masterpiece,7.44594,c1
rebel,7.44432,b2
unreasonable,7.43992,
repent,7.4392,
honesty,7.43591,c1
ms,7.43091,
consult,7.4296,b2
hump,7.42857,c1
severance,7.42522,
prematurely,7.42326,
kit,7.42297,b2
decency,7.42206,
remnant,7.42028,c1
conflicting,7.41147,c1
eternity,7.40885,c1
expandable,7.40854,
patrol,7.40785,b2
restrain,7.40647,c1
wherefore,7.40345,
posse,7.39842,
wannabe,7.39653,
invention,7.39543,c1
amazed,7.39174,c1
inviting,7.39113,
spark,7.39065,b2
rumor,7.38874,b2
copyright,7.38842,b2
treasurer,7.38834,
milestone,7.3836,c1
nondescript,7.3809,
contemplate,7.3804,c1
plank,7.3788,c1
babe,7.37873,c1
standstill,7.37444,
compliment,7.37341,b2
linear,7.3733,c1
debtor,7.36603,
dotted,7.36357,
bitterly,7.36328,
settling,7.35909,
dye,7.35806,c1
weeping,7.35537,c1
pharmaceutical,7.3525,c1
overlay,7.35245,c1
bravely,7.35005,c1
masters,7.34737,
melting,7.34645,
breach,7.34397,b2
adequately,7.34366,c1
airplane,7.34306,c1
territorial,7.34297,
parted,7.34126,
spine,7.34034,c1
whisky,7.34004,
beverage,7.33946,c1
accommodate,7.33924,c1
featured,7.33707,
readiness,7.33645,
descending,7.33463,
periodically,7.33033,
sitter,7.32972,c1
squeezing,7.32883,
inward,7.32343,c1
seventy,7.32172,
democracy,7.32081,b2
amateur,7.31931,b2
blinking,7.316,
boil,7.3145,b2
joyful,7.3143,c1
extract,7.30961,b2
immortality,7.30689,
clown,7.29588,c1
wretched,7.28928,c1
reasoning,7.28927,c1
detergent,7.28636,
tile,7.28556,c1
coincidence,7.28366,c1
foremost,7.28307,c1
scandal,7.28269,b2
woo,7.27898,c1
cinematic,7.26528,
thumping,7.26231,
comprehension,7.26052,
hello,7.26031,a2
liberalisation,7.25856,
oilfield,7.25856,
movable,7.25771,
implicit,7.25393,
questionable,7.25362,c1
incoming,7.25144,c1
orphan,7.24149,c1
eventual,7.23861,c1
ideological,7.23849,c1
bunk,7.23527,c1
exchequer,7.23342,
bye,7.23329,b2
intriguing,7.23091,c1
opium,7.22957,
syndicate,7.22901,
mathematical,7.22837,c1
listener,7.22335,c1
mole,7.22305,c1
unlimited,7.21968,c1
fragile,7.21546,c1
vanish,7.21335,c1
crooked,7.20965,c1
tempered,7.20854,
briefing,7.20828,c1
reluctance,7.20527,
rebound,7.20357,c1
divorced,7.19692,c1
risky,7.19294,c1
frustration,7.19054,b2
assert,7.18811,b2
tiring,7.1866,c1
pronounce,7.1849,c1
mute,7.1837,
concerted,7.18314,
monk,7.1804,c1
southwest,7.17893,c1
footage,7.17883,c1
essence,7.1754,b2
unveiled,7.17523,
protecting,7.17372,
inclusion,7.17201,c1
exempt,7.16981,c1
soaking,7.16667,
accelerator,7.16616,
titanic,7.16393,
stale,7.16328,
gown,7.16307,c1
certified,7.16096,c1
vitality,7.15997,
theological,7.15986,c1
composing,7.15254,
veil,7.15115,c1
bodily,7.14394,
collar,7.14264,c1
fur,7.14244,c1
winding,7.14185,
explorer,7.14123,c1
believing,7.13584,
retailing,7.13286,
pitcher,7.13262,c1
politician,7.13212,b2
metaphysical,7.13192,
neatly,7.13062,c1
remedy,7.12743,b2
gracious,7.12662,c1
matrix,7.12585,c1
adherence,7.12324,
illiterate,7.12,
peaked,7.11953,
anticipate,7.11832,b2
soundtrack,7.11506,
observing,7.1129,
sincerity,7.10899,
toll,7.1087,b2
satire,7.10421,
sneaking,7.10247,
ox,7.10138,
smelt,7.10126,
poll,7.09489,b1
senseless,7.09356,
regiment,7.09296,
grease,7.09207,c1
staircase,7.08795,
bowels,7.07945,
undermine,7.07837,b2
fitting,7.07805,c1
plaster,7.07253,c1
dedication,7.06532,c1
gravy,7.06481,c1
henceforth,7.05872,
polar,7.0522,c1
wildlife,7.0464,b2
privilege,7.04529,b2
diffusion,7.04128,
nickname,7.04067,b2
documentary,7.04061,b2
bail,7.03938,b2
plywood,7.03229,
puzzle,7.03017,b2
nod,7.02896,b1
modernization,7.02788,
usher,7.02555,c1
tit,7.02435,
cleanup,7.02435,c1
eve,7.02359,c1
heritage,7.02326,b2
brick,7.02285,b2
tractor,7.02105,c1
choking,7.02014,
folklore,7.01684,
disconnected,7.01673,
exceptionally,7.01617,
whiskey,7.01604,c1
buoyant,7.01468,
domestically,7.01398,
masculine,7.01223,
effected,7.01155,
socially,7.01133,c1
chef,7.01103,b2
penetrating,7.00122,
stature,7.00082,
fundamentally,6.99502,c1
erect,6.99341,c1
gmt,6.99105,
pupil,6.9896,c1
twister,6.9853,
cube,6.98509,c1
untouched,6.98098,c1
widen,6.9785,c1
remembrance,6.97479,
gaping,6.97298,
staple,6.9725,c1
runway,6.97186,c1
full-time,6.97077,c1
molecular,6.97047,c1
arch,6.96927,b2
teddy,6.96786,c1
alienation,6.96677,
shotgun,6.96616,c1
frantically,6.96296,
sellers,6.9607,
faulty,6.95805,
incapable,6.95796,c1
resentment,6.94714,c1
tore,6.94634,
pastor,6.94482,b2
wrecked,6.94443,
investigating,6.94416,
inclination,6.94344,
compound,6.93904,b2
coward,6.93892,c1
mainstream,6.93323,b2
sensation,6.93302,c1
endlessly,6.93211,
discourage,6.93144,c1
gigantic,6.93142,c1
onset,6.93142,c1
warehouse,6.92594,c1
bouquet,6.92379,
abolish,6.92302,
pertinent,6.9229,
clone,6.92071,c1
needy,6.91419,c1
pasture,6.9133,c1
copying,6.91288,
clash,6.9121,c1
limitation,6.90309,b2
mooring,6.90306,
sulfur,6.90306,
crotch,6.89976,
groin,6.89815,
someday,6.89716,b2
compelling,6.89689,c1
drum,6.89556,b2
thesis,6.89445,c1
deciding,6.89417,
ministerial,6.89269,
outflow,6.89269,
employer,6.89247,b2
gloom,6.89106,
conceal,6.89016,c1
claw,6.88894,b2
lent,6.88816,
diligence,6.88547,
titled,6.88475,
piercing,6.88224,
mary,6.87468,
simon,6.87468,
smoothed,6.87445,
envy,6.87093,c1
recollection,6.86952,
discarded,6.86831,
drown,6.86641,c1
stereotype,6.86582,c1
disrupt,6.86534,c1
starch,6.86263,
salvage,6.85913,c1
colours,6.8563,
superiority,6.85289,
deserted,6.84699,
cleaner,6.84587,c1
contraction,6.84439,
forgiveness,6.84409,c1
distinctive,6.83777,c1
british,6.82661,b1
plantation,6.82515,c1
axe,6.82495,
supervision,6.82425,c1
undue,6.82274,
tick,6.82243,b2
fooling,6.82243,
prom,6.81964,c1
chaplain,6.81923,
escalation,6.81727,
bush,6.81434,b2
speculate,6.81035,c1
forbidden,6.80683,c1
billing,6.79921,
steering,6.79722,c1
seize,6.7922,b2
elder,6.7916,b2
pate,6.79109,
vomit,6.77797,c1
git,6.77756,
royalty,6.7768,c1
luxurious,6.77306,
mildly,6.77289,c1
urgency,6.76818,c1
provoked,6.76817,
strive,6.76778,c1
accrued,6.76349,
chimney,6.75725,c1
doe,6.75606,
retention,6.75494,c1
vibrancy,6.75463,
displacement,6.75353,
vacant,6.74884,c1
remake,6.74816,c1
widening,6.74597,
insect,6.74404,b2
lounge,6.74102,b2
calculate,6.73682,b2
eighteenth,6.73441,
dreaming,6.7341,
tennis,6.73251,b2
resemblance,6.73081,
screenwriter,6.73046,
preservation,6.73031,c1
sizable,6.7303,
kindergarten,6.72949,c1
audition,6.72949,c1
empirical,6.72839,c1
sentimental,6.72521,c1
unfriendly,6.72429,
fastened,6.72319,
taut,6.71938,
wishing,6.71089,
devotion,6.70757,c1
circumcision,6.70536,
scrape,6.70446,b2
irregular,6.69955,c1
decadent,6.69864,
eighty,6.69194,
consultation,6.68926,c1
circular,6.68884,c1
whistling,6.68773,
cruelty,6.68594,
marred,6.68553,
underline,6.68092,
substrate,6.68032,
twenty-five,6.68032,c1
part-time,6.68032,c1
posing,6.68013,
baptism,6.67932,
perpetual,6.67913,
preach,6.67913,c1
heights,6.67842,
disturb,6.67762,c1
chainsaw,6.67541,
adaptation,6.67475,c1
stain,6.67371,b2
tract,6.67332,c1
twitching,6.673,
pointless,6.67245,c1
jolly,6.67001,c1
perfumed,6.6698,
blindness,6.6688,
circus,6.6673,c1
followers,6.6651,
particle,6.66349,b2
suspenseful,6.66171,
seriousness,6.6589,
dome,6.65869,c1
historically,6.65701,c1
nursing,6.657,b2
despised,6.6563,
bearded,6.65518,
anyhow,6.65348,c1
frost,6.65211,
nowadays,6.65198,c1
disjointed,6.65177,
posture,6.64858,c1
opponent,6.64808,b2
niece,6.64798,c1
nationwide,6.6459,b2
confidentiality,6.64047,
lodge,6.63856,b2
sporadic,6.63385,
occupy,6.63235,b2
graph,6.63194,c1
meter,6.63185,b2
poisoning,6.63035,
dispose,6.63027,c1
adventurous,6.63004,c1
stabilising,6.62738,
unleaded,6.62738,
diversify,6.62738,
flicker,6.62493,c1
dismal,6.61785,
herring,6.61673,
sandy,6.61602,c1
visibly,6.61432,
photography,6.61394,c1
curtain,6.61142,b2
indispensable,6.60962,
labeled,6.60942,
notwithstanding,6.60681,c1
colonial,6.6038,c1
retailer,6.60224,c1
publish,6.59893,b1
situated,6.58999,
willis,6.58623,
mixing,6.58618,
coincide,6.58529,c1
drier,6.58527,
synthesis,6.58387,
skull,6.58348,c1
stunned,6.58198,
boundary,6.58087,b2
fleshy,6.57685,
hatch,6.57556,c1
revise,6.57489,c1
imposition,6.57219,
manly,6.56955,
tallow,6.56869,
slipping,6.56646,
atonement,6.56576,
melody,6.56534,c1
chased,6.56496,
marching,6.56294,
unresponsive,6.56233,
diminished,6.55264,
owing,6.54634,
prudent,6.54423,
believable,6.54016,
communicator,6.53719,
malaria,6.53719,
hysterical,6.53661,c1
dipped,6.53633,
rehabilitation,6.5363,c1
guiding,6.533,c1
offense,6.53028,b2
motel,6.53009,c1
twisting,6.52899,
lobster,6.52357,
newsletter,6.52211,c1
meaningless,6.52139,c1
outset,6.51889,
concession,6.51841,c1
deliberate,6.51498,c1
burger,6.51026,c1
descend,6.50856,c1
rugged,6.50686,
readable,6.50634,
exhibition,6.50275,b2
bullion,6.50089,
plunge,6.50037,b2
peddler,6.49864,
creep,6.49814,b2
clarify,6.49285,c1
mike,6.49009,
ii,6.49009,
blizzard,6.48962,
strife,6.48904,
indefinite,6.48835,
threescore,6.48684,
worm,6.48613,c1
newt,6.48542,
reservation,6.48492,b2
resignation,6.48364,c1
stacked,6.48221,
punished,6.47761,
complexion,6.47731,
fade,6.47641,b2
embarrassment,6.47362,c1
stoop,6.471,c1
dean,6.46802,c1
corridor,6.4662,c1
flu,6.46448,c1
steer,6.4624,c1
legally,6.4617,c1
asserted,6.45458,
diesel,6.45181,c1
metaphor,6.45057,c1
trespass,6.44988,c1
blackberry,6.44986,
shocking,6.44679,c1
wondrous,6.44077,c1
advocate,6.44067,b2
entrepreneur,6.43955,c1
strap,6.43583,b2
pacing,6.43037,
mathematics,6.42974,c1
indebted,6.42745,
nationally,6.42405,c1
accustomed,6.42223,c1
clause,6.42205,c1
worthless,6.41922,c1
regulated,6.41784,
roaring,6.41662,
chronic,6.41492,b2
populated,6.41071,
china,6.40893,c1
frighten,6.4072,c1
blurred,6.406,
bind,6.40491,b2
cedar,6.4012,c1
flavor,6.4001,b2
surveillance,6.39661,c1
intervening,6.39412,
acrylic,6.39398,c1
signature,6.39169,b2
shampoo,6.39097,c1
appetizing,6.39097,
urethane,6.38987,
middle-class,6.38987,c1
batting,6.38957,
treaty,6.38879,b2
comparing,6.38868,
cleanly,6.38776,
kitty,6.38697,c1
onion,6.38636,b2
whiff,6.38576,
knuckles,6.38285,
enclosed,6.38156,
sinister,6.37827,
pint,6.37595,c1
sonny,6.37526,
hospitable,6.37485,
distinctly,6.37135,
raid,6.37126,b2
finale,6.37068,c1
legendary,6.36986,c1
hamburger,6.36854,c1
bloom,6.36765,c1
stirring,6.36624,
rimmed,6.36533,
ethnic,6.36463,b2
weaken,6.36456,c1
detecting,6.36263,
choked,6.36224,
moonlight,6.36223,
planetary,6.36223,c1
boating,6.36223,
parrot,6.35812,
oft,6.35744,
appoint,6.35253,b2
obedience,6.35102,
artificially,6.34854,
sponsor,6.34642,b2
positioning,6.3451,
isolation,6.34411,c1
statute,6.3393,c1
gen,6.33889,c1
energetic,6.3309,c1
guarded,6.32749,
excite,6.32157,c1
felony,6.31996,c1
amazement,6.31777,
honeysuckle,6.31725,
vulnerability,6.31697,c1
licking,6.31525,
honeymoon,6.31406,c1
fob,6.31179,
baht,6.31179,
physician,6.31156,b2
disc,6.30898,c1
predecessor,6.30848,c1
diplomacy,6.30745,c1
foreseeable,6.30738,
haunting,6.30738,
butcher,6.30586,c1
barefoot,6.30393,c1
doings,6.30335,
customary,6.30265,
pessimistic,6.30046,
foreskin,6.30043,
overriding,6.29974,
condemn,6.29684,c1
fives,6.29482,
sweatshirt,6.29482,
takin,6.29482,
emperor,6.29023,c1
hooking,6.28961,
antitrust,6.28665,
dose,6.28542,b2
tease,6.2827,b2
commonplace,6.28121,
alleviate,6.27731,
latex,6.2726,
scratching,6.26939,c1
notch,6.269,c1
preferably,6.26848,c1
volunteer,6.26748,b1
crawling,6.26658,
progressive,6.26258,b2
warrior,6.25739,b2
tentatively,6.2571,
fleeting,6.25706,c1
naming,6.25607,
baggage,6.25456,c1
satirical,6.25427,
prompting,6.24917,
rot,6.24717,c1
spurious,6.24674,
lactating,6.24674,
eastward,6.24616,
abusive,6.24346,c1
autistic,6.24134,
ideology,6.24134,c1
excellence,6.24125,c1
consistency,6.23273,c1
contractual,6.23195,
poise,6.23142,c1
clank,6.22992,
fatty,6.22703,
eldest,6.22563,c1
ingredient,6.22503,b2
ringing,6.22372,c1
theoretical,6.22292,c1
au,6.2186,
fulfillment,6.21841,
portrayal,6.21564,
snare,6.2092,
darkened,6.20689,
tucked,6.20578,
expedition,6.20399,c1
devour,6.19919,c1
fringe,6.19818,c1
spontaneous,6.19718,c1
flooded,6.19469,
sync,6.19467,
yuppie,6.19467,
stack,6.19176,b2
rebellion,6.19067,c1
foresee,6.18699,
syllable,6.18616,
disrupted,6.18609,
tournament,6.18466,b2
disguise,6.18347,b2
frantic,6.18346,
cropped,6.18285,
glued,6.18195,
comprehend,6.17786,c1
confront,6.17665,b2
celebrated,6.17665,
skiing,6.17403,c1
punish,6.17324,b2
stricken,6.17125,
steely,6.17103,
alias,6.17103,
suffice,6.17035,
receiver,6.16913,b2
dug,6.16583,
oddity,6.16261,
agony,6.15382,c1
ineffective,6.15002,
shades,6.14991,
numerical,6.1497,
disinterested,6.1493,
donate,6.1481,b2
brunette,6.14659,
graduated,6.14519,
sunshine,6.1441,c1
microchip,6.14043,
refiner,6.13722,
trademark,6.1359,c1
trustee,6.13581,c1
narrowly,6.13571,
abundant,6.1357,c1
amiable,6.13509,
elbow,6.13318,b2
unified,6.13139,
indicative,6.1306,
altering,6.12957,
ratified,6.12738,
quake,6.1271,
tremble,6.12547,c1
approachable,6.12295,
duration,6.12198,c1
ominous,6.11967,
miscellaneous,6.11756,
limp,6.11755,c1
pulse,6.11706,b2
spirited,6.11657,
calf,6.11636,c1
quicker,6.11325,
ford,6.11278,
tails,6.10734,
jackson,6.10549,
jerry,6.10549,
motivated,6.10153,
usable,6.10082,
easygoing,6.10052,
hypothalamic,6.09942,
habitat,6.09912,c1
ping,6.09852,c1
warmly,6.09683,
subjective,6.09492,c1
atop,6.09361,c1
reunion,6.09112,c1
unwillingness,6.08863,
bending,6.08831,
ethereal,6.0876,
facilitate,6.08523,b2
smitten,6.08502,
hammered,6.081,
microwave,6.0803,c1
licensed,6.0776,
standpoint,6.07169,c1
tanning,6.06967,
flattering,6.06757,
fabric,6.06628,b2
guts,6.06348,
aroused,6.06337,
backbone,6.06227,
cathode,6.06038,
screening,6.06018,c1
initiate,6.05467,b2
unrealistic,6.05259,
magnum,6.05244,
shopper,6.05244,c1
puke,6.05244,c1
digestible,6.05244,
bitchy,6.05044,
farewell,6.04935,c1
suitcase,6.04935,c1
shattered,6.04796,
stride,6.04454,b2
fig,6.04304,
armor,6.03833,c1
decreasing,6.03766,
revived,6.03655,
admirable,6.03574,
obstacle,6.03194,b2
allied,6.03004,
abort,6.02951,
snatch,6.02871,c1
inquire,6.02862,c1
lance,6.02813,
marmalade,6.0268,
lecture,6.02482,b2
portrayed,6.02284,
idiom,6.0219,
defy,6.0178,c1
brutal,6.01051,c1
spielberg,6.00934,
withholding,6.00931,
cm,6.00518,
chunky,6.00437,
rubbery,6.00437,
meatloaf,6.00237,
pony,5.99946,c1
boxers,5.99916,
brace,5.99817,b2
venezuela,5.9962,
buyback,5.9962,
likeness,5.99607,
casket,5.99596,
rounder,5.99596,
gal,5.99467,c1
bury,5.99147,b2
troy,5.98999,
doom,5.98968,b2
consolidate,5.98907,
ron,5.98867,
wrist,5.98655,b2
outbreak,5.98608,c1
negligible,5.98517,
salute,5.98415,c1
dyke,5.98143,
longest,5.98015,
snack,5.97973,b2
reminder,5.97624,b2
derive,5.97574,b2
ink,5.97424,c1
trough,5.97353,
missionary,5.97212,c1
speedy,5.97174,
proclaim,5.97123,c1
commanding,5.97114,
scent,5.97093,b2
prophesy,5.97084,
competence,5.96992,c1
confuse,5.96662,b2
sprinkle,5.96131,c1
spoon,5.95811,b2
reorder,5.95629,
undrinkable,5.95629,
adverb,5.95629,
thumbnail,5.95629,
fineness,5.95629,
incompatibility,5.95629,
defiance,5.9552,
wallpaper,5.95459,c1
finesse,5.95429,
gutsy,5.95429,
rep,5.95429,b2
fort,5.954,c1
anxiously,5.95341,c1
dashed,5.95291,
album,5.95259,b1
numbering,5.95139,
va,5.95109,
donation,5.9506,b2
resale,5.94592,
shipbuilding,5.94592,
instability,5.94371,
narrowing,5.94371,
adorable,5.94339,c1
resident,5.94149,b1
melted,5.93889,
scan,5.93777,b2
unloading,5.93608,
marketplace,5.9338,c1
beseech,5.93118,
plump,5.92936,
intuitive,5.92895,
nipple,5.92865,c1
firearm,5.92545,c1
analyze,5.92467,b2
vexed,5.92446,
gore,5.9228,
verdict,5.92206,c1
irrigation,5.92078,
unilateral,5.92078,
retreated,5.91706,
creator,5.91475,b2
hawk,5.91204,b2
heartily,5.90874,
parlour,5.90763,
diaphragm,5.90652,
unbalanced,5.90623,
undemanding,5.90622,
demo,5.90622,
overdose,5.90622,c1
residue,5.90483,
temp,5.90301,
cockroach,5.90301,c1
understated,5.90073,
papa,5.90033,c1
fore,5.89872,
psychic,5.89852,c1
disturbance,5.89541,c1
serpent,5.89472,
repetition,5.89411,c1
ditch,5.89382,b2
toss,5.8916,b1
monument,5.8883,c1
amber,5.8872,
hitherto,5.88521,
civic,5.88219,c1
approximate,5.88139,c1
equilibrium,5.8809,
ammunition,5.87969,c1
barbecue,5.87918,c1
awhile,5.87869,c1
gravely,5.87739,
dentist,5.87397,c1
ensemble,5.8735,c1
thinner,5.87247,
amused,5.87028,
unfamiliar,5.86997,c1
watery,5.86877,
expressive,5.86717,
multiplied,5.86627,
inhabit,5.86566,c1
tarzan,5.86511,
salami,5.85844,
sanitation,5.85844,
flatness,5.85844,
farting,5.85814,
beta,5.85814,c1
referenced,5.85814,
zoo,5.85644,c1
viewpoint,5.85525,c1
hag,5.85494,
ruthless,5.85435,c1
rotten,5.84844,c1
enrollment,5.84536,c1
probe,5.84536,b2
lust,5.84514,c1
compensated,5.84286,
resumption,5.84044,
mandate,5.84043,b2
crisp,5.84033,c1
inherited,5.83772,
obnoxious,5.83754,c1
knot,5.83712,b2
anguish,5.83623,
endurance,5.83622,
repeal,5.82022,c1
installment,5.81981,
awry,5.8196,
notorious,5.8194,c1
travelled,5.8191,
tarantino,5.81704,
dynamite,5.81149,
mapping,5.81037,
titty,5.81007,
hamster,5.81007,
skinned,5.81007,
splat,5.81007,
unforced,5.81007,
thoughtfully,5.80978,
physiological,5.80897,
nighttime,5.80867,c1
scenario,5.80821,b2
compliant,5.80686,
shaving,5.80516,
bathtub,5.80437,c1
colonel,5.80058,b2
worshipped,5.79857,
cosmic,5.79856,c1
roasted,5.79847,
tread,5.79326,c1
gloomy,5.79308,c1
commuter,5.78794,
prohibited,5.78666,
pt,5.78443,
blanc,5.78443,
filthy,5.78384,c1
adhere,5.78366,c1
dictatorship,5.78303,
tame,5.77984,c1
beacon,5.77752,c1
accidental,5.77623,c1
parks,5.77313,
stubborn,5.77032,c1
deadlock,5.76993,
violate,5.76423,b2
operative,5.76393,c1
leprechaun,5.76199,
module,5.76199,c1
petite,5.76199,
backup,5.76199,b2
esophagus,5.76199,
fridge,5.76199,c1
hippies,5.76199,
intersection,5.7611,c1
geographical,5.7606,
antenna,5.7606,c1
widowed,5.75509,
kindled,5.7532,
cheer,5.7509,b2
theology,5.75048,c1
harp,5.74529,
conformity,5.74478,
curiously,5.74408,
dine,5.73857,c1
boiling,5.73717,
characterization,5.73689,
reportedly,5.73658,c1
satchel,5.73635,
unreadable,5.73635,
prefix,5.73635,
blinks,5.73635,
locating,5.73566,
warmed,5.73536,
sponge,5.73465,
utilize,5.73366,b2
choppy,5.73336,
petitioner,5.73005,
storyline,5.72489,
perpetually,5.72456,
molded,5.71544,
fairy,5.71526,c1
vinyl,5.71443,c1
tampon,5.71392,
knish,5.71392,
obese,5.71392,
pong,5.71392,
pretzel,5.71392,c1
acronym,5.71392,
alpha,5.71392,c1
applesauce,5.71392,
repaint,5.71392,
restroom,5.71392,c1
scaling,5.71392,
seashell,5.71392,
hijacker,5.71392,
holistic,5.71392,
peasant,5.71313,c1
plasma,5.71252,c1
swelling,5.71013,c1
jerky,5.70822,
downright,5.70804,c1
exert,5.70402,c1
exasperation,5.70381,
divest,5.70355,
basin,5.70273,c1
scarce,5.70212,c1
furiously,5.70001,
provoking,5.69954,
abyss,5.69922,c1
juvenile,5.69641,c1
passive,5.69441,c1
madness,5.69282,c1
cement,5.69201,c1
integrate,5.692,b2
jealousy,5.69041,c1
optimum,5.6901,
plum,5.68939,c1
potent,5.68269,c1
peso,5.68061,
flotation,5.68061,
arbitrage,5.68061,
bauxite,5.68061,
debenture,5.68061,
brooding,5.67958,
gilt,5.6791,
acute,5.67598,c1
metric,5.67569,
billy,5.67282,
audacity,5.67096,
avert,5.66999,
agitation,5.66877,
yoke,5.66596,
uterus,5.66584,
waterwheel,5.66584,
winemaking,5.66584,
winery,5.66584,
woosh,5.66584,
cancerous,5.66584,
cf,5.66584,
marzipan,5.66584,
aniseed,5.66584,
ano,5.66584,
argyle,5.66584,
bam,5.66584,c1
clit,5.66584,
deli,5.66584,
latte,5.66584,
migrator,5.66584,
mitzvah,5.66584,
onomatopoeia,5.66584,
oxidative,5.66584,
parse,5.66584,
placenta,5.66584,
plummy,5.66584,
reductive,5.66584,
reuse,5.66584,
ripeness,5.66584,
rusticity,5.66584,
sarong,5.66584,
scribble,5.66584,
segmentation,5.66584,
switcher,5.66584,
syphilis,5.66584,
tutorial,5.66584,
earwax,5.66584,
firewall,5.66584,
flab,5.66584,
fruitcake,5.66584,
fucker,5.66584,
gremlin,5.66584,
gui,5.66584,
hyphen,5.66584,
increment,5.66584,
conditioner,5.66445,
incorporated,5.66416,
clam,5.66134,
hum,5.66125,c1
snoring,5.66094,
accuse,5.65414,b2
disruption,5.65326,c1
unjust,5.64333,
mediocre,5.64095,
capability,5.63952,b2
independently,5.63852,c1
mini,5.63613,c1
headline,5.63601,b2
spotlight,5.63572,b2
spiral,5.6286,b2
momentarily,5.62809,
succeeding,5.62801,
persuasion,5.6267,
turbulence,5.62292,
paragraph,5.6187,c1
conceivable,5.61428,
revolver,5.60616,
atrocious,5.60386,
governed,5.60346,
perilous,5.59995,
anaconda,5.59746,
ranking,5.59606,c1
hearty,5.59515,
courtroom,5.59437,c1
autonomy,5.59174,c1
fastest,5.59115,
graves,5.59015,
cavalry,5.58944,
colt,5.58663,
literal,5.58544,c1
erosion,5.57784,
nursery,5.57532,c1
southward,5.57472,
bothered,5.57412,
bacteria,5.57071,b2
tub,5.57061,c1
leverage,5.57041,c1
entitle,5.56943,b2
assign,5.56881,b2
shrimp,5.5677,c1
tsunami,5.5666,
mythological,5.5663,
brooks,5.56063,
pestilence,5.55509,
tortured,5.55388,
confounded,5.55009,
allotted,5.54779,
zeal,5.54778,
prosper,5.54718,
duly,5.54688,
unsatisfactory,5.54529,
firmness,5.54498,
problematic,5.54106,c1
alloy,5.54079,
pas,5.54036,
hereby,5.54006,
enigma,5.53515,
individuality,5.53194,
meadow,5.53015,c1
endorse,5.52977,c1
internationally,5.52727,c1
arbitration,5.52627,
scar,5.52383,b2
rogue,5.52274,c1
imaginative,5.52254,
defer,5.52126,
solidarity,5.52044,c1
visitor,5.51933,b1
vector,5.51852,
vertex,5.51852,
tetrachloride,5.51852,
reactivity,5.51852,
hypothalamus,5.51852,
spaceship,5.51192,c1
teenager,5.51192,b2
disorder,5.51142,b2
photograph,5.50811,b1
dilution,5.50463,
flannel,5.5031,
harpooneer,5.49971,
boogie,5.49622,
decay,5.49349,c1
messy,5.49299,c1
biological,5.49109,b2
adolescence,5.49088,
boast,5.48689,b2
patron,5.48387,c1
grammar,5.48387,c1
intuition,5.48247,
irrational,5.48158,c1
haired,5.48138,
christopher,5.48052,
matthew,5.48052,
celebrate,5.47957,b1
defect,5.47546,c1
spectrum,5.47286,b2
prone,5.47156,c1
doubling,5.47107,
hospitality,5.47095,
desolation,5.46926,
mercury,5.46507,
homosexual,5.46385,c1
canal,5.46327,c1
godfather,5.45984,
companionship,5.45823,c1
advertised,5.45773,
finer,5.45573,
tidings,5.45444,
anarchy,5.45373,
ascending,5.44772,
construct,5.44743,b2
nationality,5.44641,
cheesy,5.44614,c1
casino,5.44455,c1
prejudice,5.44242,c1
nodding,5.44211,
tavern,5.4414,
shrinking,5.44022,
dangling,5.437,
weighing,5.43531,
accompany,5.43521,b2
baking,5.4296,c1
harpoon,5.4292,
creeping,5.42919,
unofficial,5.42669,
nephew,5.42479,c1
favorably,5.42479,
slashed,5.4245,
clover,5.42278,
hereafter,5.42119,
supplementary,5.42079,
sturdy,5.42078,c1
classroom,5.42037,b1
booze,5.41977,c1
ungrateful,5.41576,c1
irresistible,5.41468,c1
taunt,5.41336,c1
pod,5.4105,c1
pretentious,5.41007,
misfortune,5.40906,
es,5.40818,
dozens,5.40737,
equitable,5.40406,
inn,5.40396,c1
dusty,5.40355,c1
mainframe,5.40325,
indigenous,5.39834,c1
swell,5.39815,b2
madam,5.39595,c1
displeased,5.39514,
inspiration,5.39425,b2
blink,5.39413,b2
neglect,5.39033,b2
universally,5.38913,
molten,5.38602,
ailing,5.38375,
oppressed,5.38152,
contradiction,5.38152,c1
fruitful,5.38062,
barred,5.38053,
vocal,5.37982,c1
glorified,5.37952,
surgeon,5.37902,b2
soy,5.37811,c1
assassin,5.37802,c1
lag,5.37784,c1
redeeming,5.37573,
dialysis,5.374,
wasting,5.37261,
dinosaur,5.3719,c1
compulsive,5.37,
math,5.3697,b2
resonance,5.3658,
plowing,5.36559,
lira,5.36502,
arbitrageur,5.36502,
condensate,5.36502,
revival,5.36451,c1
breakup,5.35861,c1
gravel,5.35709,c1
manpower,5.35378,
manifold,5.35267,
tangle,5.35147,c1
materially,5.35019,
correlation,5.34887,c1
shivering,5.34876,
unprofitable,5.34329,
biting,5.34276,
fulfil,5.34168,c1
smashing,5.33835,
overhaul,5.33768,c1
sewing,5.33745,c1
passover,5.33626,
clearance,5.33497,c1
pitching,5.33304,
fashionable,5.33294,
bland,5.33268,
dart,5.33224,c1
revert,5.32783,
scorn,5.32504,c1
sensed,5.32372,
eminently,5.32042,
patriotic,5.31872,
illustration,5.31852,b2
invent,5.31591,b2
leased,5.31474,
stockholder,5.31474,
formulaic,5.31222,
depicted,5.30951,
verification,5.30761,
equality,5.3073,c1
posed,5.30612,
lubricant,5.3049,
grapefruit,5.3049,
accumulation,5.30321,
bicycle,5.30269,b2
visibility,5.30269,c1
thirties,5.29798,
adversary,5.29588,
quiz,5.29398,c1
understandable,5.29329,c1
transom,5.29017,
funded,5.28981,
anatomy,5.28787,
devote,5.28767,b2
jerking,5.28636,
undo,5.28636,c1
awe,5.28538,c1
ascend,5.28467,
bolster,5.27377,c1
mayhem,5.26955,
jersey,5.26955,c1
insulting,5.26825,
curled,5.26764,
gorilla,5.26755,
butler,5.26656,
soften,5.26615,c1
divestiture,5.26446,
fertilizer,5.26446,c1
noisy,5.26263,c1
cherished,5.26253,
lofty,5.25804,
hopefully,5.25715,b2
cluster,5.25652,b2
homely,5.25582,
offence,5.25443,
aggression,5.25313,c1
lipstick,5.25261,c1
brilliantly,5.25173,
scarlet,5.25172,
hurting,5.25134,
deduction,5.24943,c1
westward,5.24801,
disagreement,5.24672,c1
peel,5.24591,b2
honourable,5.24331,
nakedness,5.24291,
condescending,5.23949,
informally,5.23932,
suitor,5.23903,
angular,5.23689,
childish,5.2365,c1
triangle,5.236,c1
leaded,5.23582,
illegally,5.2346,c1
restriction,5.2344,b2
spat,5.23338,
hardness,5.22988,
drifting,5.22889,
effluent,5.22807,
iodine,5.22807,
nonspecific,5.22807,
men's,5.22807,
cheering,5.22788,
dosage,5.22747,
smoothly,5.22718,c1
inexplicable,5.22418,
trio,5.22409,c1
dictate,5.22249,b2
celestial,5.22087,
distracted,5.21897,
stray,5.21607,c1
sweating,5.21585,c1
elevated,5.21507,
bathe,5.21376,c1
wisely,5.21247,c1
heir,5.21246,c1
revolt,5.21086,c1
plausible,5.20886,c1
tailor,5.20716,c1
impetus,5.20626,
wart,5.20213,c1
shuffle,5.20133,c1
con,5.19966,b2
motivation,5.19935,b2
enigmatic,5.19783,
spontaneously,5.19493,
quaint,5.19363,
repressed,5.19342,
shutting,5.19292,
jason,5.19207,
reservoir,5.19093,c1
marketable,5.18924,
barren,5.18482,c1
loosely,5.18402,c1
headache,5.18201,c1
ordained,5.18081,
astonishing,5.17922,c1
disguised,5.17861,
tech,5.17632,b2
defiled,5.1728,
orbit,5.17279,b2
secrecy,5.1726,
unison,5.17099,
celebration,5.16559,b2
appraisal,5.1639,
onwards,5.16359,
discourse,5.16118,c1
scores,5.16038,
insensitive,5.15646,c1
dazzling,5.15558,
itch,5.15055,c1
patiently,5.15036,c1
dew,5.14997,
providence,5.14855,
clumsy,5.14787,c1
verily,5.14716,
conglomerate,5.14558,
nervously,5.14556,
outlet,5.14536,c1
tiresome,5.14446,
jean,5.14399,
elizabeth,5.14399,
henry,5.14399,
miniature,5.14365,c1
blemish,5.14155,
upland,5.14017,
idol,5.13995,c1
investing,5.13817,
finely,5.13815,
stiffly,5.13723,
mushroom,5.13693,c1
serial,5.13306,c1
resolute,5.13143,
overt,5.12962,
frontal,5.12932,
republic,5.12734,b2
neighbourhood,5.12503,
saloon,5.12321,
fictional,5.12192,c1
divers,5.12073,
unimportant,5.11801,
alley,5.11721,c1
viable,5.11603,c1
reconsider,5.11553,c1
lone,5.11512,c1
narrator,5.11472,b2
relaxation,5.11382,
diagnostic,5.11361,c1
dearly,5.1122,c1
antique,5.1103,c1
finances,5.11012,
molding,5.1092,
finder,5.10789,
buns,5.10639,
senator,5.10582,b2
manipulation,5.10269,c1
stormy,5.10139,
induce,5.10069,c1
matt,5.09992,
impatiently,5.09908,
jay,5.09792,
onshore,5.09751,
advertise,5.09727,c1
beads,5.09727,
clipped,5.09727,
anderson,5.09592,
insignificant,5.09229,
preacher,5.09228,c1
pillar,5.09008,c1
duke,5.08708,
mock,5.08627,b2
thigh,5.08506,c1
uniquely,5.08155,
secular,5.08135,c1
boldly,5.07985,
timeless,5.07925,
chess,5.07804,c1
elementary,5.07664,b2
profane,5.07635,
dreaded,5.07515,
siege,5.07366,
homer,5.07225,
sire,5.07203,c1
lure,5.07064,b2
saint,5.06784,b2
immensely,5.06564,
imagery,5.06464,c1
refrigeration,5.06333,
realise,5.06245,
wrinkled,5.06222,
database,5.06052,b2
journalist,5.05652,b2
flaming,5.05462,c1
elite,5.05092,b2
blush,5.05071,c1
col,5.04961,
dinar,5.04943,
fluctuate,5.04943,
sugarcane,5.04943,
olein,5.04943,
peseta,5.04943,
horizontally,5.0492,
sever,5.0492,c1
lucas,5.04784,
chinese,5.04784,b1
fatness,5.04639,
tedious,5.04532,c1
markedly,5.04502,
sting,5.04269,b2
auspices,5.03961,
sow,5.0391,c1
marking,5.03909,c1
discharged,5.03809,
uninteresting,5.03791,
towering,5.03779,
assisted,5.0375,
dormant,5.03589,
heartbeat,5.03517,c1
tang,5.03517,
borough,5.03467,
cylinder,5.03328,
dusk,5.03058,
proclaimed,5.02738,
footwear,5.02429,
careless,5.02337,c1
glove,5.02186,b2
rebuild,5.01988,c1
german,5.01497,b1
enforce,5.01496,b2
thereon,5.01456,
exemption,5.01446,c1
wording,5.01446,
ridge,5.01415,b2
sceptical,5.01097,
le,5.01094,
respiratory,5.01084,
voltage,5.01084,
weeds,5.01064,
domination,5.00884,
logically,5.00783,
longing,5.00694,
diversity,5.00264,b2
walnut,5.00112,c1
douglas,4.99977,
detached,4.99933,
competitively,4.99915,
copra,4.99915,
dampen,4.99915,
supervisory,4.99915,
commotion,4.99662,
socialist,4.99474,c1
motionless,4.99452,
endearing,4.99383,
husky,4.99271,
earthly,4.99252,
casualty,4.99124,c1
stoppage,4.99074,
intoxicated,4.99071,
classics,4.98893,
carving,4.98801,
stool,4.9878,c1
baggy,4.9871,
doorman,4.9871,
concealed,4.98691,
beats,4.98621,
compilation,4.9854,
bogus,4.9851,
morale,4.9837,c1
enthusiast,4.98139,
impaired,4.97449,
undertaking,4.96389,
hesitate,4.96338,c1
hierarchy,4.96247,c1
relaxing,4.96217,c1
vomiting,4.95946,
soaring,4.95868,
airs,4.95686,
scaffolding,4.95625,
transform,4.95526,b2
diversion,4.95377,
undesirable,4.95356,
hesitation,4.95266,c1
burial,4.95246,c1
russell,4.95169,
disappearance,4.95106,c1
poke,4.94905,c1
gripping,4.94855,
unattended,4.94784,
infancy,4.94294,
implication,4.94225,b2
tumble,4.94214,b2
adapt,4.94146,b2
memorandum,4.94046,
founding,4.93954,c1
duplication,4.93953,
rinsing,4.93902,
socialism,4.93763,c1
formulation,4.93763,
present-day,4.93763,
well-known,4.93763,c1
accelerometer,4.93763,
alteration,4.93494,
fertility,4.93412,c1
ego,4.92962,c1
sexually,4.92932,c1
tomb,4.92882,c1
phony,4.92762,
bowls,4.92651,
ash,4.92582,c1
quill,4.92571,
valet,4.92541,
interstate,4.92373,c1
supermarket,4.92194,c1
blooded,4.9202,
crimson,4.91961,c1
canned,4.91902,c1
brewing,4.91873,
overstated,4.9163,
drastically,4.91511,
radically,4.9149,c1
coral,4.91379,c1
vile,4.9136,
efficiently,4.91239,c1
decoration,4.90918,c1
restoration,4.90918,c1
novelist,4.90799,c1
jr,4.90362,
patriot,4.89927,
gifted,4.89757,c1
dogma,4.89648,
fifties,4.89286,
soaked,4.89086,c1
apprehension,4.89036,
tenure,4.88925,c1
nagging,4.88725,c1
liner,4.88638,
credentials,4.88374,
bliss,4.88275,c1
cricket,4.88054,c1
apprentice,4.88034,
infantry,4.87985,
gateway,4.87733,
correspond,4.87685,c1
sanctified,4.87354,
imprisoned,4.86913,
familiarity,4.86873,
fortunately,4.86775,c1
cliche,4.86755,
ragged,4.86693,
unnatural,4.86512,
crazed,4.86363,
magnification,4.86361,
disgrace,4.856,c1
charles,4.85555,
patrick,4.85555,
swollen,4.85521,
lessening,4.85441,
broaden,4.84831,c1
autopsy,4.84087,
rhetoric,4.8406,c1
blockade,4.83968,
sewer,4.83918,c1
anthropologist,4.83887,
fetish,4.83887,
whistle,4.83878,b2
afloat,4.83859,
alight,4.83767,
tracing,4.83627,
offspring,4.83428,c1
pinnacle,4.83046,
traveller,4.83036,
fuller,4.82838,
dresser,4.82726,c1
projecting,4.82697,
ballroom,4.82556,
plead,4.82536,b2
redress,4.82458,c1
erotic,4.82347,
importantly,4.82347,b2
hunted,4.81825,
decidedly,4.81546,
cushion,4.81475,c1
guerrilla,4.81354,
craving,4.81323,c1
pudding,4.81243,c1
fancied,4.81144,
unleavened,4.81144,
sweetly,4.81073,
compounded,4.81034,
compressed,4.81033,
flaw,4.81026,c1
lump,4.80504,b2
uttered,4.80463,
flip,4.80283,b2
await,4.80263,b2
civilized,4.80062,c1
dreary,4.80023,
contend,4.80003,c1
handkerchief,4.79982,
marginally,4.79864,
rescued,4.79813,
contaminated,4.79772,
vastly,4.79472,c1
insured,4.79453,
crowned,4.79411,
avenue,4.7935,b2
commute,4.7931,c1
chandelier,4.7928,
brink,4.79193,
explicitly,4.79131,c1
existential,4.7911,
persistence,4.7911,
constitution,4.79081,b2
dope,4.7908,c1
bleached,4.78932,
prose,4.7886,c1
unwelcome,4.78801,
groves,4.78791,
alienate,4.78759,
parting,4.7866,
allowable,4.78611,
frog,4.78559,c1
downhill,4.7851,c1
stupidity,4.78501,
bean,4.78432,b2
rubbing,4.78289,
robe,4.78099,c1
cord,4.77779,c1
resurrection,4.7774,
celebrity,4.77589,b2
cancellation,4.77479,
uncovered,4.77469,
hasty,4.77389,c1
worrying,4.7733,c1
wholesome,4.77298,
pollution,4.77209,b2
fo,4.77207,
dismissal,4.76938,
softened,4.76828,
tolerance,4.76817,c1
erase,4.76787,c1
analytic,4.76576,
satisfactorily,4.76497,
catcher,4.76376,
suburb,4.76276,c1
grove,4.76056,c1
accompaniment,4.76025,
courageous,4.76016,c1
gibson,4.7594,
fry,4.75675,b2
assuring,4.75656,
rug,4.75655,c1
parable,4.75576,
appease,4.75255,
eagerness,4.75255,
proprietor,4.75255,
angered,4.75207,
lieutenant,4.75135,b2
straightforward,4.74805,c1
spike,4.74805,b2
mansion,4.74775,c1
diminishing,4.74745,
commercially,4.74574,
sufficiency,4.74566,
procession,4.74374,
intricate,4.74094,c1
releasing,4.73973,
tolerate,4.73924,c1
awaited,4.73754,
embark,4.73654,c1
brutality,4.73412,
liable,4.73403,
durum,4.73384,
hectare,4.73384,
undersecretary,4.73384,
chewing,4.73362,
indulge,4.73082,c1
ordinance,4.72931,
infrastructure,4.72892,b2
unsecured,4.72892,
plucked,4.72401,
attained,4.72391,
liberalism,4.7226,
metabolism,4.72179,
lacy,4.71908,
plea,4.7178,c1
pottery,4.71769,
flats,4.7156,
manhood,4.71458,
digger,4.71388,
abandonment,4.71169,
arnold,4.71132,
blair,4.71132,
kelly,4.71132,
peacock,4.71067,
softwood,4.7087,
allocate,4.7065,c1
prosperous,4.70167,
cynical,4.69998,c1
subtly,4.69856,
scribe,4.69727,
pelvic,4.69665,
grenade,4.69665,
abiding,4.69657,
cockpit,4.69525,
leveling,4.69525,
serum,4.69525,
radius,4.69495,
sensory,4.69495,
whacked,4.69465,
colourless,4.69385,
thirst,4.69366,c1
strangled,4.69215,
bookstore,4.69065,c1
writings,4.69005,
prop,4.68796,b2
showy,4.68624,
uneven,4.68446,
sorely,4.68425,
diversification,4.68356,
usefulness,4.68334,
trivial,4.68204,
cardboard,4.68174,c1
resistant,4.68135,c1
intelligible,4.67883,
illuminated,4.67843,
muddy,4.67814,c1
thereto,4.67563,
cured,4.67492,
medication,4.67372,b2
nay,4.67363,c1
preventive,4.67232,
paradoxically,4.67202,
fingered,4.66901,
spindle,4.66881,
parish,4.66721,c1
dissatisfied,4.66352,
mrs,4.66325,
shakespeare,4.66325,
precedent,4.66311,c1
inhabited,4.66241,
parole,4.66131,c1
politeness,4.65871,
curbing,4.65842,
shriek,4.6581,c1
diminish,4.65391,c1
habitation,4.6536,
obliging,4.6502,
borrower,4.65001,
intently,4.64968,
imperative,4.64909,c1
secretion,4.64858,
premarital,4.64858,
shepherd,4.64799,c1
thyroglobulin,4.64718,
curriculum,4.64718,b2
operand,4.64718,
generalized,4.64688,
detection,4.64418,c1
reciprocal,4.64018,
invisibly,4.64016,
recollect,4.63958,
mug,4.63816,b2
spectacles,4.63717,
vigor,4.63677,
audit,4.63328,c1
fin,4.63286,c1
topmost,4.63175,
analogy,4.63156,c1
automation,4.63107,
ally,4.62977,b2
gag,4.62958,c1
lessened,4.62956,
meg,4.62887,
rounding,4.62777,
reinforce,4.62666,b2
solace,4.62485,
humming,4.62485,
ketchup,4.62364,c1
sincerely,4.62255,c1
armpit,4.62093,
sullen,4.62034,
blaze,4.61935,c1
digs,4.61893,
spout,4.61714,
jeopardy,4.61635,
picnic,4.61633,c1
respectful,4.61593,c1
burton,4.61517,
cameo,4.61517,
fbi,4.61517,
subordinate,4.61204,c1
weave,4.61123,b2
ransom,4.60984,
unreasonably,4.60932,
grimly,4.60832,
downstream,4.60814,c1
porter,4.60473,
january,4.60435,b1
concurrent,4.60101,
spraying,4.60101,
hormone,4.59931,c1
staging,4.59922,
frothy,4.5985,
ballistic,4.5971,
concluding,4.59691,
clocks,4.5968,
marches,4.59671,
intimacy,4.59551,c1
stroking,4.59529,
porno,4.5945,
manned,4.5943,
rubbish,4.5935,c1
pitiful,4.592,
graven,4.5915,
hourly,4.5891,
rusty,4.58839,c1
tenderness,4.5862,c1
crippled,4.58589,
scraping,4.58198,
eerie,4.58159,c1
insisting,4.57829,
blubber,4.57637,
internally,4.57509,
fugitive,4.57309,
prediction,4.57067,b2
attic,4.56946,c1
brood,4.56906,c1
spacious,4.56906,
contracting,4.56888,
crest,4.56866,
boiled,4.56786,
ingenious,4.56786,
sly,4.56747,
thomas,4.5671,
dissatisfaction,4.56546,
deprived,4.56366,
unbroken,4.55954,
coil,4.55904,c1
pinch,4.55904,b2
theft,4.55805,c1
architecture,4.55214,b2
granddaughter,4.55043,c1
devise,4.54934,c1
helium,4.54903,
disapproval,4.54853,
oppression,4.54703,c1
uptight,4.54642,c1
raucous,4.54352,
adolescent,4.54303,b2
decorative,4.54231,
turtle,4.54231,c1
rebellious,4.54223,
sergeant,4.54222,b2
ethics,4.54182,b2
depicting,4.54152,
spiritually,4.53711,
dearest,4.53582,
arched,4.53461,
slate,4.53312,c1
originality,4.53102,
negatively,4.52971,c1
contrasting,4.5297,
promotional,4.52872,
smuggling,4.52771,
lace,4.5266,c1
unfocused,4.52549,
disrespect,4.52479,c1
mechanically,4.52471,
protagonist,4.52302,c1
stereo,4.52209,c1
unfunny,4.52102,
campbell,4.51902,
christmas,4.51902,b1
hazel,4.51637,
sloppy,4.51308,c1
catastrophe,4.50998,c1
corny,4.50908,
hissing,4.50867,
insubstantial,4.50235,
jackass,4.50235,
collage,4.50095,
toasted,4.49915,
sedate,4.49915,
negro,4.49745,c1
lyrical,4.49545,
superfluous,4.49385,
consolation,4.49295,
comedian,4.49265,c1
squid,4.49194,
whiteness,4.49184,
puzzling,4.49044,
muffled,4.48974,
purchaser,4.48876,
hedging,4.48876,
delicacy,4.48734,
deceased,4.48604,c1
italian,4.48465,b2
bolt,4.48453,b2
eminent,4.48403,
sickly,4.48373,
ape,4.48335,
nitrogen,4.48243,c1
betray,4.48213,c1
shilling,4.47994,
textbook,4.47793,c1
crate,4.47671,c1
encrusted,4.47671,
brook,4.47612,
reactionary,4.47531,
corky,4.47271,
hostess,4.47181,
drip,4.4683,b2
profoundly,4.46731,c1
infected,4.46681,c1
privileged,4.46661,c1
whipping,4.4666,
overdone,4.46451,
sheath,4.46059,
pious,4.45889,
peripheral,4.4575,
luminous,4.45649,
entitlement,4.45648,c1
horseback,4.45538,c1
therapeutic,4.45509,c1
poodle,4.45428,c1
rooftop,4.45428,c1
sip,4.45428,b2
stuffing,4.45428,c1
gossip,4.45328,b2
sociology,4.45288,
validity,4.45288,c1
focal,4.45258,
sunglasses,4.45028,c1
junkie,4.45028,c1
estimation,4.44988,
felon,4.44586,
strand,4.44416,b2
polls,4.44367,
geography,4.44317,c1
unite,4.43966,c1
guise,4.43896,
profitably,4.43627,
marker,4.43185,c1
demon,4.43175,b2
enduring,4.43155,c1
quotation,4.43135,
localized,4.43134,
interactive,4.42934,c1
forestall,4.42865,
gummy,4.42864,
padlock,4.42864,
mayonnaise,4.42864,
absorption,4.42744,
artillery,4.42414,
dubious,4.41914,
ethylene,4.41825,
alumina,4.41825,
rupiah,4.41825,
sustainable,4.41825,c1
sweetened,4.41825,
prospectus,4.41825,
waiver,4.41825,
worsen,4.41825,
mindless,4.41693,
ordinarily,4.41633,
gm,4.41605,
aviation,4.41605,c1
blasphemy,4.41572,
servitude,4.41181,
blooming,4.41082,
dispatcher,4.40841,
bacterial,4.40701,
pharmacy,4.4062,c1
camouflaged,4.4062,
fowl,4.40562,
trifle,4.40561,
pail,4.40521,
scenic,4.4045,
spaced,4.4045,
penetrate,4.40442,c1
roach,4.4042,
brothel,4.4042,
uneducated,4.401,
clouded,4.40051,
analyzed,4.3996,
converse,4.39849,c1
depict,4.3975,b2
polite,4.3952,c1
solar,4.39439,b2
undone,4.39329,
watering,4.39329,
farmland,4.39311,
baker,4.39161,c1
barring,4.39091,
incorporation,4.39091,
roam,4.38768,c1
generosity,4.38558,c1
photographic,4.38208,
forsake,4.37998,
ribbon,4.37957,c1
dumps,4.37856,
banquet,4.37697,c1
stephen,4.3748,
counterpart,4.37166,c1
sanctify,4.37156,
moist,4.37115,c1
hundredth,4.36645,
restatement,4.36577,
prow,4.36485,
invade,4.36324,c1
humidity,4.36135,c1
trot,4.36034,c1
radiant,4.35874,
congressman,4.35863,c1
classically,4.35813,
poppy,4.35813,
canteen,4.35813,
tappet,4.35673,
segregated,4.35673,
self-help,4.35673,
heroine,4.35595,
pianist,4.35473,
lam,4.35413,
goth,4.35413,
washington,4.35386,
affirmative,4.35293,c1
goodwill,4.35115,
inattentive,4.34971,
attentive,4.34953,c1
props,4.34922,
psychiatrist,4.34843,c1
affixed,4.34832,
disadvantage,4.34673,c1
rampant,4.34672,
mourn,4.34352,c1
helm,4.34232,
consciously,4.34111,
eleventh,4.33902,
arrears,4.33792,
unpaid,4.33571,
unsuccessfully,4.33563,
bearer,4.33561,
majestic,4.3351,
contingency,4.33492,
reminiscent,4.33152,
sensibility,4.3311,c1
thwart,4.33021,
brisk,4.3292,
gale,4.329,
combustion,4.32809,
partisan,4.32809,c1
definable,4.32728,
cape,4.32719,c1
deviation,4.32588,c1
intellectually,4.32479,
unpredictable,4.32349,c1
plight,4.32299,
dyed,4.32278,
pea,4.32207,c1
scatter,4.32108,c1
tolerable,4.31989,
timetable,4.31769,
commentary,4.31579,c1
rosy,4.31487,c1
pry,4.31396,c1
inefficient,4.31278,
gladness,4.30947,
fairness,4.30928,c1
auditorium,4.30835,
sanitary,4.30805,
siren,4.30805,c1
afoul,4.30755,
cafeteria,4.30665,c1
gamble,4.30606,c1
ninja,4.30605,
accusing,4.30536,
delineated,4.30485,
enormously,4.30116,
brushing,4.29994,
proverb,4.29825,
attendance,4.29494,c1
pear,4.29473,
filming,4.29435,
echo,4.29344,b2
mechanic,4.29273,c1
mafia,4.29235,
flushed,4.29153,
financier,4.28955,
latent,4.28703,
fusion,4.28372,c1
mystical,4.28223,
averting,4.28192,
glittering,4.28102,
misunderstanding,4.28072,c1
stewed,4.27921,
baldwin,4.27865,
hanks,4.27865,
raiment,4.27862,
proportionate,4.27702,
impersonal,4.27581,
brilliance,4.27471,
inland,4.27412,c1
incessantly,4.27391,
psychologist,4.27301,b2
chant,4.27301,b2
harbour,4.27273,
exquisite,4.27181,c1
anarchism,4.27079,
aching,4.26589,
disliked,4.26539,
disbelief,4.2618,c1
aides,4.2617,
alibi,4.26028,
recreational,4.26028,c1
microscope,4.26028,
zipper,4.25998,
grad,4.25998,c1
alternatively,4.25949,
moron,4.25798,c1
battered,4.25779,
compress,4.25677,
intolerant,4.25677,
cerebellum,4.25677,
bronze,4.25578,c1
fatigue,4.25257,c1
trepidation,4.25156,
brandy,4.24928,
watered,4.24757,
abstraction,4.24696,
bankrupt,4.24638,c1
worldly,4.24536,
errand,4.24456,c1
gene,4.24428,b2
fertiliser,4.24368,
fishery,4.23896,
subsistence,4.23735,
activation,4.23734,
bondage,4.23655,
propriety,4.23615,
relevance,4.23585,c1
stench,4.23434,
halting,4.23306,
edward,4.23057,
disciplined,4.22994,
irritating,4.22896,c1
dis,4.22592,
undergo,4.22373,b2
slick,4.22364,c1
marvelous,4.22294,c1
sizeable,4.22175,
purge,4.22092,c1
composure,4.21933,
congratulations,4.21581,c1
accomplishment,4.21553,c1
supportive,4.21513,c1
northward,4.21322,
crossroads,4.21271,
verify,4.21241,c1
tribal,4.21241,c1
constituted,4.21221,
bloat,4.2122,
ontological,4.2122,
undeveloped,4.21213,
skating,4.2119,
prophecy,4.21172,c1
housewife,4.21041,
lotus,4.2087,
creak,4.2087,
modestly,4.20842,
speck,4.20379,c1
reckless,4.2037,c1
endangered,4.201,c1
needless,4.20041,c1
decanter,4.20028,
woven,4.1995,
furthermore,4.19409,b2
costing,4.19219,
softness,4.18967,
estranged,4.18938,
utilized,4.18778,
superintendent,4.18757,c1
suction,4.18626,
solemnly,4.18247,
lifestyle,4.18148,b2
heinous,4.18106,
fasten,4.17855,c1
cinnamon,4.17785,c1
nibble,4.17785,c1
pierce,4.17697,c1
rebuke,4.17686,c1
relish,4.17606,c1
intentionally,4.17536,c1
starred,4.17456,
sweetener,4.17317,
fluctuation,4.17317,
bottomed,4.17317,
chattering,4.17294,
harmful,4.17147,c1
plow,4.17075,c1
wee,4.16725,c1
indictment,4.16464,c1
endearment,4.16383,
validation,4.16383,
sic,4.16383,
thunderstorm,4.16333,
hostel,4.16333,
branding,4.16333,
bud,4.16315,c1
judicial,4.16243,c1
chronological,4.16213,
karaoke,4.16183,
pic,4.16183,c1
figuring,4.16013,
soiled,4.15892,
collaboration,4.15843,b2
branded,4.15813,
tremendously,4.15743,
knit,4.15713,c1
gaiety,4.15683,
rotation,4.15622,c1
gardener,4.15523,c1
momentary,4.15433,
instrumental,4.15422,c1
hopper,4.15213,
decorated,4.15172,
dismantling,4.15074,
paddy,4.15074,
tightness,4.15074,
psychotic,4.15013,
glaring,4.14842,
transgression,4.14601,
mare,4.14561,
loaf,4.1433,c1
corrections,4.14311,
aft,4.14271,
discrepancy,4.1417,c1
papaya,4.14089,
reed,4.14081,
ultraviolet,4.1395,
rudder,4.13819,
underbrush,4.13819,
whinny,4.13819,
whitening,4.13819,
refugee,4.13649,b2
drawers,4.13369,
mule,4.13369,c1
renowned,4.13289,c1
dimly,4.13199,
manifestation,4.12808,c1
credible,4.1267,c1
shaded,4.12487,
resurgence,4.12339,
mined,4.12339,
enquire,4.12308,
narration,4.1224,
homeland,4.12118,c1
crane,4.12108,c1
undetermined,4.11797,
dungeon,4.11686,c1
reinforced,4.11577,
spa,4.11575,c1
erratically,4.11575,
freezer,4.11575,c1
highschool,4.11575,
medicinal,4.11575,
toothpaste,4.11575,
bloke,4.11575,
leathery,4.11575,
paprika,4.11575,
memorial,4.11507,b2
cannery,4.11436,
rancher,4.11436,
driveway,4.11436,c1
gradient,4.11436,
graveyard,4.11405,c1
hallway,4.11405,b2
sensing,4.11405,
stoner,4.11375,
gecko,4.11375,
penguin,4.11375,
qualification,4.11306,c1
vow,4.11276,b2
pearl,4.11246,c1
impeccable,4.11205,
peculiarly,4.11196,
frowning,4.11155,
strenuous,4.11086,
spherical,4.11085,
squat,4.11085,b2
doorstep,4.11056,c1
sanction,4.10815,b2
roller,4.10755,c1
husk,4.10734,
pant,4.10734,b1
underdeveloped,4.10635,
unarmed,4.10635,
indignant,4.10635,
wrapping,4.10564,
comrade,4.10395,c1
rustling,4.10314,
redeemable,4.10266,
fiduciary,4.10266,
milled,4.10266,
picturesque,4.10114,
liquified,4.09774,
amnesty,4.09774,
affirm,4.09753,c1
practicable,4.09624,
clarification,4.09554,
integrating,4.09553,
whirling,4.09473,
ken,4.09443,
dl,4.09282,
adams,4.09256,
laser,4.09153,c1
programing,4.09142,
mainland,4.09112,c1
architectural,4.09063,c1
slapstick,4.09035,
nudity,4.09035,
evidenced,4.08942,
appalling,4.08832,
broadening,4.08792,
epidemic,4.08572,c1
daft,4.08491,
cemetery,4.08421,c1
bias,4.08272,b2
compliments,4.08151,
buzzing,4.08,
partition,4.08,c1
intensely,4.07901,c1
lovable,4.07841,
pleading,4.0783,
moratorium,4.07752,
butane,4.07752,
ethanol,4.07752,
stabilized,4.07752,
terrifying,4.07471,c1
stillness,4.07229,
contention,4.06889,c1
stamp,4.0686,b2
coordinator,4.06819,c1
blazing,4.06779,
stimulated,4.0677,
southbound,4.06768,
underlay,4.06768,
aboveground,4.06768,
anorexia,4.06768,
astringent,4.06768,
authenticate,4.06768,
automate,4.06768,
blueberry,4.06768,c1
briefs,4.06768,
chalky,4.06768,
char,4.06768,
mailbox,4.06768,
mem,4.06768,
tangy,4.06768,
nonfunctional,4.06768,
horoscope,4.06768,
savour,4.06709,
melt,4.06699,b2
short-term,4.06628,c1
generator,4.06628,c1
heater,4.06628,
aqueous,4.06628,
decomposition,4.06628,
diagonalizable,4.06628,
one-third,4.06628,c1
proportional,4.06628,
redhead,4.06598,
leftover,4.06568,c1
masturbation,4.06568,
frat,4.06568,
defining,4.06249,
aesthetically,4.06247,
opener,4.06077,c1
whereabouts,4.06027,c1
tempt,4.05808,c1
soprano,4.05757,
fireplace,4.05757,c1
squared,4.05707,
intercept,4.05436,c1
violet,4.05276,c1
windfall,4.05238,
ski,4.04818,b2
expertise,4.04818,b2
contractor,4.04797,c1
ratification,4.04747,
cobalt,4.04746,
trilogy,4.04628,
transitional,4.04525,
synagogue,4.04425,
shoreline,4.04305,
spouse,4.04195,b2
grinding,4.04125,
proclamation,4.04104,
lagoon,4.03864,
moore,4.03828,
slasher,4.03828,
scrubs,4.03683,
vanquish,4.03683,
charcoal,4.03543,
rousing,4.03504,
lens,4.03343,b2
smothered,4.03193,
straightway,4.02743,
troop,4.02742,b1
amortization,4.02724,
outrage,4.02472,c1
buckle,4.02351,c1
runaway,4.02273,c1
relocate,4.02253,c1
prairie,4.01901,c1
midget,4.0176,
singles,4.0176,
iguana,4.0176,
lieu,4.01712,
scoff,4.0144,
pluck,4.01341,c1
lever,4.013,
clerical,4.0129,
unfairly,4.00942,
monotonous,4.0094,
commence,4.00821,c1
feeder,4.0082,
paranoid,4.0079,c1
ridiculously,4.0079,c1
perverse,4.00339,
disagree,4.00229,b2
intensify,4.0021,c1
excise,4.0021,
clenched,4.00108,
banned,3.9996,
shrewd,3.99909,
tyrant,3.99828,
unbelievable,3.9982,c1
climactic,3.9982,
sunken,3.99808,
abolition,3.99719,
maximizing,3.99718,
attenuated,3.99196,
dvd,3.9902,
johnny,3.9902,
wayne,3.9902,
verified,3.98877,
flowering,3.98877,
frieze,3.98736,
paradox,3.98576,c1
neurotic,3.98456,
hobby,3.98456,c1
wanton,3.98426,
thrill,3.98417,b2
stocked,3.97445,
rooted,3.97414,
barbed,3.97374,
troublesome,3.97364,
february,3.97317,b1
caricature,3.97264,
contented,3.97094,
coloring,3.96983,
amazon,3.96953,
boob,3.96953,c1
homework,3.96953,b2
reincarnation,3.96953,
stowaway,3.96953,
jogging,3.96953,
metaphorically,3.96953,
sojourn,3.96814,
burdened,3.96705,
enlargement,3.96633,
ventriloquist,3.96632,
mattress,3.96632,c1
hopelessly,3.96574,
seamless,3.96554,
fisherman,3.96494,c1
backdrop,3.96475,c1
fumes,3.96412,
tuition,3.96412,c1
boredom,3.96213,
spouting,3.96103,
malicious,3.95982,
flair,3.95813,
innumerable,3.94891,
sepulchre,3.94851,
resin,3.9469,
rake,3.9461,c1
blasted,3.94501,
asp,3.94389,
wench,3.94389,
treacherous,3.9428,c1
drainage,3.94249,
wardrobe,3.9421,c1
slowness,3.94119,
vocabulary,3.94049,c1
elapsed,3.93848,
staggering,3.93789,
powered,3.93719,
incompetent,3.93569,
rooting,3.93419,
opaque,3.93378,
cutter,3.93178,
groom,3.93178,c1
mastery,3.92687,
taxable,3.92668,
frenzy,3.92658,
journalism,3.92567,c1
cultivated,3.92517,
unfold,3.92457,c1
simplify,3.92447,
terrified,3.92407,c1
grossly,3.92368,
reversion,3.92317,
aground,3.92317,
flatly,3.92197,
lookup,3.92176,
jackpot,3.92145,
locket,3.92145,
lotto,3.92145,
modem,3.92145,
pc,3.92145,b2
ponytail,3.92145,
astrology,3.92145,
upscale,3.92145,
vibe,3.92145,c1
rhino,3.92145,
rv,3.92145,
doggy,3.92145,c1
donut,3.92145,c1
elitist,3.92145,
experimentation,3.92006,
streetcar,3.92006,
tumor,3.92006,c1
ballot,3.91956,b2
shorten,3.91876,
stripping,3.91846,
revulsion,3.91655,
absorbing,3.91567,
amend,3.91477,c1
thorn,3.91375,c1
lapse,3.91356,c1
manure,3.91334,
slit,3.91334,c1
caliber,3.91005,
newcomer,3.90955,c1
correspondent,3.90844,c1
compel,3.90764,c1
kneel,3.90493,c1
sparkling,3.90404,c1
presidency,3.90395,b2
anew,3.90244,
syrup,3.90124,c1
raving,3.90093,
draining,3.90075,
telescope,3.89972,b2
berry,3.89772,c1
intrinsic,3.89682,
wager,3.89452,c1
slogan,3.89411,c1
roberts,3.89405,
starship,3.89405,
damsel,3.89282,
shrill,3.89202,
aptly,3.89011,
stark,3.88902,c1
showdown,3.88733,
cavity,3.886,
lied,3.8857,
straining,3.88521,
pseudo,3.88411,
keel,3.8836,
shrine,3.8825,
akin,3.882,c1
watchful,3.8795,
apiece,3.87629,
coolly,3.87519,
abs,3.87338,
chihuahua,3.87338,
colonize,3.87338,
curfew,3.87338,
tautness,3.87338,
toddler,3.87338,c1
genital,3.87338,
skateboard,3.87338,c1
sticker,3.87338,c1
tsk,3.87338,
tuxedo,3.87338,
judgmental,3.87338,
lobotomy,3.87338,
merchandising,3.8724,
tiger,3.87199,b2
mileage,3.87198,
tagged,3.87168,
vex,3.87128,
simultaneous,3.87119,
nuisance,3.87118,
dismay,3.87029,c1
comeback,3.86989,c1
crystalline,3.86797,
kettle,3.86567,c1
facial,3.86368,c1
foreboding,3.86127,
parcel,3.86057,
dissolution,3.85607,
housekeeper,3.85316,c1
insulation,3.85125,
shuffling,3.85115,
renovation,3.85045,
honoring,3.84876,
suede,3.84774,
advert,3.84774,
blindfold,3.84774,
cannonade,3.84774,
celibate,3.84774,
troll,3.84774,c1
lager,3.84774,
moveable,3.84774,
solving,3.84675,
linguist,3.84634,
enthusiastically,3.84354,
reap,3.83914,c1
frightful,3.83874,
brute,3.83874,c1
unintentionally,3.83804,
retroactive,3.83515,
multinational,3.83515,
lethal,3.83504,c1
underwriter,3.83244,
austerity,3.83244,
battlefield,3.83184,c1
spade,3.83153,
contradictory,3.82942,
overtime,3.82874,c1
cellular,3.82874,c1
presume,3.82782,c1
overlooked,3.82622,
obtainable,3.82611,
postwar,3.82611,
sesame,3.82581,
samba,3.8253,
looping,3.8253,
pantyhose,3.8253,
pediatrician,3.8253,c1
pubic,3.8253,
archive,3.8253,b2
barbeque,3.8253,
chipmunk,3.8253,
contextual,3.8253,
cycling,3.8253,
db,3.8253,
dodgy,3.8253,
fudge,3.8253,
hourglass,3.8253,
inebriated,3.8253,
burrito,3.8253,c1
capitalize,3.82453,
snuff,3.82442,
conscientious,3.82431,
fibre,3.82403,
ambivalent,3.82361,
demographic,3.82191,c1
neon,3.82191,
dominance,3.82141,c1
sixties,3.81991,
unconditional,3.81962,
prudence,3.81751,
miller,3.81713,
framing,3.8162,
heave,3.8159,
manic,3.8156,
irritable,3.81199,
watson,3.8116,
obligatory,3.81032,
serene,3.80749,
hazardous,3.80559,
polyester,3.80559,
distrust,3.80499,c1
incur,3.80239,
nervousness,3.8021,
bobby,3.8019,
lender,3.8016,c1
commune,3.80157,
antibody,3.80097,
legislature,3.80097,b2
procure,3.80078,
avoidance,3.80068,
ideally,3.80067,c1
august,3.79949,b1
characteristically,3.79797,
handicap,3.79797,c1
goofy,3.7979,
jimmy,3.7979,
likable,3.7979,
provocative,3.79718,
july,3.79688,b1
luckily,3.79669,c1
baffled,3.79657,
thrilling,3.79629,c1
prodigious,3.79627,
merciful,3.79347,
condemnation,3.79096,
gallows,3.78996,
mimic,3.78916,c1
atmospheric,3.78856,c1
arbitrager,3.78708,
litre,3.78708,
naphtha,3.78708,
proration,3.78708,
markka,3.78708,
rationalisation,3.78708,
salmonella,3.78708,
shareholding,3.78708,
supertanker,3.78708,
distillate,3.78708,
greenmail,3.78708,
populous,3.78676,
leaping,3.78265,
luggage,3.78265,c1
bandstand,3.78114,
menacing,3.78026,
sympathize,3.77985,
hammock,3.77904,
geared,3.77866,
disappearing,3.77865,
apostrophe,3.77723,
ashtray,3.77723,
assessable,3.77723,
backroom,3.77723,
baloney,3.77723,
biff,3.77723,
blacklist,3.77723,
blogger,3.77723,c1
brambly,3.77723,
brownstone,3.77723,
colonoscopy,3.77723,
compatibility,3.77723,
conch,3.77723,
decaf,3.77723,
doggie,3.77723,c1
eggplant,3.77723,
exhibitionist,3.77723,
falafel,3.77723,
fascista,3.77723,
fetus,3.77723,
floury,3.77723,
fr,3.77723,
frond,3.77723,
gazebo,3.77723,
gingery,3.77723,
gluey,3.77723,
grapey,3.77723,
greengage,3.77723,
harasser,3.77723,
hobbit,3.77723,
hygienist,3.77723,
indentation,3.77723,
px,3.77723,
quip,3.77723,
redesign,3.77723,c1
reordering,3.77723,
res,3.77723,
rhodium,3.77723,
ringworm,3.77723,
semicolon,3.77723,
shrimper,3.77723,
sis,3.77723,
sleepover,3.77723,
smoothie,3.77723,
soh,3.77723,
sparkly,3.77723,c1
spec,3.77723,
stapler,3.77723,
subdirectory,3.77723,
troubleshoot,3.77723,
twat,3.77723,
typo,3.77723,
unblock,3.77723,
unhelpful,3.77723,
unix,3.77723,
unselected,3.77723,
untitled,3.77723,
unzip,3.77723,
urination,3.77723,
veg,3.77723,
viewable,3.77723,
wa,3.77723,
xy,3.77723,
burgundy,3.77723,
catfish,3.77723,
cervix,3.77723,
chardonnay,3.77723,
megaphone,3.77723,
tenner,3.77723,
trackball,3.77723,
jaywalker,3.77723,
ka,3.77723,
kebab,3.77723,
keystroke,3.77723,
lactose,3.77723,
lanolin,3.77723,
lapin,3.77723,
lexis,3.77723,
menorah,3.77723,
menstrual,3.77723,
morbidly,3.77723,
msg,3.77723,
nappy,3.77723,
narcist,3.77723,
nix,3.77723,
octet,3.77723,
pinstripe,3.77723,
plural,3.77723,c1
privateer,3.77723,
pu,3.77723,
passionately,3.77593,
invariant,3.77583,
paramagnetic,3.77583,
phosphor,3.77583,
roleplaying,3.77583,
statewide,3.77583,c1
subsection,3.77583,
compulsivity,3.77583,
casework,3.77583,
flourish,3.77414,c1
lyric,3.77383,
squarely,3.77333,
dangerously,3.77253,c1
lynch,3.77226,
deceive,3.77103,c1
dismayed,3.77084,
sporting,3.77023,c1
lingering,3.76943,c1
thankfully,3.76585,c1
drained,3.76513,
repulsive,3.76512,
superbly,3.76462,
cutback,3.76193,
colleague,3.76142,b1
homage,3.76023,
adultery,3.76022,
apartheid,3.75973,
london,3.75604,
horribly,3.75382,c1
probing,3.7526,
signaling,3.7526,
capitalist,3.7526,c1
speedily,3.7509,
unattractive,3.7501,
descriptive,3.74989,
ted,3.74983,
entrenched,3.74961,
plastered,3.74789,
discomfort,3.74269,c1
hack,3.74189,b2
mocking,3.74179,
uncover,3.74179,c1
raging,3.741,c1
testament,3.73939,c1
temperate,3.73868,
trifling,3.73868,
inseparable,3.73627,
christian,3.7351,b1
collision,3.73478,c1
curtail,3.73459,
ledge,3.73307,c1
commissioner,3.73238,b2
anthropology,3.72746,
freeman,3.72619,
mastered,3.72546,
susceptible,3.72447,c1
tracked,3.72446,
graduation,3.72376,c1
magnified,3.72015,
diary,3.71975,c1
prosecution,3.71955,c1
shaven,3.71624,
nostalgia,3.71575,
sleazy,3.71545,
justly,3.71174,
discriminatory,3.71165,
chuck,3.71134,c1
diverted,3.71035,
irons,3.70934,
reckon,3.70853,c1
poignant,3.70734,
healing,3.70734,b2
wildcat,3.70673,
ardent,3.70573,
tailored,3.70503,
ironing,3.70452,
grouped,3.70452,
incidentally,3.70293,
autobiography,3.70252,
litter,3.70222,c1
filmmaker,3.70175,c1
gary,3.70175,
taylor,3.70175,
parochial,3.70012,
kitten,3.69982,c1
laughable,3.69855,
advantageous,3.69833,
pregnancy,3.69781,b2
tug,3.69773,c1
exploitation,3.69703,c1
clergy,3.69691,
unfinished,3.69682,c1
tweed,3.69661,
erection,3.69611,
prominently,3.69512,
kindred,3.69492,
rails,3.69391,
uphold,3.68821,c1
redundancy,3.68651,
streamlined,3.68651,
preferential,3.68651,
reverence,3.6861,
begotten,3.6861,
fiercely,3.6854,c1
wooded,3.68499,
imperial,3.6849,c1
charger,3.6849,
lawful,3.6833,
reconstruction,3.6821,c1
distressed,3.68089,
clergyman,3.68009,
fetching,3.67978,
proportionately,3.67939,
pansy,3.67938,
unsettled,3.6786,
riot,3.67729,b2
patronage,3.67668,
seaweed,3.67658,
subscribe,3.6756,c1
yonder,3.67488,
comforted,3.67488,
stew,3.67417,c1
marital,3.67368,c1
swelled,3.67359,
fortress,3.67328,c1
creativity,3.67168,c1
pennant,3.67167,
solidly,3.66877,
idly,3.66867,
solitude,3.66727,
stout,3.66407,c1
authorize,3.66137,c1
upstream,3.66137,c1
blossom,3.65926,c1
procedural,3.65916,
vicinity,3.65756,c1
lucrative,3.65737,
beware,3.65646,c1
radial,3.65645,
beset,3.65465,
recourse,3.65396,
catherine,3.65368,
plentiful,3.65315,
extraneous,3.65245,
concede,3.65175,c1
preferable,3.65075,
twelfth,3.64914,
wink,3.64844,c1
instinctively,3.64353,
saddled,3.64224,
unquestionably,3.64113,
thrusting,3.64083,
displeasure,3.64053,
pun,3.64053,c1
texas,3.63895,
faithfully,3.63783,
helmet,3.63732,c1
lifeless,3.63524,
grate,3.63492,c1
flashing,3.63362,
throbbing,3.63171,
zing,3.63131,
toothbrush,3.63131,c1
rpm,3.63131,
steamed,3.63131,
unwed,3.62961,
individualism,3.62961,
scoring,3.62931,c1
cohesive,3.62761,
invading,3.62681,
unconsciously,3.6268,
porous,3.6264,
rainy,3.62582,c1
comforts,3.62521,
recipe,3.62461,b2
axle,3.62289,
blackened,3.62289,
paradise,3.62201,c1
assemble,3.6216,b2
idiotic,3.62121,
belongings,3.62089,c1
gait,3.61839,
noteworthy,3.6179,
heal,3.61599,b2
malice,3.61599,
ascertain,3.61449,
consequent,3.61449,
nightfall,3.61448,
elusive,3.61369,c1
tyranny,3.61278,
styrene,3.61109,
elemental,3.60958,
pumped,3.60929,
battering,3.60878,
intangible,3.60859,
premier,3.60858,c1
gallant,3.60718,
formulated,3.60667,
hoops,3.60607,
helen,3.6056,
negotiator,3.60458,
diligently,3.60438,
insoluble,3.60397,
inflexible,3.60267,
dam,3.60227,b2
metro,3.59837,
efficacy,3.59776,c1
wharf,3.59766,
fateful,3.59646,
vapor,3.59555,
sixteenth,3.59035,
militia,3.59035,c1
sequestered,3.59007,
rust,3.58935,c1
superstitious,3.58925,
enlightened,3.58755,
submerged,3.58735,
whirlwind,3.58495,
segregation,3.58374,
absurdity,3.58314,
grandeur,3.58234,
infrared,3.58153,
inning,3.58153,
diagnosis,3.58153,b2
resultant,3.58153,
harassed,3.58123,
uniformity,3.58103,
nucleus,3.58103,
spoiler,3.58084,
entirety,3.57774,
deer,3.57673,b2
retrieve,3.57523,c1
threads,3.57473,
cheerfully,3.57393,
wroth,3.57353,
gothic,3.57323,
sobbing,3.57322,
suicidal,3.57273,c1
welcoming,3.57183,c1
devilish,3.57143,
recruit,3.57112,b2
paramount,3.57033,
critically,3.57003,c1
moderation,3.56612,
investigator,3.56533,b2
rattling,3.56511,
observant,3.56441,
illustrious,3.56441,
stalked,3.56191,
desperation,3.56191,c1
matrimony,3.5612,
computing,3.56081,c1
gram,3.56081,c1
quantitative,3.56081,
civility,3.55951,
forceful,3.55881,
enactment,3.55831,
stuart,3.55753,
austin,3.55753,
buffalo,3.5575,c1
hymen,3.55589,
misconception,3.55509,
intelligently,3.55159,
overthrow,3.55149,c1
drawer,3.55109,c1
inspect,3.55069,c1
confinement,3.55059,
unhealthy,3.55038,c1
duo,3.54559,
bestow,3.54548,
deliciously,3.54438,
ludicrous,3.5441,
explanatory,3.54397,
sermon,3.54227,c1
promissory,3.54199,
setback,3.54029,
disciple,3.53987,c1
communion,3.53907,c1
unlock,3.53877,c1
grievous,3.53707,
innovation,3.53587,b2
ration,3.53567,c1
managerial,3.53567,
appliance,3.53487,c1
exploited,3.53366,
unstructured,3.53346,
practiced,3.53317,
capitalism,3.53146,c1
dynamics,3.53116,c1
senate,3.53017,b1
slab,3.52996,c1
wired,3.52825,
unreliable,3.52474,
bravery,3.52474,c1
dwarf,3.52474,c1
marvel,3.52465,c1
scant,3.52225,
diffuse,3.52154,c1
dignified,3.52024,
liquefied,3.51956,
symbolism,3.51904,
velvet,3.51745,c1
bounty,3.51633,c1
poker,3.51625,c1
complementary,3.51515,
rein,3.51465,c1
dispersed,3.51383,
inventive,3.51225,
murderous,3.51104,
ml,3.51052,
scuttle,3.51032,
unifying,3.51022,
extravagant,3.50983,
damon,3.50945,
deception,3.50913,c1
gaming,3.50894,c1
catalogue,3.50753,c1
exhaust,3.50703,b2
hose,3.50622,c1
flop,3.50422,c1
valour,3.50302,
mamma,3.50302,
tramp,3.50271,
disobedience,3.50252,
aspire,3.4971,c1
greedy,3.49701,c1
creek,3.49661,b2
appropriately,3.49652,c1
pat,3.49602,b2
bucket,3.4946,c1
unavoidable,3.49441,
exasperated,3.4934,
seminar,3.49221,c1
summon,3.49069,c1
overdue,3.49021,
restricting,3.48951,
coupling,3.48849,
plumbing,3.48559,c1
nilpotent,3.48538,
antigen,3.48538,
deduct,3.48538,
secant,3.48538,
stockade,3.48538,
two-thirds,3.48538,c1
world-wide,3.48538,
transferor,3.48538,
brakes,3.48508,
unaffected,3.4845,
realistically,3.48359,
unexplained,3.48308,
forego,3.48109,
solicitude,3.48018,
interact,3.47908,b2
countryside,3.47838,c1
plotted,3.47818,
jumbled,3.47788,
triumphantly,3.47737,
incessant,3.47578,
tenant,3.47438,c1
grinning,3.47217,
girdle,3.47177,
connexion,3.47177,
telex,3.47149,
insurer,3.47149,c1
lockout,3.47149,
exportable,3.47149,
cosmos,3.46826,
speeding,3.46747,
reintroduce,3.46656,
fidelity,3.46576,
cinematographer,3.46138,
warlike,3.46005,
preoccupied,3.45724,
heaviness,3.45664,
endeavour,3.45655,
labelled,3.45644,
awkwardly,3.45544,
unworthy,3.45534,
tying,3.45495,
metaphysics,3.45454,
finite,3.45454,
foregoing,3.45454,
nc,3.45415,
deceit,3.45254,
avenge,3.45215,
prohibition,3.45204,c1
strait,3.45094,
enchanting,3.45054,
precaution,3.44833,c1
stalking,3.44703,
commend,3.44653,
viability,3.44414,
dishonest,3.44262,
hefty,3.44014,
conveniently,3.44012,
persistently,3.43921,
progressively,3.43772,
manipulate,3.43772,c1
dynasty,3.43701,
shabby,3.43612,
disconcerting,3.43501,
incurable,3.4342,
conquest,3.43251,
taxing,3.43231,
cleavage,3.43101,
slam,3.4298,b2
holocaust,3.42951,
alligator,3.4286,c1
affirmed,3.4281,
augmented,3.4264,
locker,3.4249,c1
surroundings,3.4229,c1
budgetary,3.4212,
squall,3.42089,
frivolous,3.41869,
majesty,3.41849,c1
chapel,3.41848,c1
avenged,3.41738,
lunchtime,3.41628,c1
dame,3.41618,
exclamation,3.41568,
mortar,3.41528,
overlooking,3.41498,
intellect,3.41368,
hopkins,3.4133,
anthony,3.4133,
sarah,3.4133,
exterior,3.41328,c1
kin,3.41177,
stagnant,3.41158,
rigidly,3.41138,
striped,3.41137,
melon,3.41127,
triumphant,3.41047,
therewith,3.40967,
greet,3.40957,b2
immigrant,3.40937,b2
petty,3.40928,c1
splinter,3.40788,c1
abundantly,3.40767,
joyous,3.40727,c1
expedient,3.40637,
horrid,3.40567,
sod,3.40566,
geological,3.40538,
mania,3.40367,
vase,3.40295,
deranged,3.40216,
intrusion,3.40095,
sarcastic,3.40016,c1
swan,3.39895,c1
wheeled,3.39805,
carve,3.39775,c1
bewildered,3.39645,
volcano,3.39617,c1
soluble,3.39606,
polypropylene,3.39606,
sway,3.39595,b2
mending,3.39454,
striving,3.39395,
exertion,3.39285,
draped,3.39284,
vent,3.39284,c1
bureaucracy,3.39165,c1
loser,3.39117,b2
citizenship,3.39114,c1
marvellous,3.39085,
shaggy,3.38934,c1
mink,3.38893,
modifier,3.38893,
thwarted,3.38865,
persecution,3.38714,
formulate,3.38623,c1
sleeper,3.38534,c1
limb,3.38483,c1
candlestick,3.38444,
approbation,3.38444,
preserves,3.38403,
outrun,3.38373,
convict,3.38364,b2
spooky,3.38293,c1
symphony,3.38203,c1
scanning,3.38052,
arena,3.37903,c1
racism,3.37893,b2
obsession,3.37523,c1
uproar,3.37523,
ghastly,3.37402,
severed,3.37062,
omen,3.37011,
urgently,3.36871,
resign,3.36862,b2
mat,3.36711,c1
buildup,3.36692,
hinder,3.36632,
consummate,3.36572,
wits,3.36561,
anne,3.36523,
joel,3.36523,
oliver,3.36523,
scorsese,3.36523,
sidney,3.36523,
breakthrough,3.36471,c1
calmness,3.3643,
radioactive,3.3643,
extensively,3.3643,c1
critique,3.36402,b2
groomed,3.36129,
demise,3.35851,c1
inhuman,3.35679,
caravan,3.35609,
hoarse,3.35599,
embodiment,3.35318,
systematically,3.35118,
ingenuity,3.35108,
faintly,3.35038,
stalk,3.35008,b2
shekel,3.34748,
lull,3.34618,c1
barter,3.34499,
paris,3.3443,
timid,3.34317,
resent,3.34277,c1
insofar,3.34086,
intercontinental,3.34086,
inverse,3.34086,
linguistics,3.34086,
prescribe,3.34086,c1
commuting,3.34086,
tycoon,3.33906,
withstand,3.33897,c1
gypsy,3.33886,c1
rocker,3.33886,
consummation,3.33737,
conclusive,3.33595,
govern,3.33586,b2
rowdy,3.33565,
reviewer,3.33486,c1
typewriter,3.33395,
effortlessly,3.33286,
dove,3.33276,c1
dashing,3.33136,
superficially,3.33045,
tapped,3.32775,
philosophic,3.32754,
harness,3.32754,c1
harmonious,3.32675,
negligence,3.32674,
soar,3.32596,c1
torch,3.32203,b2
booking,3.32064,
imputation,3.31714,
predominantly,3.31643,c1
latin,3.31613,b2
collectively,3.31493,c1
statesman,3.31352,
distressing,3.31342,
greens,3.31322,
cruiser,3.31322,
sadness,3.31313,c1
peninsula,3.31223,c1
gut,3.31192,b2
yearning,3.31192,
ankle,3.31072,b2
terrier,3.31001,
sweetheart,3.30952,c1
unmistakable,3.30872,
confines,3.30381,
fifteenth,3.3023,
polluted,3.2999,
thrice,3.2999,
deliverance,3.29871,
misunderstood,3.2969,
seventeenth,3.29669,
disappoint,3.2956,c1
deterrent,3.2955,
intensification,3.2955,
groundwork,3.29521,
pave,3.29471,c1
regulate,3.29471,b2
journal,3.2935,b1
workable,3.29329,
pantry,3.29319,c1
migrant,3.29299,c1
linger,3.29269,c1
gymnastics,3.29108,
helpfully,3.29078,
stampede,3.29078,
nominee,3.2905,c1
medal,3.29028,b2
myriad,3.28949,c1
isolate,3.28808,c1
retracted,3.28708,
haze,3.28628,c1
gladly,3.28348,c1
indulgence,3.28348,
norm,3.28308,b2
batter,3.28187,c1
thirteenth,3.28099,
burly,3.28037,
superstition,3.27987,
gall,3.27987,
hardy,3.27787,
wade,3.27716,
woof,3.27636,
mortified,3.27636,
glistening,3.27466,
wolf,3.27387,b2
fend,3.27298,c1
denomination,3.27036,
upstate,3.27006,c1
contested,3.26957,
armageddon,3.26908,
keaton,3.26908,
recipient,3.26836,c1
schoolhouse,3.26544,
undergraduate,3.26544,c1
cylindrical,3.26544,
sociological,3.26344,
prostitution,3.26344,
wailing,3.26304,
meditate,3.26234,c1
underfoot,3.26194,
bandage,3.26194,c1
embodied,3.25724,
rocket,3.25574,b2
directive,3.24984,
bounded,3.24862,
filth,3.24832,
fatherless,3.24662,
herb,3.24622,c1
cubit,3.24342,
sackcloth,3.24342,
sodium,3.24301,c1
compartment,3.24301,c1
electoral,3.24301,c1
underestimate,3.24271,c1
lily,3.24111,
mistakenly,3.24071,
flamboyant,3.24071,
irresponsible,3.24051,c1
extinct,3.23991,
exclusion,3.23951,c1
indoor,3.2395,c1
skillful,3.23901,
mirth,3.23781,
stylistic,3.23671,
flurry,3.23651,
tier,3.23622,
slang,3.2355,
tormented,3.2334,
discern,3.2322,c1
fascinated,3.2318,
counterfeit,3.2318,
curved,3.23179,
stitch,3.23109,b2
annoy,3.22909,c1
reintroduction,3.22641,
bulky,3.22618,
deserts,3.22609,
ceaseless,3.22379,
recorder,3.22369,c1
overpriced,3.22198,
lawrence,3.22101,
synopsis,3.22101,
adam,3.22101,
handmaid,3.22098,
dispatch,3.22098,c1
infamous,3.22059,c1
inorganic,3.22008,
viscosity,3.22008,
miner,3.21899,c1
collateral,3.21849,
savior,3.21777,c1
partake,3.21747,
symbolize,3.21487,
mindful,3.21477,
traitor,3.21427,c1
warp,3.21297,c1
rightly,3.21297,c1
rhythmic,3.21216,
illumination,3.21166,
humiliation,3.21007,c1
coated,3.20937,
apathy,3.20866,
garb,3.20866,
arrogant,3.20727,c1
martyr,3.20646,
charitable,3.20636,c1
hilarity,3.20465,
loft,3.20345,
berth,3.20246,
waive,3.20126,
recoverable,3.20126,
defendant,3.19735,b2
tribunal,3.19685,
rethink,3.19684,c1
twenty-four,3.19493,
fluorescence,3.19493,
grill,3.19493,b2
pituitary,3.19493,
pollen,3.19493,
aerator,3.19493,
autonomic,3.19493,
coexistence,3.19493,
congruence,3.19493,
manslaughter,3.19463,
sock,3.19463,c1
subconsciously,3.19463,
exercising,3.19414,
thawed,3.19413,
defunct,3.19413,
borderline,3.19263,
awkwardness,3.19183,
thieving,3.19143,
intrinsically,3.19143,
paycheck,3.19063,c1
mall,3.19013,b2
dilapidated,3.18943,
flex,3.18893,c1
overshadow,3.18893,
parsley,3.18843,
badness,3.18773,
stripes,3.18733,
quivering,3.18693,
muzzle,3.18652,
twitch,3.18622,c1
stately,3.18412,
shaping,3.18402,c1
straits,3.18342,
onward,3.18112,
rainbow,3.18101,c1
haunt,3.18092,b2
premises,3.17932,
compounding,3.17883,
canoe,3.17851,c1
melodramatic,3.17773,
fable,3.17692,
fearless,3.17651,c1
interrupt,3.17601,b2
feat,3.17531,c1
brad,3.17493,
extraction,3.17442,
preclude,3.17392,
andrew,3.17293,
cliched,3.17293,
walter,3.17293,
aught,3.17291,
harlot,3.17291,
nought,3.17291,
supplication,3.17291,
overwhelmingly,3.17221,c1
uneasiness,3.1701,
inadvertently,3.1697,
wetting,3.16899,
pedal,3.16899,c1
sophistication,3.168,
transmitted,3.1663,
meek,3.1653,
huddled,3.16409,
vividly,3.16209,
enlarge,3.16129,
reconciled,3.16119,
chilling,3.15879,
contradict,3.15829,c1
strikingly,3.15688,
astray,3.15648,
blot,3.15608,c1
bourse,3.1559,
deliverable,3.1559,
deregulate,3.1559,
devalued,3.1559,
receivables,3.1559,
reorganisation,3.1559,
seaway,3.1559,
stabilised,3.1559,
uncompetitive,3.1559,
jute,3.1559,
capitalisation,3.1559,
seam,3.15568,c1
slimy,3.15458,c1
conciliatory,3.15369,
devoid,3.15288,
cathedral,3.15287,c1
dissipated,3.15217,
authorisation,3.15097,
goodly,3.15047,
cod,3.15017,
rationale,3.14927,c1
outspoken,3.14927,
deter,3.14848,c1
haughty,3.14807,
entourage,3.14656,
goddam,3.14656,
saxophone,3.14656,
scrawny,3.14656,
centering,3.14656,
cords,3.14486,
magically,3.14456,c1
ripping,3.14456,
conceivably,3.14436,
additionally,3.14256,c1
frail,3.14206,
cardinal,3.14086,
contagious,3.14085,c1
overblown,3.14056,
ridicule,3.13956,c1
glare,3.13885,c1
deficient,3.13856,
hooks,3.13846,
voluptuous,3.13815,
trustworthy,3.13815,
aromatic,3.13765,
invincible,3.13615,
hurrying,3.13605,
underworld,3.13365,
conspicuous,3.13364,
disregard,3.13345,c1
ferocity,3.13294,
census,3.13274,c1
ecstatic,3.13115,
gratuitous,3.13086,
revising,3.13076,
validly,3.13076,
throughput,3.13076,
dreamer,3.12973,
bends,3.12973,
stemmed,3.12855,
thankful,3.12844,c1
blindly,3.12804,
belligerent,3.12634,
pinpoint,3.12634,
relocation,3.12583,
jonathan,3.12486,
rebuilding,3.12363,
inaction,3.12363,
payday,3.12363,
queens,3.12283,
apostle,3.12244,
ne,3.12132,
hateful,3.12123,
unload,3.12093,c1
mathematically,3.12092,
shortened,3.11962,
repentance,3.11922,
lining,3.11842,c1
disarmament,3.11601,
thermometer,3.11601,
hoop,3.11571,c1
receptive,3.11521,
trout,3.11402,c1
digest,3.11321,c1
exorcist,3.11292,
grind,3.11242,b2
sofa,3.108,c1
ranked,3.10681,
reaffirmation,3.10561,
snowy,3.1055,c1
communicating,3.1051,
fortify,3.10409,
gem,3.10401,c1
eroded,3.10341,
participant,3.10341,b1
consummated,3.10341,
fascination,3.1016,c1
busily,3.09919,
carcass,3.09849,
visa,3.09848,c1
topical,3.09848,
bloodstream,3.09848,
coroner,3.09848,
allegedly,3.0972,c1
jewelry,3.09648,c1
sighted,3.09398,
overtake,3.09389,c1
humanitarian,3.09328,c1
championship,3.09278,b2
impending,3.09249,
z,3.09048,
splashing,3.09007,
cheerfulness,3.08838,
leprosy,3.08838,
similarity,3.08837,c1
preparatory,3.08737,
kidnap,3.08728,c1
confirming,3.08658,
anatomical,3.08517,
discernible,3.08317,
aforementioned,3.08078,
adequacy,3.08047,
symposium,3.08047,
chuckle,3.08037,b2
glee,3.07966,
ironically,3.07958,c1
anna,3.07678,
bypass,3.07555,c1
hepatitis,3.07555,
solicit,3.07477,
regrettably,3.07355,
eyesight,3.07325,
ablaze,3.07256,
reassuring,3.07135,
dialect,3.07114,
educator,3.07114,b2
chopped,3.07084,c1
admissible,3.07065,
circulating,3.07035,
hamper,3.07035,
payback,3.06826,
powdered,3.06815,
itching,3.06764,
protruding,3.06764,
coughing,3.06764,
goodman,3.06716,
lament,3.06594,c1
annoyance,3.06594,
cradle,3.06434,c1
metropolis,3.06394,
recount,3.06243,c1
reside,3.06243,c1
inspiring,3.05994,c1
facade,3.05873,
holiness,3.05753,
interpreter,3.05753,
unbearable,3.05673,c1
southeastern,3.05533,
affiliation,3.05533,c1
enquiry,3.05524,
signify,3.05513,c1
wallow,3.05402,
loneliness,3.05353,c1
hypothetical,3.05092,c1
tactical,3.05092,c1
infringement,3.05042,
gasket,3.05041,
integer,3.05041,
pronoun,3.05041,
bourbon,3.05041,
diabetes,3.05041,b2
diagonally,3.05041,
radicalism,3.05041,
pacific,3.04883,
illegitimate,3.04841,
orchard,3.04581,
futility,3.04571,
lunar,3.0455,c1
diagram,3.0455,c1
surround,3.04511,b1
eighties,3.04441,
honorable,3.0435,c1
advancement,3.0435,c1
footstep,3.042,c1
portray,3.04071,b2
feather,3.0407,c1
strangeness,3.04,
taps,3.0395,
lama,3.0392,
comforting,3.0383,c1
slumber,3.0379,c1
hapless,3.03591,
benevolent,3.0359,
lore,3.03309,
seduce,3.03279,c1
beaming,3.03229,
morn,3.03189,
coldly,3.03189,
terry,3.03071,
unfavorable,3.03019,
gallium,3.03019,
hostilities,3.03019,
chloride,3.03019,
designate,3.03019,c1
greeting,3.02889,c1
daniel,3.02871,
landslide,3.02719,
brewery,3.02669,
capped,3.02548,
booming,3.02519,
soundly,3.02449,
torment,3.02388,c1
criterion,3.02307,
bonfire,3.02277,
lax,3.02277,
potted,3.01956,
felicity,3.01867,
anarchist,3.01787,
coherent,3.01777,c1
fanatical,3.01756,
saga,3.01507,
dispensed,3.01436,
tally,3.01387,c1
retiring,3.01216,
similitude,3.01186,
collector,3.01066,c1
admirably,3.00816,
catalog,3.00746,c1
ballad,3.00745,
professed,3.00665,
recapture,3.00526,
unsure,3.00126,c1
irritation,3.00104,
ambush,3.00104,c1
waterfront,3.00064,
irreparable,2.99984,
slug,2.99864,c1
intrusive,2.99833,
numbing,2.99833,
fantastically,2.99833,
transplant,2.99833,c1
enact,2.99764,c1
chancellor,2.99714,c1
leash,2.99713,c1
asylum,2.99664,c1
rendition,2.99633,
irritated,2.99533,
anecdote,2.99222,
momentous,2.99022,
fortitude,2.98982,
incorporate,2.98893,b2
navel,2.98872,
wasteful,2.98652,
sexuality,2.98543,c1
inept,2.98463,
blackness,2.98421,
cherish,2.98421,c1
crust,2.98351,c1
gratified,2.98322,
apology,2.98141,b2
accession,2.98132,
blockbuster,2.98063,
hank,2.98063,
intermission,2.9803,
lima,2.97961,
venerable,2.97901,
wishful,2.9777,
malaise,2.9777,
occupational,2.9777,
overcast,2.9777,
conservatism,2.9777,
takeoff,2.9774,
refine,2.97641,c1
postal,2.97591,
edging,2.9742,
uttermost,2.96979,
withal,2.96979,
distaste,2.96929,
shaky,2.968,c1
tulip,2.96739,
stumble,2.96659,b2
steeple,2.96658,
hillside,2.96658,
swearing,2.96569,
mortality,2.96458,c1
inconvenience,2.96418,c1
scepticism,2.96308,
remorseless,2.96308,
rumbling,2.96308,
inaudible,2.96308,
interminable,2.95978,
optic,2.95889,
radish,2.95817,
downside,2.95739,
novelty,2.95688,c1
grower,2.95618,
heretofore,2.95617,
germanium,2.95477,
mg,2.95477,
bun,2.95466,c1
cask,2.95466,
specificity,2.95256,
archaeology,2.95256,
sparring,2.95226,
stylist,2.95226,
distort,2.95127,c1
impair,2.95127,
deductible,2.95127,c1
contiguous,2.95126,
cosmetic,2.95126,
forwarding,2.95126,
disillusioned,2.95026,
apron,2.94976,
shopkeeper,2.94946,
tablet,2.94905,c1
devastating,2.94877,c1
authenticity,2.94856,
airy,2.94776,
tempest,2.94736,
riveting,2.94626,
scripted,2.94626,
provocation,2.94405,
mould,2.94396,
deepening,2.94335,
continuance,2.94135,
extraordinarily,2.93986,
widower,2.93864,
breathtaking,2.93856,
tumbling,2.93835,
profanity,2.93735,
graham,2.93656,
defuse,2.93646,
superpower,2.93646,
mainstay,2.93646,
heaving,2.93564,
decently,2.93544,
fragmented,2.93204,
supplemental,2.93104,
bachelor,2.93094,c1
attainment,2.92963,
developmental,2.92963,c1
centralized,2.92963,
stocking,2.92883,c1
elastic,2.92732,
burying,2.92702,
foggy,2.92662,c1
digestive,2.92662,
centrally,2.92613,
howling,2.92573,
contemptuous,2.92212,
latitude,2.92162,
hygiene,2.92141,
solo,2.92092,c1
napkin,2.91821,c1
bridegroom,2.91611,
loom,2.91551,c1
farmhouse,2.9133,
terrestrial,2.9113,
colossal,2.91121,
withered,2.9077,
feudal,2.9076,
circumvent,2.90589,
helicopter,2.90511,b2
recruitment,2.90469,c1
secede,2.90449,
specialization,2.90449,
holster,2.90449,
albumin,2.90449,
anionic,2.90449,
conjugate,2.90449,
bull's-eye,2.90449,
theorem,2.90449,
thirty-five,2.90449,
three-dimensional,2.90449,
transducer,2.90449,
keelson,2.90449,
no.,2.90449,
phonologic,2.90449,
accented,2.90418,
blur,2.90418,c1
converge,2.90418,
uninhibited,2.90418,
disinterest,2.90418,
dryer,2.90418,c1
constrained,2.9041,
inspire,2.9031,b1
carefree,2.90249,c1
chubby,2.90218,c1
suppression,2.90149,
tripod,2.90098,
ambiguity,2.90049,
zombie,2.90018,c1
delightfully,2.89889,
reindeer,2.89818,c1
instructor,2.89728,b2
carrot,2.89698,c1
skiff,2.89607,
astounded,2.89577,
respectability,2.89448,
laundry,2.89428,c1
certify,2.89258,c1
greenish,2.89257,
leaky,2.89257,
thrift,2.89178,
carcase,2.89087,
defile,2.89087,
surveying,2.89087,
trite,2.88848,
spokesperson,2.88838,
depleted,2.88838,
lodging,2.88806,
err,2.88797,
wreath,2.88766,
adulterous,2.88736,
sanity,2.88727,c1
uniformly,2.88687,
thanksgiving,2.88647,b2
enjoin,2.88567,
overhang,2.88567,
preposterous,2.88487,
luke,2.88448,
murray,2.88448,
wilson,2.88448,
seth,2.88448,
chicago,2.88448,
halloween,2.88448,c1
venison,2.88415,
cutlass,2.88415,
inflated,2.88347,
fiscally,2.88346,
attractiveness,2.88346,
autonomous,2.88346,
cordial,2.88196,
diabetic,2.88125,c1
regulating,2.88076,
programming,2.87976,c1
precarious,2.87955,
aura,2.87925,
bile,2.87854,
unending,2.87854,
maritime,2.87726,
lottery,2.87725,c1
actuality,2.87484,
tricky,2.87454,c1
immature,2.87435,c1
chastity,2.87334,
notebook,2.87334,c1
betrayal,2.87084,c1
incomprehensible,2.87075,
uncleanness,2.86844,
militant,2.86843,c1
seismic,2.86324,
tertiary,2.86324,
infusion,2.86324,
ungodly,2.86283,
tinder,2.86172,
nameless,2.86083,
prohibit,2.86053,c1
embargo,2.86053,
fluctuating,2.86053,
brim,2.86042,c1
influx,2.85833,
globally,2.85832,
hush,2.85642,c1
flare,2.85633,c1
lifeboat,2.85611,
parenthood,2.85611,
precariously,2.85611,
scrubbing,2.85611,
safeguard,2.85562,c1
swirl,2.85561,c1
paving,2.85561,
alienated,2.85481,
tours,2.85441,
spectacularly,2.85411,
tolerant,2.8512,
spiked,2.8509,
reasoned,2.85061,
pornography,2.85011,
insurrection,2.85002,
impassioned,2.8492,
athlete,2.8492,b2
ponderous,2.84881,
winged,2.84881,
decisively,2.84771,
hysteria,2.8472,
unsafe,2.8472,
lizard,2.8469,c1
armour,2.846,
youngster,2.846,c1
ointment,2.8456,
industrious,2.8456,
slippery,2.8432,c1
avail,2.8427,c1
falsehood,2.84039,
fructose,2.84031,
cwt,2.84031,
naira,2.84031,
overproduction,2.84031,
tranche,2.84031,
receivable,2.84031,
revalue,2.84031,
surcharge,2.84031,
humility,2.83999,
utterance,2.83999,
taint,2.83929,
flashback,2.83841,
puppy,2.8372,c1
fir,2.83719,
england,2.83641,
harris,2.83641,
unsold,2.83539,
arable,2.83539,
repositioning,2.83538,
unionized,2.83538,
disposable,2.8341,
roster,2.83318,c1
visualize,2.83318,
sinner,2.83158,
dependable,2.83148,
coup,2.83118,c1
salon,2.83118,c1
rigorous,2.83098,c1
conceited,2.83087,
diagnose,2.83047,b2
memorize,2.83047,c1
migratory,2.83047,
noose,2.83047,
perjury,2.83047,
pocketbook,2.83047,
pulley,2.83047,
sediment,2.83047,
undershirt,2.83047,
chaise,2.82878,
tipsy,2.82526,
noxious,2.82526,
vacancy,2.82477,
fluffy,2.82326,c1
softening,2.82257,
beaver,2.82206,
weaving,2.82197,
verge,2.82077,c1
charmingly,2.82006,
glorify,2.81796,
foliage,2.81715,
adrift,2.81685,
dampening,2.81517,
refinance,2.81517,
licensee,2.81517,
commencement,2.81296,
veterinary,2.81296,
rick,2.81077,
modification,2.81025,c1
undeclared,2.81024,
bony,2.80874,
factual,2.80854,
farfetched,2.80804,
chromium,2.80804,
courthouse,2.80804,c1
cumbersome,2.80804,
defender,2.80804,c1
jockey,2.80804,
lecturing,2.80804,
pneumonia,2.80804,
reconstructed,2.80804,
unsigned,2.80804,
taxis,2.80804,
endanger,2.80725,c1
precipitation,2.80675,
preoccupation,2.80634,
eraser,2.80604,
informative,2.80604,
assertive,2.80604,
hoe,2.80523,
emergence,2.80505,c1
kinetic,2.80434,
sublime,2.80394,
glaze,2.80313,c1
scowling,2.80283,
recognizable,2.80234,
usa,2.80203,
babysitter,2.80203,
gig,2.80083,c1
pitchfork,2.79962,
accursed,2.79793,
embracing,2.79783,
impartial,2.79472,
repel,2.79472,
bluff,2.79472,c1
proverbial,2.79463,
persona,2.79233,c1
steward,2.79182,
indefatigable,2.79121,
african,2.78833,b1
lewis,2.78833,
unmatched,2.78532,
prostate,2.7851,
unrecognized,2.7851,
weekday,2.7851,
mellowed,2.7851,
malt,2.78482,
pretence,2.7835,
nonstop,2.7831,c1
disclaimer,2.7831,
alcoholism,2.7831,
cite,2.7829,b2
miserably,2.78151,
greasy,2.7811,c1
educate,2.7809,b2
counseling,2.7807,b2
pathological,2.7807,
authoritative,2.7802,
terrain,2.7787,c1
premiere,2.7774,c1
stinking,2.77719,
eclipse,2.77719,c1
placid,2.7771,
flank,2.7744,c1
unnecessarily,2.7732,
reel,2.7731,c1
mound,2.77228,c1
evade,2.77198,
inference,2.77178,
scornful,2.76948,
surpass,2.76899,c1
loosen,2.76829,c1
isle,2.76748,
grudge,2.76708,c1
disdain,2.76698,
turf,2.76698,c1
obedient,2.76668,
interfering,2.76658,
unanimous,2.76608,
disgusted,2.76508,c1
conveyor,2.76488,
convoy,2.76488,
certification,2.76488,c1
rationing,2.76488,
forged,2.76358,
hamlet,2.76228,
rapidity,2.76107,
blended,2.76087,
distortion,2.76047,
functionally,2.75996,
granular,2.75996,
haggling,2.75996,
handbag,2.75996,
autograph,2.75996,
peppery,2.75996,
postscript,2.75996,
saliva,2.75996,
velvety,2.75996,
wobble,2.75996,
bunt,2.75996,
camper,2.75996,c1
craven,2.75828,
toil,2.75827,c1
unaccountable,2.75827,
simplified,2.75826,
metaphorical,2.75796,
objectivity,2.75796,
wedge,2.75767,c1
obligated,2.75747,
punishing,2.75746,
mating,2.75626,c1
newfound,2.75596,
villa,2.75586,c1
soothing,2.75586,c1
spectator,2.75506,c1
shatter,2.75475,c1
assailant,2.75475,
wedlock,2.75475,
wrapper,2.75475,
trashy,2.75396,
wickedly,2.75386,
coolness,2.75346,
leviathan,2.75306,
bruise,2.75266,c1
hunch,2.75256,c1
rookie,2.75226,c1
profusion,2.75155,
penance,2.75025,
carol,2.74987,
elegantly,2.74955,
gadget,2.74826,c1
mahogany,2.74664,
knitted,2.74664,
sheltered,2.74635,
mortally,2.74634,
admittedly,2.74626,
hammering,2.74584,
dodge,2.74414,c1
chowder,2.74314,
traveler,2.74144,c1
terminator,2.74026,
todd,2.74026,
grouping,2.73974,
reconsideration,2.73974,
subsidize,2.73974,
hypocrisy,2.73944,
writ,2.73823,
geographically,2.73754,
surging,2.73744,
disagreeable,2.73583,
unfounded,2.73404,
esteemed,2.73343,
geometry,2.73262,
grammatical,2.73262,
irradiation,2.73262,
carnival,2.73254,c1
decadence,2.73232,
substituting,2.73183,
compulsion,2.72741,
exaggerate,2.72741,c1
imprisonment,2.72171,
inquiring,2.72141,
flint,2.7207,
wounding,2.7207,
havoc,2.71891,
tapping,2.7185,
shattering,2.717,
forge,2.7162,b2
undercut,2.71481,
tuberculosis,2.7146,
enroll,2.7146,c1
impeded,2.7146,
lagging,2.71381,
emphasizing,2.7126,
lettuce,2.71229,
intermittent,2.7121,
opt,2.71209,c1
unhappiness,2.71059,
spatial,2.71019,
gland,2.71019,
antagonism,2.71019,
assigning,2.71019,
bugged,2.70989,
fabrication,2.70969,
mobility,2.70969,c1
interviewer,2.7069,
faction,2.70669,c1
spleen,2.70668,
samurai,2.70588,
mod,2.70588,
conspicuously,2.70498,
friday,2.7046,b1
cloak,2.70458,c1
probation,2.70448,c1
shapeless,2.70218,
inconsistency,2.70147,
pub,2.70147,c1
defective,2.70128,
evoke,2.70098,c1
dreamy,2.70018,
bluntly,2.69977,
animate,2.69827,
starve,2.69827,c1
midway,2.69727,c1
hymn,2.69336,
swine,2.69277,
quirky,2.69218,
mickey,2.69218,
pitt,2.69218,
dung,2.69096,
humbled,2.69096,
perfected,2.69086,
congestion,2.68946,
orb,2.68776,
calcium,2.68725,c1
involution,2.68455,
aerated,2.68455,
chromatic,2.68455,
suds,2.68455,
foreground,2.68425,
organised,2.68396,
subscription,2.68375,c1
purposely,2.68295,
unhappily,2.68255,
glamorous,2.68125,
dislodge,2.68104,
featureless,2.68104,
laurels,2.68104,
stud,2.68055,c1
flirting,2.68024,
afflict,2.67935,
jammed,2.67934,
generously,2.67934,
benign,2.67904,
abound,2.67815,
chauffeur,2.67774,
willow,2.67613,c1
aperture,2.67613,
discontent,2.67613,
flute,2.67583,c1
awakened,2.67454,
callous,2.67413,
melodrama,2.67254,
trance,2.67133,
terrace,2.67093,c1
subdue,2.67033,
heaps,2.66853,
censure,2.66763,
palpable,2.66733,
murky,2.66693,
automated,2.66673,c1
conceit,2.66653,
scripture,2.66532,c1
incidence,2.66432,c1
almighty,2.66421,
raider,2.66273,
reconnaissance,2.66211,
unification,2.66211,
clutch,2.66202,b2
commando,2.66181,
debauchery,2.66181,
swipe,2.66181,c1
photogenic,2.66181,
textual,2.66181,
motif,2.66011,
insolence,2.65931,
interpreting,2.6586,
platoon,2.65811,
chore,2.65811,c1
bonnie,2.65781,
coma,2.65781,c1
interestingly,2.65781,c1
faux,2.65781,
enchanted,2.65731,
fornication,2.65691,
sorrowful,2.65691,
canadian,2.65652,b2
matured,2.65561,
silliness,2.6546,
ancestry,2.6537,
afoot,2.6534,
illuminate,2.6534,c1
staid,2.6508,
wield,2.65019,c1
ant,2.6477,c1
sensual,2.64649,
indescribable,2.64569,
popularly,2.64529,
hype,2.64411,c1
barrymore,2.64411,
cole,2.64411,
peeled,2.64279,
derision,2.64249,
pomegranate,2.64178,
chained,2.64178,
smuggled,2.64159,
drab,2.64129,
fertile,2.63958,
bombing,2.63939,c1
electrostatic,2.63918,
homogeneous,2.63918,
kilometer,2.63918,c1
ceramic,2.63918,
reassurance,2.63918,
dwindling,2.63889,
mesmerized,2.63888,
drugged,2.63808,
cd,2.63688,b2
courteous,2.63688,
foaming,2.63688,
prescription,2.63618,b2
vernacular,2.63617,
cased,2.63567,
richly,2.63487,
shudder,2.63487,c1
inhabitant,2.63448,c1
mo,2.63217,
coaster,2.63217,c1
multiplicity,2.63127,
regrets,2.62867,
orator,2.62846,
speechless,2.62767,c1
victor,2.62687,
inexperienced,2.62606,
perennial,2.62556,c1
lush,2.62526,
horrifying,2.62447,
unreal,2.62406,c1
unfolding,2.62356,
warner,2.62318,
ancestor,2.62285,c1
hasten,2.62276,
humorously,2.62255,
weaver,2.62167,
tapioca,2.62087,
maze,2.61765,c1
creed,2.61765,
fasting,2.61655,
justifiable,2.61645,
pragmatic,2.61645,
sanctioned,2.61645,
freeing,2.61445,
virtuous,2.61444,
vitally,2.61404,
watercolor,2.61404,
well-being,2.61404,c1
cellulose,2.61404,
distal,2.61404,
etcetera,2.61404,
filly,2.61404,
halfback,2.61404,
regulus,2.61404,
scholastic,2.61404,
soloist,2.61404,
linguistic,2.61404,
mimesis,2.61404,
morphophonemics,2.61404,
one-half,2.61404,
orthodontist,2.61404,
palatability,2.61404,
pigment,2.61404,
alveolar,2.61404,
apportionment,2.61404,
denominational,2.61404,
biz,2.61374,
stressful,2.61374,c1
unintended,2.61374,
caller,2.61374,c1
testicle,2.61374,
echelon,2.61374,
guitarist,2.61374,
intern,2.61374,c1
humane,2.61244,
counterpoint,2.61224,
bomber,2.61204,c1
evacuate,2.61174,c1
unremarkable,2.61174,
sorority,2.61174,
magistrate,2.61164,
majors,2.61125,
loathe,2.61124,
throttle,2.61104,c1
reclaimed,2.61053,
smear,2.61053,c1
fetid,2.61053,
groundhog,2.60974,
maternal,2.60923,
infernal,2.60884,
anoint,2.60884,
stag,2.60883,
vertigo,2.60853,
intentional,2.60754,c1
restitution,2.60704,
morally,2.60683,c1
misguided,2.60624,
fervent,2.60603,
jig,2.60563,
scrub,2.60563,c1
dolphin,2.60532,c1
infatuated,2.60332,
frock,2.60323,
unprepared,2.60313,
unbounded,2.60212,
plaid,2.60212,
unnoticed,2.60063,
monotony,2.60042,
sensational,2.59842,
flax,2.59712,
seasoned,2.59642,
karen,2.59603,
worsened,2.59573,
greed,2.59562,c1
indebtedness,2.59523,
brewer,2.59523,
stimulative,2.59523,
sprawling,2.59321,
discouraging,2.59131,
calorie,2.5908,b2
taker,2.5903,
envisioned,2.58931,
stooped,2.5892,
inexpensive,2.5886,c1
empowered,2.5881,
blackboard,2.5881,
seasoning,2.5881,
glut,2.58731,
telegram,2.5864,
brawl,2.5861,
thaw,2.5854,
oblige,2.5835,c1
intonation,2.58319,
telegraph,2.58319,
analogous,2.58319,
fuzzy,2.5824,c1
mexico,2.58131,
lair,2.58089,c1
trusty,2.58089,
crackling,2.57968,
inducing,2.5784,
overturned,2.57719,
astounding,2.57719,
flask,2.57699,
october,2.5751,b1
wading,2.57448,
hearth,2.57198,
stooping,2.57198,
discontinue,2.57009,
fueled,2.56858,
freighter,2.56838,
carat,2.56787,
cling,2.56637,c1
interchange,2.56637,
compulsory,2.56617,
accessibility,2.56566,
memorabilia,2.56566,
eyeball,2.56566,c1
grader,2.56566,c1
hangover,2.56566,c1
hedonistic,2.56566,
holdup,2.56566,
rodent,2.56566,
intimidate,2.56566,c1
cultivation,2.56517,
gel,2.56366,
vet,2.56366,b2
hectic,2.56317,c1
niche,2.56317,c1
flattened,2.56296,
billed,2.56167,
hyperactive,2.56166,
ness,2.56166,
postman,2.56157,
distasteful,2.56046,
psyche,2.55996,
quilt,2.55845,c1
clapping,2.55795,
backside,2.55725,
overturn,2.55675,c1
rendezvous,2.55555,
repose,2.55515,
engrossing,2.55275,
congratulate,2.55275,c1
sprinkling,2.55234,
witchcraft,2.55204,
moody,2.55195,c1
annihilation,2.55034,
lucy,2.54996,
hiss,2.54995,c1
unwittingly,2.54834,
hitchcock,2.54796,
saturday,2.54796,b1
sidekick,2.54796,c1
jurassic,2.54796,
asunder,2.54674,
bade,2.54674,
tabernacles,2.54674,
famed,2.54634,
jackal,2.54475,
contemplation,2.54393,
comet,2.54355,c1
consulate,2.54273,
underscore,2.54273,c1
paw,2.54113,c1
oozing,2.54073,
pep,2.54073,
immune,2.54073,c1
necessitate,2.54003,
emancipated,2.54002,
crone,2.54002,
waxy,2.54002,
carpeting,2.54002,
spinach,2.54002,
steadiness,2.53993,
ephah,2.53833,
fourscore,2.53833,
rave,2.53602,c1
besieged,2.53592,
snarled,2.53512,
ecclesiastical,2.53512,
tainted,2.53481,
platter,2.53481,
fourteenth,2.53272,
sarcastically,2.53161,
congenial,2.52991,
prelude,2.52962,
hostage,2.52903,c1
strung,2.52862,
pulpit,2.52711,
blinded,2.52711,
sloping,2.5267,
wearily,2.5267,
toughen,2.52472,
denatured,2.52472,
ecuador,2.52472,
escrow,2.52472,
gdp,2.52472,c1
gnp,2.52472,
ingot,2.52472,
issuer,2.52472,
liberalise,2.52472,
linseed,2.52472,
overshoot,2.52472,
peru,2.52472,
semolina,2.52472,
southwestern,2.52472,
unicorn,2.5232,c1
hedgehog,2.5232,
trucking,2.52251,
mph,2.52251,
paved,2.521,
geographic,2.5203,c1
inoperative,2.51979,
commemorative,2.51979,
sluggishness,2.51979,
relive,2.51759,c1
roundhouse,2.51759,
searing,2.51759,
seeping,2.51759,
sociologist,2.51759,
disheveled,2.51759,
fedora,2.51759,
homemade,2.51759,c1
incompletely,2.51759,
unpredictably,2.51759,
censored,2.51759,
ani,2.51759,
liaison,2.51609,
slum,2.51589,
trusting,2.51579,
purposefully,2.51559,
quirk,2.51559,
revisionist,2.51559,
promoter,2.51559,
atypical,2.51559,
innuendo,2.51559,
reproduce,2.51539,c1
sugary,2.51509,
rye,2.5146,
simulated,2.51389,
nerd,2.51359,c1
yang,2.51359,
cheerleader,2.51359,
techno,2.51359,
trainer,2.51359,c1
veranda,2.51268,
cleaners,2.51268,
heiress,2.51238,
exuberant,2.51068,
visage,2.51028,
instantaneous,2.50988,
posterity,2.50988,
coarseness,2.50917,
craggy,2.50917,
endowed,2.50748,
chatter,2.50748,c1
accommodation,2.50638,c1
offing,2.50618,
fragmentary,2.50427,
sharper,2.50398,
flawless,2.50389,c1
buff,2.50347,
alternately,2.50227,
shady,2.50188,c1
supple,2.50076,
entrails,2.50076,
hoffman,2.49988,
romeo,2.49988,
sitcom,2.49988,
spacey,2.49988,
punitive,2.49958,
salaried,2.49958,
cyclical,2.49958,
maniac,2.49827,c1
vigilance,2.49806,
reconciliation,2.49697,c1
suspiciously,2.49656,
overlook,2.49656,b2
footing,2.49606,
pretended,2.49586,
donor,2.49516,b2
footwork,2.49465,
unrecoverable,2.49465,
watermelon,2.49465,c1
activating,2.49465,
actuarial,2.49465,
librarian,2.49386,c1
tipped,2.49336,
immunity,2.49295,c1
groan,2.49226,b2
meditation,2.49105,c1
mangled,2.48995,
soulless,2.48795,
informing,2.48675,
retract,2.48624,
dire,2.48585,c1
gaudy,2.48504,
quarry,2.48183,
oval,2.48183,c1
flapping,2.47903,
amuse,2.47703,c1
devout,2.47703,
foolishness,2.47653,
desirous,2.47623,
catalytic,2.47443,
intimately,2.47342,
gallantry,2.47062,
broth,2.47062,c1
fledgling,2.47023,
characterize,2.47002,b2
catheter,2.46951,
dystrophy,2.46951,
feint,2.46951,
glycerol,2.46951,
grilled,2.46951,
midweek,2.46951,
petting,2.46951,
plaque,2.46951,
rhythmically,2.46951,
scalar,2.46951,
sclerosis,2.46951,
smokehouse,2.46951,
sterility,2.46951,
synchrony,2.46951,
unattached,2.46951,
amigo,2.46951,
brassiere,2.46951,
decorate,2.46951,c1
oblation,2.46782,
tolerably,2.46782,
utopian,2.46781,
baroque,2.46781,
scholarly,2.46781,c1
punks,2.46751,
spaghetti,2.46751,c1
suburbia,2.46751,
oversized,2.46751,
populate,2.46751,c1
ca,2.46701,
mutant,2.46551,
ruth,2.46551,
gonzo,2.46551,
horrendous,2.46551,
silenced,2.46501,
restorative,2.46461,
fresco,2.46461,
sagging,2.46431,
waxing,2.46431,
whoop,2.46431,c1
ugliness,2.46261,
inventor,2.46261,
diverting,2.46231,
oracle,2.46221,
awaken,2.4594,c1
seizure,2.4589,c1
parched,2.45881,
manipulative,2.45802,
deceitful,2.457,
fortified,2.45619,
charisma,2.45381,
howard,2.45181,
cox,2.45181,
lloyd,2.45181,
intolerable,2.45139,
rib,2.45039,c1
brutally,2.4494,
stabilization,2.44929,
eradication,2.44929,
marrow,2.44899,
abused,2.44899,
bully,2.44819,b2
musket,2.44778,
subtlety,2.4474,
marshal,2.44578,c1
cleanse,2.44538,c1
mailing,2.44488,
nutrition,2.44488,c1
custody,2.44449,c1
bumper,2.44409,c1
aggravate,2.44359,
wartime,2.44288,
batch,2.44238,c1
archaeological,2.44217,
differentiation,2.44217,
gist,2.44187,
eligibility,2.44138,c1
barrage,2.44088,
piper,2.43987,
mantle,2.43977,
outraged,2.43967,
locust,2.43937,
constancy,2.43937,
crowding,2.43937,
exhaustion,2.43867,c1
grapple,2.43867,
refill,2.43867,c1
skewer,2.43867,
soothingly,2.43867,
stingy,2.43867,
dreadfully,2.43777,
chaotic,2.43767,c1
relinquish,2.43647,
commissioned,2.43617,
feverish,2.43416,
unspeakable,2.43416,
fishy,2.43346,c1
potency,2.43176,
eunuch,2.43025,
humbug,2.43025,
galaxy,2.43017,b2
dissolve,2.42855,c1
gleaming,2.42855,
indecent,2.42855,
poisonous,2.42805,c1
severity,2.42805,c1
farce,2.42576,
lash,2.42535,c1
echoing,2.42506,
instrumentation,2.42415,
customarily,2.42415,
theoretically,2.42415,
predatory,2.42386,
abominable,2.42295,
whiskers,2.42255,
tubing,2.42195,
forbidding,2.42185,
shadowy,2.42175,
flashlight,2.41974,c1
immediacy,2.41974,
inescapable,2.41974,
inhibit,2.41974,
twisty,2.41944,
translator,2.41944,c1
deceptively,2.41944,
amnesia,2.41744,
butch,2.41744,
robotic,2.41744,
unexciting,2.41744,
incidental,2.41674,
florist,2.41623,
frosted,2.41623,
explode,2.41574,b2
falsely,2.41484,
betting,2.41474,
bulb,2.41453,c1
coping,2.41453,
accusation,2.41444,c1
boasting,2.41444,
hallowed,2.41413,
veiled,2.41403,
banter,2.41374,
nostalgic,2.41374,
expansive,2.41324,
summoning,2.41102,
bayonet,2.41083,
commendable,2.41053,
poking,2.41053,
patriotism,2.40933,
beforehand,2.40923,
assent,2.40852,
deformed,2.40782,
tm,2.40782,
deserving,2.40773,
relentless,2.40733,c1
excused,2.40652,
recompense,2.40572,
exaggeration,2.40412,
glenn,2.40374,
morgan,2.40374,
penn,2.40374,
pastoral,2.40291,
arithmetic,2.40241,
boxing,2.40053,c1
murmur,2.40011,c1
inhibited,2.39901,
corpus,2.39901,
rumble,2.39812,c1
jagged,2.39771,
potter,2.39732,
forecastle,2.39731,
aftermath,2.39701,c1
airborne,2.3968,
tremor,2.39601,
agrarian,2.3941,
apportioned,2.3941,
claimant,2.3941,
compost,2.3941,c1
courtyard,2.3941,c1
interlocking,2.3941,
lotion,2.3941,
unwarranted,2.39381,
assassinated,2.3938,
genetic,2.3928,b2
screeching,2.3921,
hunchback,2.3918,
proximity,2.3911,c1
lard,2.3906,
outwit,2.39059,
embryo,2.39059,
extinguish,2.39059,
godlike,2.39059,
hangman,2.39059,
clams,2.39059,
clove,2.39059,
dandelion,2.39059,
shortness,2.39059,
ensue,2.39,
hugging,2.38889,
farcical,2.38859,
brightly,2.38689,
workings,2.38689,
moustache,2.38649,
modesty,2.38609,
enclosure,2.38569,
bickering,2.3856,
attire,2.38369,c1
riddle,2.38329,c1
france,2.3828,
dumplings,2.38218,
animating,2.38218,
throb,2.38218,
spoilt,2.38218,
earnestness,2.38088,
briskly,2.37998,
bishop,2.37848,b2
dizzy,2.37648,c1
auditor,2.37629,
obscurity,2.37527,
tow,2.37518,c1
brotherhood,2.37207,c1
directional,2.37166,
emancipation,2.37166,
insistent,2.37166,
octopus,2.37136,
billboard,2.37136,c1
sideshow,2.37136,
icing,2.37136,
cerebral,2.36966,
unstoppable,2.36936,
wonderland,2.36936,
funky,2.36936,c1
hysterically,2.36936,
sporadically,2.36936,
stalker,2.36936,
sucker,2.36936,c1
reeking,2.36816,
spoonful,2.36816,
valor,2.36816,
molest,2.36816,
dizziness,2.36816,
groveling,2.36816,
viciously,2.36616,
deftly,2.36616,
outrageously,2.36616,
beau,2.36407,
lowly,2.36406,
symmetry,2.36325,
smacking,2.36295,
showcase,2.36166,c1
intrigue,2.36046,c1
enrich,2.35755,c1
denounce,2.35755,c1
applaud,2.35604,c1
parker,2.35566,
hughes,2.35566,
distraction,2.35525,c1
foolishly,2.35524,
morsel,2.35524,
scaffold,2.35484,
kidnapping,2.35445,c1
shale,2.35335,
monologue,2.35204,
shuddering,2.35204,
congress,2.35114,b1
proprietary,2.35015,
pathology,2.34873,
acetate,2.34873,
aerosol,2.34873,
appreciably,2.34873,
uniformed,2.34873,
caffeine,2.34843,
unprofessional,2.34572,
baffle,2.34572,
creeper,2.34572,
pecan,2.34572,
recede,2.34523,
fossil,2.34522,c1
conquer,2.34443,c1
piling,2.34352,
microscopic,2.34302,
membrane,2.34032,c1
murmuring,2.33801,
kennel,2.33731,c1
unharmed,2.33731,
exalt,2.33521,
shadowing,2.33511,
counteract,2.33461,
observance,2.3324,
boiler,2.33232,
stunt,2.33202,c1
adamant,2.33191,
aloof,2.3304,
ostensible,2.32941,
amalgamation,2.32821,
baseless,2.32821,
diving,2.3279,c1
breathless,2.3272,
befall,2.3244,
thickly,2.32399,
workbench,2.32359,
capillary,2.32359,
tax-free,2.32359,
thyroxine,2.32359,
co-optation,2.32359,
consonantal,2.32359,
cyclist,2.32359,
detectable,2.32359,
frankfurter,2.32359,
half-hour,2.32359,
quirt,2.32359,
respondent,2.32359,b2
sixty-one,2.32359,
sorbed,2.32359,
subdivision,2.32359,
tactual,2.32359,
ultrasonic,2.32359,
interdependent,2.32359,
interlobular,2.32359,
iodide,2.32359,
lower-class,2.32359,
micrometeorite,2.32359,
neutralist,2.32359,
orthodontic,2.32359,
parasympathetic,2.32359,
phonemic,2.32359,
planking,2.32359,
propagation,2.32359,
proprietorship,2.32359,
projector,2.32329,
canine,2.32329,c1
matriarchal,2.32329,
melange,2.32329,
thrash,2.32329,
squealing,2.32329,
chic,2.32159,
bearable,2.32129,
caption,2.32129,
unsupported,2.32008,
castanets,2.32008,
reliably,2.32008,
ungallant,2.32008,
emit,2.32008,c1
austerely,2.32008,
moss,2.31999,
clip,2.31959,b2
unborn,2.31879,
futile,2.31638,
exclaiming,2.31558,
fondly,2.31558,
coldness,2.31558,
pinched,2.31518,
starvation,2.31518,
tinge,2.31488,
goose,2.31308,c1
inhale,2.31167,c1
treacle,2.31167,
unforgettable,2.31038,
stewart,2.30759,
tucker,2.30759,
clueless,2.30759,
davis,2.30759,
disco,2.30759,
johnson,2.30759,
likeable,2.30759,
mitchell,2.30759,
ornament,2.30717,c1
workmanship,2.30676,
sundown,2.30676,
quantify,2.30528,
tangled,2.30476,
cleave,2.30437,
jeopardize,2.30036,
biotech,2.30035,
cower,2.30035,
recycle,2.30035,c1
plateau,2.29986,
understandably,2.29886,
documented,2.29865,
elicited,2.29865,
initiation,2.29865,
nourished,2.29835,
lass,2.29765,
morphine,2.29765,
mural,2.29765,
grovel,2.29765,
harshness,2.29765,
barnyard,2.29765,
choral,2.29765,
wheezing,2.29765,
rasping,2.29765,
tuck,2.29765,b2
unchristian,2.29765,
openness,2.29756,
evoked,2.29595,
furry,2.29565,c1
unassuming,2.29565,
unduly,2.29545,
derivative,2.29486,c1
gratification,2.29315,
marksman,2.29274,
charmed,2.29115,
psychologically,2.29095,
guile,2.29034,
darken,2.28924,
distract,2.28895,b2
cleverly,2.28674,
hatchet,2.28654,
carelessly,2.28473,
treason,2.28433,
stubble,2.28423,
flattery,2.28153,
idleness,2.28153,
bowing,2.28153,
remedial,2.28014,
overbearing,2.27953,
insanity,2.27833,c1
graded,2.27743,
genial,2.27592,
serenity,2.27592,
periphery,2.27572,
plagiarism,2.27521,
planetarium,2.27521,
squashed,2.27521,
swank,2.27521,
mailman,2.27521,
accordion,2.27521,
allergy,2.27521,c1
asthma,2.27521,c1
beckon,2.27521,
clowning,2.27521,
deftness,2.27521,
exponential,2.27521,
gurgle,2.27521,
hash,2.27521,c1
lavish,2.27512,c1
playful,2.27512,c1
depot,2.27472,c1
cutlet,2.27471,
setter,2.27471,
rom,2.27321,
sassy,2.27321,
aquarium,2.27321,
bash,2.27321,c1
icky,2.27321,
calamity,2.27312,
classify,2.27301,c1
oversight,2.27242,c1
puppet,2.27151,c1
twenties,2.27151,c1
magnetism,2.27031,
tanned,2.26981,
compute,2.26981,
tapering,2.26971,
skillfully,2.26951,
liberated,2.26831,
nemesis,2.26751,
extremity,2.26751,
peddling,2.2668,
pedestrian,2.26631,c1
priceless,2.26631,c1
wearied,2.2647,
beget,2.2647,
frigid,2.2646,
sheen,2.26351,
undeniable,2.2631,
drunkard,2.2623,
pilgrimage,2.2619,
tenor,2.2619,
folding,2.2618,
inane,2.26151,
astronaut,2.26151,c1
dissent,2.2614,c1
incoherent,2.2611,
knack,2.2611,
irish,2.25951,b2
roth,2.25951,
stereotypical,2.25951,
marketer,2.2572,
travail,2.25629,
firmament,2.25629,
loophole,2.25499,
prerequisite,2.25499,
madly,2.25469,
reimburse,2.2545,
crepe,2.2545,
groping,2.25348,
inscrutable,2.25348,
reformer,2.25229,
staunch,2.25229,
wile,2.25228,
mismatch,2.25228,
lunatic,2.25189,c1
muted,2.25079,
gentleness,2.25068,
bustle,2.25068,
chap,2.25068,
doubles,2.25058,
misuse,2.25008,c1
lapel,2.24957,
fingering,2.24957,
dabbled,2.24957,
unripe,2.24957,
unyielding,2.24957,
useable,2.24957,
wavy,2.24957,
wobbling,2.24957,
ledger,2.24787,
unmoved,2.24778,
figuratively,2.24757,
bayou,2.24757,
withhold,2.24728,c1
april,2.24679,b1
zealous,2.24507,
suppressed,2.24507,
humbly,2.24507,
indolent,2.24507,
temperament,2.24467,
antelope,2.24467,
buckskin,2.24467,
conjecture,2.24457,
uppermost,2.24457,
delirious,2.24437,
disrespectful,2.24437,
facetious,2.24437,
scamper,2.24437,
sneeze,2.24437,c1
staggers,2.24437,
uncanny,2.24387,
splendor,2.24267,
apologise,2.24116,
weedy,2.24116,
carbuncle,2.24116,
earring,2.24116,c1
veritable,2.24017,
odious,2.23986,
sinful,2.23986,
covert,2.23937,
sternly,2.23666,
forlorn,2.23666,
forefinger,2.23626,
amplitude,2.23626,
piazza,2.23626,
sew,2.23626,c1
unconcerned,2.23626,
quell,2.23596,
gory,2.23387,
twain,2.23386,
mermaid,2.23267,c1
masked,2.23225,
transatlantic,2.23206,
palladium,2.23206,
unjustified,2.23206,
substantiate,2.22935,
starved,2.22855,
satin,2.22784,
gaily,2.22784,
handwriting,2.22784,c1
quantum,2.22765,c1
sportsmanship,2.22714,
squirt,2.22714,c1
swampy,2.22714,
twosome,2.22714,
graphical,2.22714,
imperialist,2.22714,
impressionistic,2.22714,
infertile,2.22714,
altercation,2.22714,
breakage,2.22714,
clarinet,2.22714,
vanguard,2.22714,
viscous,2.22714,
caviar,2.22714,
mammal,2.22714,c1
thong,2.22714,
threateningly,2.22714,
tote,2.22714,c1
itinerant,2.22714,
perimeter,2.22714,c1
pinto,2.22714,
playback,2.22714,
preschool,2.22714,c1
loathsome,2.22584,
reputable,2.22544,
dissuade,2.22534,
hesitant,2.22515,c1
thinly,2.22515,
wimp,2.22514,
timer,2.22514,c1
scantily,2.22514,
sherlock,2.22514,
sledgehammer,2.22514,
snob,2.22514,
afterlife,2.22514,
bisexual,2.22514,
cuddly,2.22514,
lesbos,2.22514,
potty,2.22514,
enjoyably,2.22514,
inception,2.22494,
antiseptic,2.22494,
reproduction,2.22494,c1
pessimism,2.22494,
hatching,2.22444,
gunfire,2.22344,
unorthodox,2.22344,
canyon,2.22344,c1
smug,2.22344,
discriminating,2.22223,
adventurer,2.22193,
photographer,2.21944,b2
benevolence,2.21943,
slanting,2.21943,
respectably,2.21873,
cucumber,2.21873,
renting,2.21823,
littered,2.21773,
australian,2.21764,b2
scout,2.21703,b1
exposition,2.21623,
bale,2.21503,
miraculous,2.21453,c1
apparition,2.21422,
apologetically,2.21382,
communicative,2.21382,
materialism,2.21382,
thinker,2.21382,c1
jan,2.21144,
kubrick,2.21144,
neve,2.21144,
tyler,2.21144,
cuba,2.21144,
farthest,2.21102,
pier,2.21082,c1
liberalize,2.20913,
mn,2.20913,
modernise,2.20913,
northeastern,2.20913,
outturn,2.20913,
potash,2.20913,
privatise,2.20913,
dormancy,2.20913,
electrolytic,2.20913,
finalize,2.20913,
forint,2.20913,
centigrade,2.20913,
accommodative,2.20913,
biotechnology,2.20913,
bismuth,2.20913,
deflator,2.20913,
retractable,2.20913,
roaster,2.20913,
selloff,2.20913,
masterful,2.20903,
cauldron,2.20823,
fungus,2.20692,
additive,2.20692,c1
acquiescence,2.20541,
sundry,2.20541,
displace,2.20421,c1
gooseneck,2.2042,
hardwood,2.2042,
hibiscus,2.2042,
bipolar,2.2042,c1
reposition,2.2042,
sa,2.2042,
incline,2.20261,
publicized,2.20251,
unpopular,2.20251,
unloaded,2.20201,
foothold,2.20121,
postcard,2.1998,c1
biology,2.1998,c1
revisit,2.1995,c1
originate,2.1993,c1
trimming,2.19901,
blatantly,2.19671,
lapsed,2.1963,
bladder,2.19629,c1
candlelight,2.19629,
drooping,2.19419,
alarming,2.194,
bump,2.19259,b2
piping,2.19089,
doubly,2.18889,
stubbornly,2.18839,
warren,2.1878,
supremacy,2.18618,
vexation,2.18578,
lamentation,2.18578,
beholding,2.18578,
moderating,2.18399,
prepayment,2.18399,
stockbroker,2.18399,
uneconomic,2.18399,
unilaterally,2.18399,
fractional,2.18399,
amiss,2.18338,
gaunt,2.18297,
tattered,2.18297,
galvanizing,2.18178,
monsoon,2.18178,
aggravated,2.18178,
evacuation,2.17957,
rationalize,2.17957,
rotary,2.17957,
skepticism,2.17957,c1
raisin,2.17906,c1
redo,2.17906,
reinstall,2.17906,
religiosity,2.17906,
rhyming,2.17906,
scimitar,2.17906,
severing,2.17906,
slingshot,2.17906,
sterilize,2.17906,
sterilized,2.17906,
streetlight,2.17906,
aerodynamic,2.17906,
algorithm,2.17906,c1
backpack,2.17906,c1
bandwidth,2.17906,
baseline,2.17906,c1
blazer,2.17906,
chiropractor,2.17906,
clench,2.17906,
clobber,2.17906,
collapsible,2.17906,
crosswalk,2.17906,
unsuitably,2.17906,
upriver,2.17906,
urethra,2.17906,
validated,2.17906,
vibrato,2.17906,
wintertime,2.17906,
worksheet,2.17906,
buttery,2.17906,
cannonball,2.17906,
memorization,2.17906,
throttling,2.17906,
insurgent,2.17906,c1
kiosk,2.17906,
localize,2.17906,
nosebleed,2.17906,
oatmeal,2.17906,c1
osmium,2.17906,
overgenerous,2.17906,
overlying,2.17906,
pamper,2.17906,
pistachio,2.17906,
pram,2.17906,
printable,2.17906,
protrude,2.17906,
disassemble,2.17906,
discriminate,2.17906,c1
dispenser,2.17906,
ellipsis,2.17906,
erroneously,2.17906,
extractor,2.17906,
fatten,2.17906,
fearsome,2.17906,
fuchsia,2.17906,
gaggle,2.17906,
gassy,2.17906,
geometric,2.17906,
inoperable,2.17906,
magnificently,2.17736,
reactor,2.17736,c1
symptomatic,2.17736,
boulder,2.17736,c1
detailing,2.17728,
cheaply,2.17707,
temptress,2.17706,
transsexual,2.17706,
bicker,2.17706,
dolly,2.17706,
goop,2.17706,
intimidating,2.17706,
limey,2.17706,
limo,2.17706,
menage,2.17706,
mono,2.17706,
noodle,2.17706,c1
paired,2.17536,
trooper,2.17536,
genteel,2.17456,
wiry,2.17416,
hypothetically,2.17386,
injurious,2.17337,
hue,2.17176,
persuasive,2.17116,
allegiance,2.17116,c1
grazing,2.17066,
cot,2.17065,
tradesman,2.17065,
cynicism,2.16816,
unconvincing,2.16736,
prevalent,2.16695,c1
paralysis,2.16575,
recital,2.16575,
impelled,2.16575,
stifled,2.16545,
jordan,2.16336,
arthur,2.16336,
stave,2.16225,
harshly,2.16054,
uncommonly,2.16044,
reaffirm,2.15885,
fostering,2.15885,
cadmium,2.15885,
intransigence,2.15885,
sentry,2.15733,
directorate,2.15664,
overtly,2.15464,
catalyst,2.15464,
ramp,2.15443,c1
reconcile,2.15213,c1
entangled,2.15203,
craziness,2.15142,
relic,2.14972,
agitated,2.14933,
catastrophic,2.14922,c1
hem,2.14892,c1
december,2.14864,b1
hostility,2.14652,c1
writhing,2.14652,
dictated,2.14602,
prolong,2.14592,
allusion,2.14372,
volley,2.14331,
jug,2.14331,
mountainous,2.14331,
waning,2.14302,
ali,2.14243,
mundane,2.14052,c1
blest,2.14051,
fuse,2.13811,c1
truce,2.13811,
satan,2.13772,
exile,2.13761,c1
habitual,2.1349,
rattle,2.1349,b2
braced,2.1349,
profess,2.1349,
uneconomical,2.1337,
enrichment,2.1337,
clarifying,2.1337,
conserve,2.1337,
lodgings,2.1321,
myrrh,2.1321,
vending,2.1315,
sonar,2.1315,
nether,2.1301,
complacency,2.12969,
spree,2.1295,
credo,2.12929,
equate,2.12929,c1
ra,2.12899,
recap,2.12899,c1
substandard,2.12899,
looney,2.12899,
lynching,2.12899,
mnemonic,2.12899,
nanny,2.12899,c1
po,2.12899,c1
preteen,2.12899,
weatherman,2.12899,
weepy,2.12899,
camcorder,2.12899,
albino,2.12899,
animator,2.12899,
belle,2.12899,
forfeited,2.128,
bard,2.12769,
precinct,2.12729,c1
schizophrenic,2.12729,
impart,2.12649,
evenly,2.12629,c1
dotty,2.12578,
unnoticeable,2.12578,
tickling,2.12578,
mischievous,2.12449,
dazed,2.12449,
splitting,2.12429,
rend,2.12368,
prominence,2.12358,
replenish,2.12308,
encompass,2.12308,c1
enlist,2.12208,c1
astonishingly,2.12208,
frustrating,2.12129,c1
lab,2.12129,b1
pike,2.12128,
turbulent,2.12128,
assembling,2.12088,
receding,2.12038,
mediator,2.11959,
assassination,2.11958,c1
outing,2.11929,c1
assay,2.11688,
sumptuous,2.11688,
praising,2.11607,
latch,2.11567,c1
jesus,2.11529,
fonda,2.11529,
wallace,2.11529,
randy,2.11529,
surreal,2.11529,
anointing,2.11527,
naught,2.11287,
deference,2.11247,
foresight,2.11247,
trunks,2.11247,
hart,2.11207,
plough,2.11187,
peacetime,2.10856,
polyethylene,2.10856,
standardized,2.10856,c1
tungsten,2.10856,
contamination,2.10856,
coordinating,2.10856,
languid,2.10726,
gratifying,2.10676,
outboard,2.10636,
adhesive,2.10636,
crippling,2.10636,
delinquent,2.10636,c1
upkeep,2.10636,
gleam,2.10405,c1
tapered,2.10365,
torso,2.10365,
nomenclature,2.10365,
piston,2.10365,
dolce,2.10335,
snore,2.10335,c1
scarecrow,2.10014,
shrivelled,2.10014,
wheelbarrow,2.10014,
tink,2.10014,
musky,2.10014,
nt,2.10014,
overawed,2.10014,
annihilated,2.10014,
vault,2.10005,c1
suppress,2.09844,c1
aspiring,2.09805,
eruption,2.09685,
inscription,2.09524,
churchyard,2.09524,
chanted,2.09524,
incarnation,2.09444,
keenly,2.09224,
improbable,2.09024,
fruitless,2.09003,
finn,2.08965,
obi,2.08965,
fondness,2.08803,
symptom,2.08682,b2
audible,2.08482,
refrigerated,2.08342,
entail,2.08342,c1
plaintiff,2.08342,c1
cooper,2.08323,
instalment,2.08263,
imperfect,2.08162,
tactic,2.08142,b2
semantic,2.08121,
dystopian,2.08121,
tonal,2.08121,
aborigine,2.08121,
algae,2.08121,
assimilation,2.08121,
beatnik,2.08121,
drunkenness,2.08112,
flipper,2.08091,
abc,2.08091,
ana,2.08091,
contestant,2.08091,c1
countdown,2.08091,
cowgirl,2.08091,
delusional,2.08091,
schizophrenia,2.08091,
uninspiring,2.08091,
busty,2.08091,
tights,2.08091,
toaster,2.08091,c1
juggle,2.08091,c1
mortician,2.08091,
necrophilia,2.08091,
netherworld,2.08091,
nu,2.08091,
phobia,2.08091,
steeply,2.07992,
sabotage,2.07942,c1
renaissance,2.07921,c1
rivalry,2.07921,c1
spontaneity,2.07921,
interplay,2.07921,
excerpt,2.07921,c1
acutely,2.07872,
advent,2.07872,
ar,2.07771,
earshot,2.07771,
il,2.07771,
jacks,2.07771,
muffin,2.07771,c1
pronunciation,2.07771,
mace,2.07771,
overweight,2.07721,c1
grudgingly,2.07601,
warden,2.07521,c1
buoy,2.07491,c1
vantage,2.0728,
winking,2.0728,
spectral,2.0728,
uneasily,2.0728,
guardian,2.07151,c1
leaden,2.07121,
budding,2.07051,
governess,2.07,
acclaim,2.0688,
oppressive,2.0688,
grandson,2.0683,c1
tempting,2.068,c1
welles,2.06721,
california,2.06721,
thompson,2.06721,
albert,2.06721,
diaz,2.06721,
stanley,2.06721,
ensuing,2.0656,
unmarried,2.06439,
triangular,2.06439,
boyish,2.05918,
referral,2.05828,c1
rotated,2.05828,
rupee,2.05828,
gasp,2.05718,b2
fluttering,2.05598,
recurrent,2.05578,
unexplored,2.05578,
snip,2.05527,
starling,2.05527,
disconnect,2.05527,c1
hater,2.05527,
bigot,2.05527,
criticise,2.05527,
detraction,2.05527,
matador,2.05527,
tho,2.05527,
propel,2.05428,c1
lusty,2.05398,
sculptor,2.05357,
cohesion,2.05357,
reclaim,2.05328,c1
waistcoat,2.05318,
intensified,2.05258,
elaborately,2.05037,
turnpike,2.05037,
soothe,2.05027,c1
omit,2.04958,c1
verbally,2.04837,c1
lordship,2.04757,
buoyancy,2.04637,
africa,2.04628,
endeavor,2.04516,b2
imitate,2.04516,c1
evermore,2.04476,
gipsy,2.04476,
astern,2.04476,
inwards,2.04476,
vapour,2.04476,
nap,2.04466,b2
demeanor,2.04237,
captivating,2.04237,
invaluable,2.04196,
refinement,2.04196,
blacksmith,2.03915,
incumbent,2.03896,c1
specialised,2.03776,
reassure,2.03506,c1
adjourn,2.03456,
torrent,2.03354,
friendliness,2.03354,
inferiority,2.03354,
midwestern,2.03335,
intake,2.03314,c1
large-scale,2.03314,c1
laundering,2.03314,
legislator,2.03314,c1
meteoritic,2.03314,
middle-aged,2.03314,c1
monastic,2.03314,
mores,2.03314,
mouthpiece,2.03314,
old-fashioned,2.03314,c1
perceptual,2.03314,
phosphate,2.03314,
photocathode,2.03314,
photochemical,2.03314,
positivist,2.03314,
protozoa,2.03314,
discrete,2.03314,
dugout,2.03314,
experimentally,2.03314,
flooring,2.03314,
follow-up,2.03314,b2
gubernatorial,2.03314,
hebephrenic,2.03314,
high-pitched,2.03314,
infield,2.03314,
quadric,2.03314,
self-determination,2.03314,
sixty-five,2.03314,
slacks,2.03314,
spoilage,2.03314,
subspace,2.03314,
surface-active,2.03314,
symmetric,2.03314,
symphonic,2.03314,
twenty-one,2.03314,
twenty-three,2.03314,
accreditation,2.03314,
aeration,2.03314,
approximation,2.03314,
beebread,2.03314,
chromatography,2.03314,
conclusively,2.03314,
congregational,2.03314,
coronary,2.03314,
cortex,2.03314,
declarative,2.03314,
deterministic,2.03314,
diffraction,2.03314,
urbanization,2.03314,
voltaic,2.03314,
cease-fire,2.03314,
cf.,2.03314,
maximization,2.03314,
disillusionment,2.03285,
hormonal,2.03284,
unwind,2.03284,
vi,2.03284,
weirdo,2.03284,
zilch,2.03284,
mailer,2.03284,
jokingly,2.03284,
knockoff,2.03284,
lollipop,2.03284,
narcolepsy,2.03284,
pixie,2.03284,
ps,2.03284,
scots,2.03284,
screwy,2.03284,
skimp,2.03284,
subliminal,2.03284,
sundae,2.03284,
bleach,2.03284,c1
bong,2.03284,
clubbing,2.03284,
confusingly,2.03284,
crud,2.03284,
dah,2.03284,
comical,2.03195,
ambulance,2.03114,c1
meteorite,2.03114,
stint,2.03114,
sequent,2.02963,
shellfish,2.02963,
slag,2.02963,
turnstile,2.02963,
alphabetically,2.02963,
blankly,2.02963,
chirp,2.02963,
crispy,2.02963,c1
dorsal,2.02963,
hilltop,2.02963,
hornet,2.02963,
unread,2.02963,
untravelled,2.02963,
cert,2.02963,
macaroni,2.02963,
jaundice,2.02963,
loos,2.02963,
stereotyped,2.02914,
wry,2.02914,
manuscript,2.02793,c1
reflective,2.02793,c1
racket,2.02743,c1
janitor,2.02714,c1
uncompromising,2.02593,
ultra,2.02535,
lackluster,2.02535,
absently,2.02473,
contour,2.02473,
practised,2.02463,
draught,2.02463,
hoof,2.02463,c1
gruff,2.02393,
bravado,2.02273,
retribution,2.02223,
leisurely,2.02073,
indoors,2.01952,c1
frankenstein,2.01914,
gabriel,2.01914,
leo,2.01914,
paxton,2.01914,
richards,2.01914,
disgust,2.01792,c1
glen,2.01673,
expanse,2.01632,
shutter,2.01632,
bottomless,2.01622,
involuntary,2.01382,
asbestos,2.01262,
regrettable,2.01262,
magnate,2.01262,
birch,2.01152,
victorious,2.01151,
baffling,2.01111,
misty,2.01111,
stroll,2.01111,b2
grieving,2.00911,
barbaric,2.00831,
considerate,2.0079,c1
knotted,2.0079,
mop,2.00721,c1
forerunner,2.00721,
disheartened,2.0072,
gallantly,2.0072,
gopher,2.0072,
grudging,2.0072,
lacing,2.0072,
mongrel,2.0072,
redolent,2.0072,
ta,2.0072,
unreachable,2.0072,
amputation,2.0072,
aquatic,2.0072,
badger,2.0072,
clack,2.0072,
constipation,2.0072,
upbeat,2.00641,
harper,2.00631,
peeling,2.0055,
solvent,2.005,
methodically,2.00229,
inscribed,2.00229,
tingling,2.00229,
aimless,2.00029,
gratefully,1.99949,
shawl,1.99949,
unsuitable,1.99929,
dispense,1.99659,
steed,1.99549,
hypocrite,1.99428,
pained,1.99228,
tumultuous,1.98908,
blissful,1.98867,
populace,1.98867,
anonymity,1.98748,
adorned,1.98587,
stalwart,1.98547,
swarthy,1.98547,
rawness,1.98476,
ref,1.98476,
segue,1.98476,
shoplifting,1.98476,
snotty,1.98476,
sodomy,1.98476,
softy,1.98476,
spam,1.98476,
tux,1.98476,
unapologetic,1.98476,
acidic,1.98476,
asexual,1.98476,
brie,1.98476,
clitoris,1.98476,
collard,1.98476,
constipated,1.98476,
crapper,1.98476,
crocheting,1.98476,
cubicle,1.98476,
decker,1.98476,
expletive,1.98476,
faceted,1.98476,
firestone,1.98476,
flashiness,1.98476,
gratuity,1.98476,
grooving,1.98476,
vietnamese,1.98476,c1
whorehouse,1.98476,
checkpoint,1.98476,
malfunction,1.98476,
mil,1.98476,
oomph,1.98476,
parka,1.98476,
prosthetic,1.98476,
intersect,1.98307,
meticulously,1.98307,
pretense,1.98307,
tenuous,1.98307,
relinquished,1.98207,
inherently,1.98127,c1
abdomen,1.97986,
seaman,1.97976,
arbiter,1.97936,
clutches,1.97857,
oftentimes,1.97826,
liberation,1.97786,c1
hind,1.97706,
apothecary,1.97706,
outweigh,1.97636,
predictably,1.97506,
blatant,1.97506,
chow,1.97506,
weir,1.97506,
overflowing,1.97506,
dingy,1.97465,
disfigured,1.97465,
wag,1.97426,
forthwith,1.97425,
leeward,1.97425,
pianoforte,1.97425,
breastplate,1.97425,
cherub,1.97425,
trait,1.97386,b2
seduction,1.97386,
wacky,1.97306,c1
maiden,1.97306,c1
tranquil,1.97185,
housekeeping,1.97145,
patched,1.97145,
zeta,1.97106,
campy,1.97106,
charismatic,1.97106,
ascertained,1.97095,
silvery,1.96864,
frigate,1.96745,
tutor,1.96624,c1
muse,1.96545,c1
deteriorate,1.96455,
swarm,1.96424,c1
reinstate,1.96405,
envoy,1.96405,
dross,1.96303,
motto,1.96303,c1
rundown,1.96234,
specter,1.96234,
standby,1.96234,
fuss,1.96103,c1
bewilderment,1.96103,
topping,1.96034,
teeming,1.96023,
annum,1.95913,
ineligible,1.95913,
domesticated,1.95912,
duff,1.95912,
elf,1.95912,
fortuitous,1.95912,
hamstring,1.95912,
incontinent,1.95912,
ingrate,1.95912,
ashy,1.95912,
bandana,1.95912,
blanched,1.95912,
braid,1.95912,c1
clink,1.95912,
conforming,1.95912,
deckhand,1.95912,
waistband,1.95912,
camphor,1.95912,
charlatan,1.95912,
medicinally,1.95912,
repressing,1.95912,
resinous,1.95912,
sourness,1.95912,
sternness,1.95912,
summarily,1.95912,
tush,1.95912,
tweezer,1.95912,
unfashionable,1.95912,
misbehave,1.95912,
naughtily,1.95912,
nautilus,1.95912,
nitric,1.95912,
omelette,1.95912,
pul,1.95912,
newborn,1.95742,c1
organism,1.95742,c1
espionage,1.95693,
herald,1.95613,c1
fiend,1.95462,
laborer,1.95422,
lecturer,1.95422,
singly,1.95422,
scourge,1.95412,
spectre,1.95343,
glitter,1.95222,c1
affinity,1.95222,
legacy,1.95222,b2
pivotal,1.95213,
suitably,1.95142,
budge,1.95122,c1
bedside,1.94901,
boyhood,1.94901,
inflict,1.94851,c1
warped,1.94822,c1
amorous,1.94621,
corruptible,1.94581,
wakeful,1.94581,
masonry,1.94581,
seating,1.94581,
sharpened,1.94581,
injure,1.94501,b2
nobility,1.94381,
shadowed,1.94331,
arrogance,1.94181,
stringent,1.94161,
micro,1.94161,
offshoot,1.94161,
fl,1.94161,
tourism,1.94161,c1
amply,1.9406,
billet,1.93891,
bribe,1.9376,c1
blushing,1.93739,
lengthwise,1.93739,
internalize,1.93669,
ism,1.93669,
mohawk,1.93669,
moldy,1.93669,
monsieur,1.93669,
motorcade,1.93669,
nada,1.93669,
nan,1.93669,
nth,1.93669,
oldish,1.93669,
popper,1.93669,
pricey,1.93669,
alps,1.93669,
animality,1.93669,
aperitif,1.93669,
auntie,1.93669,
barreled,1.93669,
behoove,1.93669,
bohemian,1.93669,
bologna,1.93669,
curvaceous,1.93669,
diaper,1.93669,c1
dirtiness,1.93669,
upstage,1.93669,
weightiness,1.93669,
wiper,1.93669,
woolworth,1.93669,
zap,1.93669,
carousel,1.93669,
carp,1.93669,
carton,1.93669,c1
castration,1.93669,
chapped,1.93669,
maven,1.93669,
maxi,1.93669,
meltdown,1.93669,
tangerine,1.93669,
toupee,1.93669,
tracker,1.93669,
rabbinical,1.93669,
rastafarian,1.93669,
ravishing,1.93669,
retardant,1.93669,
rickshaw,1.93669,
ringer,1.93669,
rink,1.93669,
roma,1.93669,
selfishly,1.93669,
shyster,1.93669,
silverback,1.93669,
skanky,1.93669,
softball,1.93669,
sprinkles,1.93669,
sprint,1.93669,c1
squishy,1.93669,
stairwell,1.93669,
submerge,1.93669,
sulfuric,1.93669,
talkie,1.93669,
tummy,1.93669,
dominatrix,1.93669,
dub,1.93669,c1
electrify,1.93669,
estrogen,1.93669,
filer,1.93669,
fishnet,1.93669,
freshener,1.93669,
generational,1.93669,
gerbil,1.93669,
gimp,1.93669,
glop,1.93669,
grunge,1.93669,
handlebar,1.93669,
harassment,1.93669,c1
herbal,1.93669,
hickey,1.93669,
hippy,1.93669,
impersonate,1.93669,
inconsistently,1.93669,
robber,1.9366,c1
stadium,1.93499,b2
straighten,1.93499,c1
windshield,1.93499,
makeshift,1.93499,
totalitarian,1.93499,
paradigm,1.93499,c1
attacker,1.93499,c1
perplexed,1.93489,
nudge,1.9347,
perpetuate,1.93449,c1
unequivocally,1.93449,
fanned,1.93399,
damnation,1.93219,
vocation,1.93219,
auxiliary,1.93178,
dapper,1.93178,
fraternity,1.93178,
divert,1.93099,c1
rewarding,1.93099,c1
favourably,1.93049,
compassionate,1.93019,c1
backwoods,1.92978,
unscrupulous,1.92978,
knowingly,1.92928,
rightful,1.92928,
schoolmaster,1.92898,
socket,1.92898,
exultation,1.92898,
liberality,1.92898,
scramble,1.92829,c1
sadistic,1.92699,
tango,1.92699,
counsellor,1.92598,
outsider,1.92578,c1
repetitive,1.92499,
abreast,1.92337,
rachel,1.92299,
uninspired,1.92299,
catholic,1.92299,b1
fargo,1.92299,
harrison,1.92299,
hokey,1.92299,
covetousness,1.92057,
perry,1.91978,
marshall,1.91978,
aristocratic,1.91817,
expressly,1.91767,
loath,1.91767,
shelled,1.91647,
downgrade,1.91647,
gearing,1.91647,
pomp,1.91536,
materialize,1.91426,
cornerstone,1.91426,
importation,1.91376,
inertia,1.91376,
influenza,1.91376,
shortening,1.91376,
trench,1.91246,c1
tribulation,1.91216,
reproof,1.91216,
detain,1.91216,c1
entreat,1.91216,
divergent,1.91206,
intimidation,1.91206,
vogue,1.91006,
toughness,1.90935,
propulsion,1.90935,
gala,1.90935,
quicken,1.90875,
mentality,1.90806,c1
labored,1.90735,
lukewarm,1.90735,
mustache,1.90735,
pope,1.90735,c1
professionally,1.90685,c1
humiliating,1.90685,c1
ruddy,1.90655,
unforeseen,1.90585,
adore,1.90455,c1
anon,1.90375,
forbear,1.90375,
haply,1.90375,
kine,1.90375,
seizing,1.90375,
shittim,1.90375,
tantalizing,1.90364,
bracing,1.90315,
deprive,1.90315,c1
awed,1.90094,
padded,1.90094,
plumb,1.90094,
runner,1.89935,b2
startlingly,1.89894,
fumbling,1.89894,
vanishing,1.89894,
wither,1.89814,
owl,1.89814,c1
forte,1.89573,
sparkle,1.89573,c1
lurid,1.89373,
liberalization,1.89354,
midwest,1.89354,
newsprint,1.89354,
opec,1.89354,
reschedule,1.89354,
retroactively,1.89354,
schilling,1.89354,
secretariat,1.89354,
soya,1.89354,
speciality,1.89354,
sportswear,1.89354,
statistician,1.89354,
subsidise,1.89354,
malpractice,1.89354,
emirate,1.89354,
emphasised,1.89354,
expiry,1.89354,
extrusion,1.89354,
feedstock,1.89354,
ferrous,1.89354,
fortnightly,1.89354,
germination,1.89354,
deflationary,1.89354,
denim,1.89354,
depositary,1.89354,
devalue,1.89354,
roadside,1.89253,
leeway,1.89133,
imaging,1.89133,
bower,1.88972,
actin,1.88861,
angora,1.88861,
antifreeze,1.88861,
aphrodisiac,1.88861,
appendicitis,1.88861,
aqua,1.88861,
aspartame,1.88861,
autocracy,1.88861,
autolysis,1.88861,
baric,1.88861,
bathhouse,1.88861,
beanie,1.88861,
bestiality,1.88861,
bifurcate,1.88861,
bleeder,1.88861,
bling,1.88861,
blowgun,1.88861,
bonsai,1.88861,
bovril,1.88861,
brioche,1.88861,
brisket,1.88861,
brontosaurus,1.88861,
broomstick,1.88861,
brunch,1.88861,
chesty,1.88861,
chilli,1.88861,
chipotle,1.88861,
chlamydia,1.88861,
chug,1.88861,
clipping,1.88861,
clitoral,1.88861,
cloverleaf,1.88861,
cocksucker,1.88861,
cognition,1.88861,
colostomy,1.88861,
commercialized,1.88861,
comp,1.88861,
confit,1.88861,
cookbook,1.88861,
cosine,1.88861,
cr,1.88861,
creaminess,1.88861,
cuddle,1.88861,c1
cuddling,1.88861,
cursive,1.88861,
customise,1.88861,
dabble,1.88861,
daycare,1.88861,c1
dearie,1.88861,
debugger,1.88861,
decant,1.88861,
delimited,1.88861,
descriptor,1.88861,
desensitizing,1.88861,
diacritic,1.88861,
diploma,1.88861,c1
disembark,1.88861,
disgorgement,1.88861,
disjoint,1.88861,
dissertation,1.88861,
dit,1.88861,
dm,1.88861,
doodle,1.88861,
douche,1.88861,
doughnut,1.88861,c1
dribbling,1.88861,
duvet,1.88861,
dyslexia,1.88861,
embed,1.88861,c1
encode,1.88861,
endocrine,1.88861,
enema,1.88861,
escalator,1.88861,
euchre,1.88861,
eurasian,1.88861,
ew,1.88861,
eyeliner,1.88861,
eyepatch,1.88861,
faraway,1.88861,
fatwa,1.88861,
faulting,1.88861,
firefly,1.88861,
firetrap,1.88861,
flintlock,1.88861,
foetid,1.88861,
footer,1.88861,
freestyle,1.88861,
frontmost,1.88861,
fuckhead,1.88861,
futilely,1.88861,
galleria,1.88861,
genomics,1.88861,
gentrification,1.88861,
gentrify,1.88861,
genu,1.88861,
gobbler,1.88861,
gracelessly,1.88861,
gruyere,1.88861,
gutless,1.88861,
gutsiness,1.88861,
hazelnut,1.88861,
heartburn,1.88861,
hibernation,1.88861,
holla,1.88861,
hotness,1.88861,
hula,1.88861,
hyphenation,1.88861,
igloo,1.88861,
incontinence,1.88861,
indent,1.88861,
initialisation,1.88861,
pyromaniac,1.88861,
quesadilla,1.88861,
ravioli,1.88861,
readability,1.88861,
reassignment,1.88861,
reboot,1.88861,c1
recursion,1.88861,
repeatable,1.88861,
residency,1.88861,
roundedness,1.88861,
router,1.88861,
rower,1.88861,
sadomasochistic,1.88861,
samite,1.88861,
sandal,1.88861,
sarin,1.88861,
savin,1.88861,
sawfish,1.88861,
scarper,1.88861,
scat,1.88861,
scooter,1.88861,
screwdriver,1.88861,
seatbelt,1.88861,c1
semantics,1.88861,
sep,1.88861,
sequin,1.88861,
serif,1.88861,
sherbert,1.88861,
shiraz,1.88861,
shithead,1.88861,
shortish,1.88861,
signore,1.88861,
sizing,1.88861,
skank,1.88861,
sniffer,1.88861,
solitaire,1.88861,
speakerphone,1.88861,
sphincter,1.88861,
splitter,1.88861,
spyware,1.88861,
squeegee,1.88861,
staph,1.88861,
std,1.88861,
stoppered,1.88861,
straightener,1.88861,
stuffer,1.88861,
succulence,1.88861,
summarise,1.88861,
summery,1.88861,
swabbing,1.88861,
swathe,1.88861,
sweatshop,1.88861,
swinger,1.88861,
synchronise,1.88861,
syndicalism,1.88861,
syndicalist,1.88861,
tabulator,1.88861,
takeout,1.88861,
truffle,1.88861,
truncate,1.88861,
umlaut,1.88861,
unaccessible,1.88861,
unappetising,1.88861,
unclog,1.88861,
undefeated,1.88861,
underpants,1.88861,
unedited,1.88861,
unflawed,1.88861,
unfocussed,1.88861,
unforeseeable,1.88861,
ungrammatical,1.88861,
unisexual,1.88861,
unlabeled,1.88861,
unnavigable,1.88861,
unpalatable,1.88861,
unreliably,1.88861,
unrequested,1.88861,
unsorted,1.88861,
unsweetened,1.88861,
unuseable,1.88861,
uppercase,1.88861,
viagra,1.88861,
volt,1.88861,
webcam,1.88861,
wedgie,1.88861,
weensy,1.88861,
weevil,1.88861,
whopper,1.88861,
wi,1.88861,
winemaker,1.88861,
winey,1.88861,
woodiness,1.88861,
workspace,1.88861,
wort,1.88861,
wrinkly,1.88861,
wuss,1.88861,
yarmulke,1.88861,
yummy,1.88861,c1
yurt,1.88861,
ziti,1.88861,
butterscotch,1.88861,
byte,1.88861,
candied,1.88861,
carbonated,1.88861,
cartographer,1.88861,
cashew,1.88861,
catheterize,1.88861,
cc,1.88861,
centrum,1.88861,
challah,1.88861,
checksum,1.88861,
maceration,1.88861,
macrame,1.88861,
mangy,1.88861,
margarita,1.88861,
masturbate,1.88861,
mb,1.88861,
meatball,1.88861,
megabyte,1.88861,
taping,1.88861,
tcp,1.88861,
teat,1.88861,
tinderbox,1.88861,
ting,1.88861,
tokay,1.88861,
tor,1.88861,
touristy,1.88861,
tractive,1.88861,
interject,1.88861,
internship,1.88861,
intifada,1.88861,
intranet,1.88861,
ip,1.88861,
ipecac,1.88861,
jaguar,1.88861,
juiciness,1.88861,
kabob,1.88861,
kiwi,1.88861,
kobe,1.88861,
konqueror,1.88861,
lactation,1.88861,
lah,1.88861,
landline,1.88861,
lasagna,1.88861,c1
lentil,1.88861,
lhasa,1.88861,
liposuction,1.88861,
lowercase,1.88861,
lube,1.88861,
luna,1.88861,
lychee,1.88861,
merlot,1.88861,
midi,1.88861,
midterm,1.88861,
misalign,1.88861,
mnemonics,1.88861,
moisturize,1.88861,
mongoose,1.88861,
moravian,1.88861,
mpeg,1.88861,
navigational,1.88861,
nee,1.88861,
nervy,1.88861,
nettle,1.88861,
neva,1.88861,
ninepence,1.88861,
nitwit,1.88861,
noaa,1.88861,
nonsmoker,1.88861,
nonstandard,1.88861,
norwegian,1.88861,c1
nougat,1.88861,
oscillate,1.88861,
outdoorsy,1.88861,
outerwear,1.88861,
overlarge,1.88861,
oxidized,1.88861,
pac,1.88861,
pancake,1.88861,c1
parmesan,1.88861,
pastrami,1.88861,
peeler,1.88861,
pes,1.88861,
piggyback,1.88861,
pilotage,1.88861,
pinata,1.88861,
pix,1.88861,
pizzaz,1.88861,
placeholder,1.88861,
platypus,1.88861,
playlist,1.88861,
plover,1.88861,
pluralize,1.88861,
polyp,1.88861,
pom,1.88861,
postfix,1.88861,
ppp,1.88861,
prickle,1.88861,
printout,1.88861,
prioritize,1.88861,
prosciutto,1.88861,
pud,1.88861,
toxic,1.88712,c1
terminology,1.88692,
slot,1.88692,b2
superimposed,1.88692,
modernity,1.88692,
reassured,1.88642,
siding,1.88642,
ulcer,1.88642,
zest,1.88492,
unkind,1.88411,c1
rebut,1.88371,
bailiff,1.88371,
condensation,1.88371,
frontage,1.88371,
illustrative,1.88371,
planter,1.88371,
quarterback,1.88291,b2
goodbye,1.88291,b2
clout,1.88142,
ladyship,1.88131,
deceptive,1.88121,
packet,1.88071,c1
downfall,1.87971,
steaming,1.8785,
heather,1.87691,
plodding,1.8765,
reigning,1.876,
nobleman,1.8757,
livelihood,1.8753,
oyster,1.8753,
vibration,1.8753,c1
scabbard,1.8753,
securely,1.8753,
ross,1.87491,
sutherland,1.87491,
joseph,1.87491,
nazi,1.87491,b2
cromwell,1.87491,
aristocracy,1.8733,
vigilant,1.8723,
windy,1.8723,
mariner,1.87049,
condemning,1.87009,
mutton,1.86959,
methyl,1.8684,
indium,1.8684,
reclassification,1.8684,
rehearing,1.8684,
submissive,1.86689,
sulky,1.86689,
wedded,1.86689,
tawny,1.86689,
upsurge,1.86619,
catering,1.86619,
awarding,1.86619,
schoolboy,1.86488,
arbitrarily,1.86398,
differentiated,1.86398,
demolished,1.86348,
ploughing,1.86339,
flagging,1.86319,
limbo,1.86219,
pallid,1.86168,
doubting,1.86168,
uncomfortably,1.86148,
astronomical,1.86128,
concerto,1.86128,
revered,1.85927,
truthfully,1.85927,
glamour,1.85927,
indelible,1.85927,
throng,1.85847,
implicitly,1.85828,
hugely,1.85698,
fanciful,1.85647,
pondering,1.85647,
immaculate,1.85607,
arouse,1.85607,c1
shading,1.85557,
millennium,1.85527,c1
muster,1.85527,c1
forfeit,1.85507,
furrow,1.85286,
schooling,1.85286,
stealth,1.85286,
barber,1.85207,
degradation,1.84986,
foreigner,1.84766,c1
glimmer,1.84566,
matron,1.84566,
motley,1.84566,
selfishness,1.84485,
ache,1.84445,b2
gallop,1.84445,
fieldwork,1.84326,
adjustable,1.84326,
bipartisan,1.84326,c1
blockading,1.84326,
tung,1.84326,
outlay,1.84326,
priming,1.84326,
mortification,1.84165,
perplexity,1.84165,
gird,1.84165,
commensurate,1.84105,
detrimental,1.84105,
giddy,1.84045,
affectionately,1.83924,
nightingale,1.83924,
knuckle,1.83905,
indistinguishable,1.83905,
fibrosis,1.83884,
forties,1.83884,
patrolman,1.83884,
posterior,1.83884,
repression,1.83884,
salutary,1.83834,
citation,1.83834,c1
connotation,1.83834,
craftsmanship,1.83684,
sophomore,1.83684,c1
unbreakable,1.83684,
freeway,1.83684,c1
gamut,1.83634,
manservant,1.83604,
primal,1.83524,c1
visceral,1.83484,
hazy,1.83363,
scoop,1.83363,b2
suffocating,1.83363,
excellency,1.83324,
measureless,1.83324,
deere,1.83324,
tack,1.83314,c1
innovative,1.83305,c1
defiant,1.83264,
pall,1.83264,
portraying,1.83084,
convincingly,1.83084,
chilly,1.83043,c1
hurling,1.83043,
lavender,1.83043,
pedestal,1.83043,
shearing,1.82993,
surpassing,1.82964,
gritty,1.82884,
arsenal,1.82793,
boundless,1.82763,
contemptible,1.82763,
twinkling,1.82763,
molly,1.82684,
neo,1.82684,
juncture,1.82522,
mishap,1.82522,
studded,1.82522,
talkative,1.82522,
fisher,1.82193,
sportsman,1.82152,
prodigy,1.82002,
involuntarily,1.81921,
impertinent,1.81921,
din,1.81921,
deem,1.81902,c1
realised,1.81852,
underwrite,1.81811,
carload,1.81811,
taper,1.81811,
modular,1.81811,
ebullient,1.81811,
generalize,1.81591,
sponsorship,1.81591,
supervise,1.81591,c1
madman,1.81481,
laboured,1.81401,
mammoth,1.81391,c1
meanness,1.8136,
tenderly,1.8136,
carbine,1.8132,
cartridge,1.8132,
reversible,1.8132,
adjunct,1.8132,
arterial,1.8132,
boa,1.8132,
discredit,1.81291,
ponder,1.81281,c1
netting,1.81241,
spitting,1.8112,
simplistic,1.80991,
steeper,1.8097,
horrified,1.8092,
enterprising,1.80799,
peacefully,1.80799,
slashing,1.80799,
impossibility,1.8079,
landmark,1.80549,c1
darn,1.8052,c1
mend,1.80519,c1
plowed,1.80479,
bivouac,1.80479,
variously,1.80479,
recoil,1.80479,
elasticity,1.80479,
extant,1.80479,
fringed,1.80479,
indecision,1.80479,
unequal,1.80469,
reborn,1.80399,
clan,1.80199,c1
piles,1.80029,
prowess,1.80029,
growl,1.79958,b2
unheard,1.79758,
pagan,1.79678,c1
livery,1.79638,
puffed,1.79638,
soberly,1.79638,
requisite,1.79308,
reorganized,1.79297,
disruptive,1.79297,
cider,1.79238,
envision,1.79097,c1
enzyme,1.79077,c1
examiner,1.79077,c1
fingerprint,1.79077,c1
forthright,1.79077,
induction,1.79077,
inhibition,1.79077,
complicity,1.79077,
constrictor,1.79077,
contemporaries,1.79077,
continuum,1.79077,
dialectic,1.79077,
redcoat,1.79077,
workout,1.79077,c1
maladjustment,1.79077,
paneling,1.79077,
patterned,1.79077,
polarization,1.79077,
negligent,1.79067,
hulk,1.79047,
tandem,1.78997,
technician,1.78877,c1
identifiable,1.78877,
disordered,1.78796,
quietness,1.78796,
reckoning,1.78796,
boldness,1.78796,
discreetly,1.78727,
idyllic,1.78677,
adept,1.78677,
relentlessly,1.78677,
understatement,1.78677,
unsympathetic,1.78627,
excellently,1.78556,
mightily,1.78546,
jargon,1.78506,
addiction,1.78477,c1
nightclub,1.78276,
creaking,1.78235,
uninterrupted,1.78235,
consternation,1.78226,
meteor,1.78156,
convoluted,1.78076,
smartly,1.78035,
inexperience,1.77985,
servile,1.77955,
snug,1.77955,
peaceable,1.77955,
concealment,1.77955,
diligent,1.77955,
formality,1.77936,
curtis,1.77876,
roman,1.77876,b2
leonard,1.77876,
libby,1.77876,
confine,1.77615,b2
powerless,1.77515,c1
limitless,1.77435,
banish,1.77394,
vulture,1.77394,
revolved,1.77394,
graciously,1.76874,
heroism,1.76874,
augment,1.76824,
anemia,1.76783,
neutralized,1.76783,
skimmed,1.76783,
societal,1.76583,c1
salted,1.76553,
gloomily,1.76553,
inconvenient,1.76553,
regaining,1.76533,
expeditiously,1.76433,
hedged,1.76433,
pollock,1.76404,
resolutely,1.76353,
detestable,1.76353,
sparse,1.76313,
tact,1.76313,
proficient,1.76313,
leaven,1.76273,
persecute,1.76273,
plenteous,1.76273,
sixpence,1.76273,
windlass,1.76273,
treacherously,1.76273,
thriving,1.76263,
complication,1.76263,c1
waver,1.76213,
falter,1.76013,
badge,1.75992,c1
ripple,1.75992,c1
protracted,1.75963,
disregarded,1.75942,
dregs,1.75942,
rumour,1.75932,
detachment,1.75792,
garrison,1.75712,
vainly,1.75712,
scrip,1.75592,
morbid,1.75512,
splendidly,1.75471,
fabled,1.75471,
laced,1.75392,
frustrate,1.75151,c1
incomparable,1.75151,
yawn,1.75071,c1
bloodshed,1.74951,
churning,1.74951,
cowardly,1.74951,
lighten,1.74801,c1
goddess,1.7463,c1
yawning,1.7458,
breakers,1.7453,
midpoint,1.74511,
instruct,1.7431,c1
forcibly,1.7431,
dainty,1.7431,
dearth,1.7431,
plush,1.7429,
intensifier,1.74269,
interdependence,1.74269,
interfacial,1.74269,
iodinated,1.74269,
ketosis,1.74269,
low-cost,1.74269,
micelle,1.74269,
molecule,1.74269,c1
morphophonemic,1.74269,
mulch,1.74269,
neurosis,1.74269,
newspaperman,1.74269,
one-fourth,1.74269,
operetta,1.74269,
orthography,1.74269,
ossification,1.74269,
out-of-town,1.74269,
papal,1.74269,
pegboard,1.74269,
pleura,1.74269,
pleural,1.74269,
polymerization,1.74269,
pseudophloem,1.74269,
psychoanalytic,1.74269,
agglutinin,1.74269,
all-out,1.74269,
amorphous,1.74269,
amplifier,1.74269,
athletics,1.74269,
birthplace,1.74269,
bodybuilder,1.74269,
boxcar,1.74269,
clear-cut,1.74269,
compression,1.74269,
demythologization,1.74269,
dipper,1.74269,
vowel,1.74269,
well-informed,1.74269,
whole-wheat,1.74269,
x-ray,1.74269,c1
calibration,1.74269,
candidacy,1.74269,
causal,1.74269,
man-made,1.74269,
manometer,1.74269,
tax-exempt,1.74269,
thermostat,1.74269,
thirty-four,1.74269,
touchdown,1.74269,c1
putt,1.74269,
quackery,1.74269,
reconstruct,1.74269,
right-hand,1.74269,
rotor,1.74269,
sax,1.74269,
shortstop,1.74269,
sidewise,1.74269,
stairway,1.74269,
subjectively,1.74269,
subtraction,1.74269,
tablespoon,1.74269,b2
twenty-two,1.74269,
divan,1.74269,
epoch,1.74269,
esprit,1.74269,
evangelism,1.74269,
ever-present,1.74269,
fille,1.74269,
first-class,1.74269,
forty-five,1.74269,
forty-four,1.74269,
grumble,1.74269,c1
highroad,1.74269,
infiltration,1.74269,
ignite,1.7424,c1
contender,1.7409,c1
artistically,1.74069,
authoritarian,1.74069,
blackout,1.74069,
insecurity,1.74069,c1
wrecking,1.74069,
catharsis,1.74069,
censorship,1.74069,
maneuver,1.74069,c1
seer,1.74029,
tantamount,1.73969,
tacit,1.73919,
rewrite,1.73869,c1
foreman,1.73869,
immoral,1.73749,
monumental,1.73749,
overcoat,1.73749,
tapestry,1.73749,
burglar,1.73739,
antiquated,1.73699,
spacecraft,1.73669,c1
hustler,1.73669,
believer,1.73548,c1
methodical,1.73548,
gruesome,1.73469,
inert,1.73428,
phalanx,1.73428,
undertone,1.73349,
sappy,1.73269,
serviceable,1.73228,
leering,1.73228,
powerfully,1.73228,
hackneyed,1.73148,
unabated,1.73128,
rebecca,1.73069,
granger,1.73069,
macho,1.73069,
leigh,1.73069,
nicholas,1.73069,
scheming,1.73028,
vehemence,1.72857,
drawback,1.72657,
summons,1.72627,
scanty,1.72587,
shrieked,1.72587,
eminence,1.72587,
creditable,1.72587,
crouch,1.72587,c1
curving,1.72587,
darkening,1.72587,
denote,1.72587,
despairing,1.72587,
hoot,1.72507,c1
slayer,1.72427,
layoff,1.72217,
landlady,1.72106,
seclusion,1.72066,
thoughtless,1.72066,
manoeuvre,1.71897,
tempo,1.71776,
criticize,1.71776,b2
divination,1.71745,
cuban,1.71596,c1
symbolically,1.71505,
overrun,1.71505,
outcry,1.71405,
tee,1.71305,c1
carnal,1.71225,
caressing,1.71184,
transposed,1.71184,
spire,1.71184,
girlish,1.71184,
primeval,1.71184,
unconventional,1.71105,
magician,1.70984,c1
florida,1.70976,
loathing,1.70905,
doubtfully,1.70904,
dusky,1.70904,
purify,1.70904,
regal,1.70904,
rouse,1.70904,
bough,1.70904,
deplore,1.70835,
burdensome,1.70835,
glazed,1.70664,
infallible,1.70614,
pilgrim,1.70464,c1
allegory,1.70464,
juggling,1.70414,
piety,1.70343,
fearfully,1.70343,
frankness,1.70343,
scalp,1.70343,
shiver,1.70343,c1
solemnity,1.70063,
clothe,1.70063,
discord,1.70043,
jewel,1.69743,c1
modernize,1.69703,
faithfulness,1.69542,
rapture,1.69502,
transmit,1.69482,c1
hurdle,1.69482,c1
diametrically,1.69432,
offal,1.69383,
stagnation,1.69383,
indulgent,1.69302,
drugstore,1.69262,
sensuality,1.69262,
sceptre,1.69222,
subjection,1.69222,
tumult,1.69222,
fain,1.69222,
gliding,1.69222,
oppress,1.69222,
usury,1.69222,
accumulate,1.69162,c1
unlucky,1.68981,
puny,1.68941,
staccato,1.68941,
amen,1.68941,c1
tilt,1.68941,b2
fluent,1.68941,
sufferer,1.68891,
lethargy,1.68891,
rout,1.68882,c1
shockingly,1.68862,
choreography,1.68862,
cocky,1.68862,
stardom,1.68662,
insolent,1.68661,
unfavourable,1.68541,
apocalyptic,1.68541,
unspoken,1.68541,
gladiator,1.68462,
interlude,1.6842,
salmon,1.68321,c1
shaw,1.68261,
mamet,1.68261,
alfred,1.68261,
christ,1.68261,
cleverness,1.6822,
toad,1.681,
liberally,1.681,
environs,1.681,
yon,1.6782,
joyfully,1.6782,
perch,1.6782,c1
mysteriously,1.677,
cheery,1.67579,
incalculable,1.67479,
warship,1.6741,
worsening,1.6741,
blip,1.6741,
reassess,1.6741,
northwestern,1.6741,c1
forefront,1.67279,
splashed,1.67259,
twinkle,1.67259,c1
beggar,1.67209,
untrue,1.67189,
wrongdoing,1.67189,
heralded,1.67189,
outlandish,1.67179,
qualifying,1.67139,
affirmation,1.66968,
variant,1.66968,
steadied,1.66868,
unmistakably,1.66698,
meager,1.66698,
upsetting,1.66668,
fervor,1.66498,
crusade,1.66498,
adversity,1.66417,
hurriedly,1.66417,
diurnal,1.66377,
manifestly,1.66377,
therefrom,1.66377,
irregularly,1.66377,
sculptured,1.66377,
smoothness,1.66377,
bequest,1.66377,
cypress,1.66377,
ordeal,1.66298,
thrilled,1.66298,
whine,1.66177,b2
spanish,1.66168,b2
loosening,1.66027,
predicament,1.65977,
trappings,1.65977,
infatuation,1.65856,
deluge,1.65856,
dispel,1.65806,
comely,1.65576,
chisel,1.65536,
rustle,1.65536,
merited,1.65536,
presumptuous,1.65536,
prologue,1.65377,
darkly,1.65136,
slaying,1.65015,
sustenance,1.65015,
coinciding,1.64896,
leach,1.64846,
expedite,1.64846,
excursion,1.64815,
sage,1.64815,c1
pensive,1.64735,
dagger,1.64735,
circumference,1.64695,
schoolroom,1.64695,
sheaf,1.64695,
forked,1.64695,
impudent,1.64695,
bureaucratic,1.64675,
snowstorm,1.64675,
substitution,1.64625,
receptionist,1.64454,
fella,1.64454,c1
figurative,1.64454,
interstellar,1.64454,
operatic,1.64454,
choreographer,1.64454,
pest,1.64404,
synonymous,1.64404,
irrespective,1.64354,
unsolved,1.64354,
thundering,1.64174,
aired,1.64154,
temporal,1.64134,c1
shortsighted,1.64134,
fragment,1.64134,b2
permissive,1.64134,
clinic,1.64054,b2
eclectic,1.64054,
unanswered,1.63954,
innate,1.63934,
disobedient,1.63853,
stagger,1.63853,c1
bonnet,1.63853,
omission,1.63834,
pompous,1.63734,
undercover,1.63654,c1
cruelly,1.63613,
fencing,1.63613,
wayward,1.63563,
harrowing,1.63533,
gout,1.63513,
constraint,1.63513,c1
asian,1.63454,b2
crawford,1.63454,
iii,1.63454,
uma,1.63454,
marc,1.63454,
jewish,1.63454,b2
philip,1.63454,
gingerbread,1.63453,
stellar,1.63333,
yacht,1.63333,
tireless,1.63292,
feathered,1.63292,
furnishing,1.63292,
loosened,1.63292,
amaze,1.63092,c1
bubbling,1.63092,
bracelet,1.63012,c1
rapt,1.63012,
rapport,1.62772,
innocently,1.62772,
inedible,1.62602,
meteorologist,1.62602,
modernisation,1.62602,
deflect,1.62602,
fastidious,1.62451,
rung,1.62451,
surname,1.62451,
presumption,1.62451,
erupt,1.62382,c1
impacted,1.62382,
industrialist,1.62382,
tat,1.62332,
traumatic,1.62182,c1
windward,1.62171,
gunwale,1.62171,
lye,1.62171,
peradventure,1.62171,
scruple,1.62171,
starry,1.62171,
sweeper,1.62171,
sludge,1.62161,
ethic,1.62161,
arduous,1.62161,
cursory,1.62161,
ozone,1.62111,
jeep,1.61961,c1
maverick,1.61961,
creatively,1.61961,
stung,1.61931,
throes,1.61931,
machinist,1.6189,
thickened,1.6189,
otter,1.6189,
rococo,1.6189,
stiffening,1.6184,
uniqueness,1.6169,
hound,1.6169,c1
correctness,1.6164,
amicable,1.6154,
remorse,1.6141,
perseverance,1.61089,
bandaged,1.61049,
retort,1.61049,
joking,1.60849,
elm,1.60649,
chalk,1.60528,c1
mar,1.60478,
deuce,1.60249,
reddish,1.60208,
unobtrusive,1.60208,
disparity,1.60158,c1
lengthened,1.60158,
bonanza,1.60088,
bran,1.60088,
controller,1.60088,c1
blasting,1.60008,
recycling,1.59888,
rekindle,1.59888,
bakery,1.59818,c1
fling,1.59687,b2
appreciable,1.59647,
ax,1.59647,c1
bleachers,1.59647,
proliferation,1.59647,
servo,1.59647,
underside,1.59647,
prevalence,1.59597,
sleepless,1.59487,c1
storyteller,1.59447,c1
subconscious,1.59447,c1
familial,1.59447,
blunder,1.59366,
diffused,1.59366,
baritone,1.59326,
baton,1.59326,
despotism,1.59326,
fibrous,1.59326,
illuminating,1.59326,
sprouting,1.59326,
surveyor,1.59326,
bulwark,1.59326,
measurable,1.59326,
locality,1.59326,
dent,1.59297,c1
castor,1.59297,
germany,1.59267,
plummet,1.59247,
amateurish,1.59247,
harden,1.59166,
darned,1.59126,
stupor,1.59126,
jolt,1.59126,c1
recur,1.59026,
slowest,1.59026,
portal,1.58926,c1
fluff,1.58847,c1
catchy,1.58847,c1
meddling,1.58805,
pictured,1.58805,
astride,1.58756,
cia,1.58647,
miami,1.58647,
vietnam,1.58647,
edwards,1.58647,
eugene,1.58647,
futuristic,1.58647,
indian,1.58647,b1
samuel,1.58647,
workman,1.58525,
affluence,1.58485,
disapprove,1.58485,
glisten,1.58485,
hoarsely,1.58485,
unawares,1.58475,
joker,1.58326,
forgiving,1.58085,
monarch,1.57964,
assuredly,1.57964,
consultancy,1.57795,
counterproductive,1.57795,
deadlocked,1.57795,
disincentive,1.57795,
durables,1.57795,
icebreaker,1.57795,
macroeconomic,1.57795,
margarine,1.57795,
reciprocity,1.57795,
reconvene,1.57795,
refloat,1.57795,
supercomputer,1.57795,
unlawfully,1.57795,
leaching,1.57795,
overdraft,1.57795,
privatization,1.57795,
forwards,1.57684,
incensed,1.57644,
pitiable,1.57644,
coachman,1.57644,
convulsive,1.57644,
melodious,1.57644,
spasm,1.57644,
scheduling,1.57574,
eradicate,1.57574,
jitters,1.57574,
unpublished,1.57574,
titanium,1.57574,
religiously,1.57353,
logistics,1.57353,
insufficiently,1.57303,
unrestricted,1.57303,
vested,1.57303,
arbitrate,1.57303,
specification,1.57303,
suffrage,1.57083,
sympathetically,1.57083,
butchery,1.57083,
pictorial,1.57083,
elongated,1.57083,
encroachment,1.57083,
ancestral,1.57083,
ebb,1.57073,c1
lava,1.56923,
hitch,1.56883,c1
supremely,1.56883,
bulging,1.56833,
clearness,1.56802,
leavened,1.56802,
mythology,1.56683,
coveted,1.56562,
horrific,1.56553,c1
inexorable,1.56512,
smoother,1.56512,
exhausting,1.56362,c1
heartfelt,1.56283,c1
ivy,1.56283,c1
mistrust,1.56241,
prejudiced,1.56241,
evolutionary,1.56241,c1
concurrence,1.56241,
decayed,1.56241,
wistfully,1.56241,
sanguine,1.56232,
fathom,1.56041,
footstool,1.55961,
attentively,1.55961,
timidly,1.55961,
exquisitely,1.55721,
rigged,1.55721,
survivor,1.55641,b2
approving,1.55621,
charade,1.55441,
whirl,1.554,c1
fatigued,1.554,
discontinuance,1.55281,
dissident,1.55281,c1
falloff,1.55281,
forestry,1.55281,
warehousing,1.55281,
cardiovascular,1.55281,
categorically,1.55281,
manganese,1.55281,
median,1.55281,c1
legality,1.55281,
legislate,1.55281,
polystyrene,1.55281,
beneficiary,1.55281,c1
cottonseed,1.55281,
ratify,1.55281,
retraining,1.55281,
sawmill,1.55281,
kindle,1.5512,c1
numberless,1.5512,
partiality,1.5512,
halfpenny,1.5512,
hin,1.5512,
uprightness,1.5512,
watchman,1.5512,
transgress,1.5512,
abhor,1.5512,
blameless,1.5512,
concubine,1.5512,
denominator,1.55081,
relocated,1.55081,
discredited,1.5506,
longstanding,1.5506,
engrossed,1.5488,
grasping,1.5488,
disintegration,1.54839,
divisive,1.54839,
fission,1.54839,
homogeneity,1.54839,
interrelated,1.54839,
psychiatric,1.54839,c1
psychotherapy,1.54839,
ambivalence,1.54839,
bazaar,1.54839,
competently,1.54839,
conjugated,1.54839,
shielded,1.54839,
vaudeville,1.54839,
chemically,1.54839,
melodic,1.54839,
shun,1.5483,
hub,1.5481,c1
corrosion,1.54789,
corrosive,1.54789,
designation,1.54789,
wane,1.5476,
ostensibly,1.5466,
shipmate,1.54559,
bake,1.54559,b2
hardening,1.54439,
fatally,1.54319,
childlike,1.54319,
banal,1.54239,
acknowledgement,1.54219,
antagonist,1.54119,
sordid,1.54119,
paralyzed,1.54069,
unfit,1.54038,
frown,1.54038,c1
stripe,1.53998,c1
junction,1.53998,
lucid,1.53998,
apex,1.53998,
practise,1.53988,
canvass,1.53948,
bumbling,1.53839,
kline,1.53839,
nelson,1.53839,
rico,1.53839,
franklin,1.53839,
heist,1.53839,
dante,1.53839,
dawson,1.53839,
retrospect,1.53798,
confidently,1.53748,
curling,1.53718,
enmity,1.53718,
boyle,1.53518,
wayside,1.53427,
renewing,1.53378,
executing,1.53378,
herein,1.53157,
biscuit,1.53107,c1
clinch,1.53107,
persisting,1.53107,
magnify,1.52877,
capacitor,1.52767,
microfilm,1.52767,
monomer,1.52767,
nonpartisan,1.52767,
compressor,1.52767,
dissemination,1.52767,
divisional,1.52767,
impasse,1.52767,
readjustment,1.52767,
reimbursement,1.52767,
slackening,1.52767,
stalemate,1.52767,
secondly,1.52757,c1
horseman,1.52757,
heartening,1.52546,
incipient,1.52546,
analytical,1.52546,
mechanized,1.52546,
supervised,1.52546,
uncontrolled,1.52546,
quasi,1.52367,
taboo,1.52346,c1
reminiscence,1.52316,
eloquence,1.52316,
lonesome,1.52316,
heady,1.52296,
drizzle,1.52275,
greatcoat,1.52275,
gully,1.52275,
negation,1.52275,
psalmist,1.52275,
banister,1.52275,
chipping,1.52275,
computation,1.52275,
scours,1.52275,
swivel,1.52275,
culmination,1.52075,
idealized,1.52075,
incompetence,1.52075,
numb,1.52075,c1
circulate,1.51975,c1
maxim,1.51795,
overgrown,1.51755,
cultured,1.51755,
reynolds,1.51746,
japan,1.51746,
impromptu,1.51555,
shred,1.51555,c1
renown,1.51474,
sensibly,1.51434,
sill,1.51434,
loveliness,1.51434,
pavilion,1.51434,
wicker,1.51434,
blasphemous,1.51434,
confidentially,1.51434,
engraved,1.51434,
dissimilar,1.51234,
extinguished,1.51134,
sally,1.50954,
hilt,1.50913,
wail,1.50913,c1
weakly,1.50913,
admirer,1.50913,
oblivion,1.50713,c1
scruples,1.50633,
purification,1.50593,
ripening,1.50593,
gentility,1.50593,
transient,1.50593,
heartless,1.50513,
fractionation,1.50253,
reassemble,1.50253,
shrinkage,1.50253,
unambiguous,1.50253,
amenable,1.50253,
militarily,1.50253,
nominate,1.50253,c1
ceramics,1.50253,
weariness,1.50072,
rhyme,1.50072,c1
salesmanship,1.50032,
shielding,1.50032,
vitamin,1.50032,c1
checkbook,1.50032,
tenacity,1.50032,
trolley,1.50032,
evasive,1.50032,
glycerine,1.50032,
helplessness,1.50032,
archaic,1.50032,
barbell,1.50032,
chili,1.50032,c1
chronology,1.50032,
corral,1.50032,
deformation,1.50032,
justifiably,1.50032,
mystique,1.50032,
percussive,1.50032,
polarity,1.50032,
minors,1.49832,
plumber,1.49832,
impious,1.49752,
carelessness,1.49752,
arrayed,1.49752,
comprehended,1.49752,
dawning,1.49752,
overture,1.49682,
penal,1.49682,
autobiographical,1.49632,
choir,1.49511,c1
dictator,1.49511,c1
soak,1.49511,c1
nebulous,1.49461,
objectionable,1.49461,
lighthearted,1.49432,
stilted,1.49432,
scarcity,1.49411,
homicide,1.49382,c1
benefactor,1.49311,
depiction,1.49232,
odyssey,1.49232,
prick,1.49231,c1
concealing,1.49231,
ailment,1.49191,
altitude,1.49191,c1
childishness,1.49191,
clump,1.49191,
convent,1.49191,
crumpled,1.49191,
lettering,1.49191,
periodical,1.49191,
procreation,1.49191,
jawbreaker,1.49032,
josh,1.49032,
jude,1.49032,
newman,1.49032,
nielsen,1.49032,
nifty,1.49032,
blake,1.49032,
robbins,1.49032,
shannon,1.49032,
webb,1.49032,
witherspoon,1.49032,
merciless,1.4899,
spying,1.48941,
victuals,1.4891,
tongs,1.4891,
ale,1.4891,
daybreak,1.4891,
doubloon,1.4891,
footman,1.4891,
hearse,1.4891,
oftener,1.4891,
palsy,1.4891,
unruly,1.48891,
expectant,1.4867,
extinction,1.4867,c1
insipid,1.4859,
sultry,1.4859,
dandy,1.4847,
fluke,1.4842,
sanctity,1.48349,
scraps,1.48349,
delicately,1.48149,
froward,1.48069,
mire,1.48069,
unrighteousness,1.48069,
vale,1.48069,
whoredom,1.48069,
centurion,1.48069,
acknowledgment,1.47829,
decreed,1.47779,
adjournment,1.47738,
alerting,1.47738,
alkali,1.47738,
responsiveness,1.47738,
tubular,1.47738,
unanimity,1.47738,
ethyl,1.47738,
illicit,1.47538,
loot,1.47538,c1
respectfully,1.47508,
disperse,1.47508,
leaner,1.47389,
noticeably,1.47338,
foray,1.47288,
mosaic,1.47268,c1
trickle,1.47168,c1
crook,1.47068,c1
enraged,1.46987,
docile,1.46947,
gregarious,1.46947,
panorama,1.46947,
european,1.46938,b1
reformation,1.46897,
slothful,1.46667,
impassive,1.46667,
contentious,1.46597,
gender,1.46547,b2
emulate,1.46426,
awakening,1.46426,
wring,1.46377,
sickening,1.46226,
helplessly,1.46106,
merriment,1.46106,
candid,1.46106,
magnet,1.46106,c1
volition,1.46056,
inducement,1.46056,
rattled,1.46056,
reviving,1.46056,
emptiness,1.45906,c1
manna,1.45826,
ghostly,1.45585,
prophetic,1.45585,
labyrinth,1.45385,
blinding,1.45265,
brotherly,1.45265,
destitute,1.45265,
granite,1.45265,
disorganized,1.45224,
do-it-yourself,1.45224,
down-to-earth,1.45224,
easel,1.45224,
electrode,1.45224,
electrophoresis,1.45224,
empirically,1.45224,
epiphysis,1.45224,
ever-changing,1.45224,
experimenter,1.45224,
fairway,1.45224,
fine-looking,1.45224,
fragmentation,1.45224,
glinting,1.45224,
graphite,1.45224,
grok,1.45224,
half-breed,1.45224,
hemorrhage,1.45224,
hereinafter,1.45224,
hibachi,1.45224,
high-priced,1.45224,
hilum,1.45224,
horsepower,1.45224,
hydrolysis,1.45224,
impinging,1.45224,
impractical,1.45224,
inaugural,1.45224,
individualized,1.45224,
inquest,1.45224,
interfaith,1.45224,
inversely,1.45224,
ion,1.45224,
isolating,1.45224,
laissez-faire,1.45224,
left-hand,1.45224,
long-run,1.45224,
metabolite,1.45224,
milligram,1.45224,
morphological,1.45224,
mucosa,1.45224,
multiplication,1.45224,
neocortex,1.45224,
neutralism,1.45224,
obelisk,1.45224,
one-man,1.45224,
one-tenth,1.45224,
organizational,1.45224,c1
out-of-doors,1.45224,
outreach,1.45224,c1
phonology,1.45224,
potassium,1.45224,
primacy,1.45224,
psychoanalysis,1.45224,
unreconstructed,1.45224,
upper-middle-class,1.45224,
uptake,1.45224,
woodwork,1.45224,
would-be,1.45224,
zoning,1.45224,
make-up,1.45224,
mammalian,1.45224,
template,1.45224,c1
theologian,1.45224,
torque,1.45224,
qualitative,1.45224,
re-enter,1.45224,
ready-made,1.45224,
reflector,1.45224,
reproducible,1.45224,
roadway,1.45224,
saturation,1.45224,
second-rate,1.45224,
self-conscious,1.45224,c1
self-consciousness,1.45224,
self-contained,1.45224,
self-discipline,1.45224,
self-evident,1.45224,
self-examination,1.45224,
self-sustaining,1.45224,
southpaw,1.45224,
sterilization,1.45224,
sunburn,1.45224,
turbine,1.45224,
two-year,1.45224,c1
aberrant,1.45224,
abstention,1.45224,
academically,1.45224,
age-old,1.45224,
aggressiveness,1.45224,
airfield,1.45224,
all-important,1.45224,
anterior,1.45224,
antithyroid,1.45224,
attrition,1.45224,
avant-garde,1.45224,c1
ballplayer,1.45224,
bogey,1.45224,
bookkeeping,1.45224,
brigadier,1.45224,
brother-in-law,1.45224,c1
compiler,1.45224,
conductivity,1.45224,
constituent,1.45224,c1
coupler,1.45224,
cross-section,1.45224,
curvature,1.45224,
decorator,1.45224,
di-iodotyrosine,1.45224,
dietary,1.45224,c1
dipole,1.45224,
longitude,1.45215,
obstinate,1.45215,
embroiled,1.45195,
singularly,1.45065,
slob,1.45024,
mesh,1.45024,
onslaught,1.45024,
culturally,1.45024,c1
fiasco,1.45024,
counterbalance,1.44924,
glutted,1.44874,
elicit,1.44824,c1
extraterrestrial,1.44824,
smirk,1.44824,c1
eyebrow,1.44704,c1
immorality,1.44704,
distillation,1.44654,
lint,1.44654,
confer,1.44654,c1
brazil,1.44624,
rehash,1.44624,
pal,1.44624,b2
fodder,1.44574,
hideously,1.44504,
mercifully,1.44504,
monotone,1.44504,
payoff,1.44424,
drumming,1.44383,
dryly,1.44383,
galley,1.44383,
inclusive,1.44383,c1
clustered,1.44383,
maple,1.44383,c1
sealing,1.44383,
richardson,1.44224,
sunday,1.44224,b1
tad,1.44224,c1
boston,1.44224,
forgettable,1.44224,
hayek,1.44224,
wright,1.44224,
ether,1.44083,
semblance,1.43983,
bible,1.43904,b2
peep,1.43903,c1
crucifix,1.43862,
exhilarating,1.43662,
priesthood,1.43582,
visitation,1.43582,
indisposed,1.43542,
inexhaustible,1.43542,
sash,1.43542,
prosaic,1.43342,
repugnant,1.42952,
routinely,1.42952,c1
upwardly,1.42902,
researcher,1.42731,b1
modeled,1.42731,
ironical,1.42701,
perpendicular,1.42701,
vehement,1.42701,
hereditary,1.42701,
substantive,1.42681,
incurring,1.42631,
chunk,1.42531,c1
compromising,1.4246,
violinist,1.4246,
burglary,1.4246,
rudimentary,1.4246,
reformed,1.42431,
impunity,1.4241,
subside,1.4236,c1
predictability,1.42331,
depravity,1.4226,
snail,1.4218,c1
bulge,1.4214,c1
enviable,1.4214,
erroneous,1.4214,
fanaticism,1.4214,
grappling,1.4214,
jumble,1.4214,
vicar,1.4214,
threefold,1.4214,
ba,1.42131,
detract,1.4201,
dune,1.4186,
reverie,1.41859,
lilac,1.41859,
palmetto,1.4166,
playground,1.41619,c1
godly,1.41339,
shan,1.41339,
monstrosity,1.41298,
precedence,1.41298,
confide,1.41298,c1
delirium,1.41298,
divinely,1.41298,
edifice,1.41298,
flaring,1.41298,
impetuous,1.41298,
creeps,1.41219,
leper,1.41018,
reprove,1.41018,
twelvemonth,1.41018,
forbearance,1.41018,
forenoon,1.41018,
gat,1.41018,
heifer,1.41018,
hewn,1.41018,
pyramid,1.40778,c1
advisable,1.40728,
lacklustre,1.40658,
foreshadow,1.40658,
emerald,1.40457,c1
contemptuously,1.40457,
delusion,1.40457,
scolding,1.40457,
lustre,1.40457,
jailed,1.40438,
debilitating,1.40438,
netted,1.40388,
embezzlement,1.40388,
gluten,1.40338,
barometer,1.40338,
coaching,1.40217,c1
dogmatic,1.40217,
milieu,1.40217,
skeletal,1.40217,
unafraid,1.40217,
hotly,1.40117,
somber,1.40017,
biblical,1.40017,c1
debacle,1.40017,
opus,1.40017,
riddled,1.39967,
sling,1.39937,c1
puff,1.39937,c1
silhouette,1.39896,
skirmish,1.39896,
ingratiating,1.39896,
discouragement,1.39846,
dissolving,1.39846,
erecting,1.39846,
irreconcilable,1.39846,
exec,1.39817,
progression,1.39646,c1
charlotte,1.39617,
waxen,1.39616,
chad,1.39417,
kennedy,1.39417,
lemmon,1.39417,
leonardo,1.39417,
newton,1.39417,
owen,1.39417,
redford,1.39417,
hudson,1.39417,
arguably,1.39417,c1
cynthia,1.39417,
fused,1.39376,
incestuous,1.39376,
hilariously,1.39296,
grisly,1.39176,
mummy,1.39096,c1
unwise,1.39055,
radiance,1.39055,
abject,1.39055,
brittle,1.39055,
afresh,1.39005,
betwixt,1.38775,
brimstone,1.38775,
massacre,1.38655,c1
forgetful,1.38534,
riotous,1.38534,
recklessly,1.38484,
impenetrable,1.38484,
decorum,1.38214,
shameful,1.38214,
unpunished,1.38164,
capricious,1.38164,
unrealized,1.38094,
spoiling,1.38014,
surf,1.38014,b2
handgun,1.37923,
investigative,1.37923,c1
patented,1.37923,
vexing,1.37873,
stainless,1.37824,
crafty,1.37693,c1
chagrin,1.37653,
eccentricity,1.37653,
scientifically,1.37653,
snobbery,1.37653,
mart,1.37624,
ventilation,1.37603,
dell,1.37603,
outskirts,1.37603,
perilously,1.37603,
swiftness,1.37373,
rectangular,1.37332,
solidity,1.37332,
streaked,1.37332,
pastime,1.37332,
annals,1.37332,
congealed,1.37332,
unrelieved,1.37332,
changeable,1.37332,
tiled,1.37332,
transverse,1.37332,
paranoia,1.37323,
carver,1.37053,
turner,1.36853,
caste,1.36812,
jelly,1.36812,c1
pedigree,1.36812,
courting,1.36812,
limping,1.36762,
diabolical,1.36732,
brutish,1.36531,
uplifted,1.36531,
hemp,1.36531,
torrid,1.36512,
rationally,1.36491,
reverent,1.36491,
disorderly,1.36491,
grievance,1.36491,
hauling,1.36491,
overpowering,1.36241,
faltering,1.36191,
landau,1.36091,
conveying,1.36091,
dazzle,1.36091,
apprehended,1.3597,
respite,1.3597,
sect,1.3597,
scum,1.35891,c1
bode,1.35851,
bashful,1.3565,
beguiled,1.3565,
ordain,1.3565,
pitiless,1.3565,
hereabouts,1.3565,
vivacity,1.3565,
scornfully,1.3565,
unauthorized,1.3563,
sur,1.3558,
dislocation,1.3558,
whit,1.3545,
bonding,1.3543,c1
frenetic,1.3543,
giveaway,1.35409,
roulette,1.35409,
sheik,1.35409,
simulate,1.35409,
sliced,1.35409,
naturalistic,1.35409,
pervasive,1.35409,
bellboy,1.35409,
chronicle,1.35409,b2
deduce,1.35359,
uncharted,1.35359,
commonwealth,1.35309,
irrevocable,1.35309,
reverend,1.3525,c1
ming,1.3523,
mercilessly,1.35209,
troupe,1.35209,
versatile,1.35209,
wasteland,1.35209,
unscathed,1.35159,
warping,1.35089,
mated,1.35089,
resonant,1.35089,
skimming,1.35089,
twofold,1.35089,
nutmeg,1.35089,
obstructed,1.35089,
evangelical,1.35089,c1
chieftain,1.35089,
combed,1.35089,
oversee,1.35059,c1
phenomenal,1.35009,
whiz,1.35009,
stylized,1.35009,
heartbreaking,1.35009,
dale,1.34929,
beguiling,1.34889,
enlightening,1.34889,
tuning,1.34889,
brew,1.34839,c1
asteroid,1.34809,c1
boxer,1.34809,c1
offbeat,1.34809,
mitre,1.34808,
noiseless,1.34808,
bridle,1.34808,
tranquillity,1.34808,
quench,1.34808,
feigned,1.34808,
fierceness,1.34808,
godliness,1.34808,
infidel,1.34808,
refreshingly,1.34689,
seductive,1.34689,
uplifting,1.34609,
werewolf,1.34609,
casablanca,1.34609,
theresa,1.34609,
thornton,1.34609,
insightful,1.34609,
judith,1.34609,
montage,1.34609,
alexander,1.34609,
australia,1.34609,
holmes,1.34609,
impoverished,1.34568,
booby,1.34568,
cringing,1.34568,
apocalypse,1.34489,
mentor,1.34489,b2
amends,1.34288,
propensity,1.34268,
keyhole,1.34247,
mottled,1.34247,
mutiny,1.34247,
promenade,1.34247,
aspiration,1.34247,c1
reclining,1.34247,
stalls,1.34247,
outlaw,1.34047,c1
wrestle,1.34047,c1
hypocritical,1.34047,
imprudence,1.33967,
insomuch,1.33967,
selfsame,1.33967,
puffing,1.33727,
discerning,1.33727,
maddening,1.33727,
omnibus,1.33627,
sham,1.33527,
progeny,1.33406,
flutter,1.33406,c1
authorise,1.33287,
coincident,1.33287,
conditionally,1.33287,
corrective,1.33287,
jetty,1.33287,
vacationing,1.33116,
bunker,1.33116,
cater,1.33116,c1
quicksilver,1.33066,
gusty,1.33066,
expulsion,1.32845,
springtime,1.32845,
liberate,1.32845,
mountainside,1.32845,
physicist,1.32845,c1
virile,1.32845,
antagonistic,1.32845,
administer,1.32795,b2
cultivate,1.32795,c1
oust,1.32795,
thousandth,1.32795,
improvised,1.32645,
undercurrent,1.32645,
detriment,1.32595,
ascent,1.32565,
homeward,1.32565,
moth,1.32565,
atlantic,1.32516,
attainable,1.32495,
reappearance,1.32275,
mildew,1.32225,
opportune,1.32225,
idealistic,1.32125,
tepid,1.32075,
grimace,1.32004,c1
savagely,1.32004,
unbelief,1.31724,
freewill,1.31724,
devouring,1.31724,
tomahawk,1.31724,
roving,1.31483,
sleek,1.31483,c1
wheeling,1.31433,
ogre,1.31404,
tidy,1.31283,c1
signified,1.31163,
executioner,1.31163,
lashing,1.31163,
destroyer,1.31113,
colombia,1.31043,
defusing,1.31043,
stagnate,1.31043,
untapped,1.31043,
cassette,1.31043,
cede,1.31043,
forecaster,1.31043,
euphoria,1.30823,
evaporated,1.30823,
rationalization,1.30823,
roofing,1.30773,
subsoil,1.30773,
unalloyed,1.30773,
perishable,1.30773,
permissible,1.30773,
disgruntled,1.30623,
disparate,1.30602,
limousine,1.30602,
normalcy,1.30602,
rehearsal,1.30602,c1
satiric,1.30602,
biographical,1.30602,
columnist,1.30602,c1
conversely,1.30602,
burrow,1.30602,c1
canon,1.30602,
supplant,1.30552,
inconclusive,1.30552,
plugged,1.30552,
commentator,1.30552,c1
demonstrable,1.30552,
classmate,1.30402,c1
inconsequential,1.30402,
utopia,1.30402,
meandering,1.30402,
rightfully,1.30402,
supervisor,1.30402,c1
playwright,1.30402,
proverbs,1.30322,
obstruct,1.30281,
occupant,1.30281,
philanthropic,1.30281,
apostolic,1.30281,
armchair,1.30281,
attested,1.30281,
concave,1.30281,
connoisseur,1.30281,
embankment,1.30281,
ephemeral,1.30281,
finality,1.30281,
gymnastic,1.30281,
heterogeneous,1.30281,
illegitimacy,1.30281,
inlet,1.30281,
relinquishing,1.30281,
sacredness,1.30281,
supernaturalism,1.30281,
turpentine,1.30281,
mandarin,1.30272,
accommodating,1.30031,
prolific,1.30031,
kingpin,1.30002,
lange,1.30002,
obsessive,1.30002,c1
superhuman,1.29881,
nonsensical,1.29831,
moses,1.29802,
nasa,1.29802,
zany,1.29802,
egypt,1.29802,
georgia,1.29802,
indiana,1.29802,
nothingness,1.29761,
vindication,1.29761,
expediency,1.29711,
blackmail,1.29561,c1
rambling,1.29561,c1
mockery,1.29561,
daisy,1.29481,c1
inverted,1.2944,
irritably,1.2944,
lithe,1.2944,
trample,1.2944,
schooner,1.2944,
shouldered,1.2944,
imaginable,1.29311,
depraved,1.2924,
glide,1.28919,c1
ravenous,1.28919,
outwardly,1.28919,
gloriously,1.28719,
untimely,1.28719,
wintry,1.28599,
inure,1.28599,
merrily,1.28599,
scorched,1.28599,
solicitous,1.28599,
hatchway,1.28599,
intermediary,1.28529,
overburdened,1.28529,
deployment,1.28529,c1
copious,1.28399,
fledged,1.28329,
aberration,1.28308,
insulin,1.28308,
nationalist,1.28308,c1
upheaval,1.28308,
undersea,1.28308,
spurt,1.28259,c1
piecemeal,1.28259,
precautionary,1.28259,
idling,1.28259,
indenture,1.28259,
desirability,1.28259,
strategically,1.28108,
surmise,1.28078,
mournful,1.28078,
mirrored,1.28059,
interwoven,1.28038,
juror,1.28038,c1
nurture,1.28038,b2
obesity,1.28038,c1
outlawed,1.28038,
politic,1.28038,
rigorously,1.28038,
divisible,1.28038,
generalization,1.28038,
grotesquely,1.28038,
atrophy,1.28038,
coy,1.28038,
deriving,1.28038,
directness,1.28038,
cabbage,1.28038,
trimmings,1.28038,
seventies,1.27908,
perceptive,1.27838,
knitting,1.27758,c1
lustrous,1.27758,
salutation,1.27758,
tiller,1.27758,
encamp,1.27758,
headsman,1.27758,
helmsman,1.27758,
infirmity,1.27758,
brunt,1.27738,
aggravation,1.27688,
rabid,1.27638,
courageously,1.27517,
credulity,1.27517,
nocturnal,1.27517,
perversely,1.27517,
pretext,1.27517,
unsung,1.27517,
demented,1.27438,
troubling,1.27317,
apologetic,1.27197,
crowning,1.27197,
demure,1.27197,
woolly,1.27197,
lewd,1.27197,
nominally,1.27197,
pointedly,1.27197,
elated,1.27197,
enchantment,1.27197,
garner,1.27117,
stupidly,1.26997,
dishonour,1.26916,
frankincense,1.26916,
cordiality,1.26916,
profaned,1.26916,
unimaginable,1.26676,
deplorable,1.26676,
carnage,1.26596,
untold,1.26355,
prostrate,1.26355,
harem,1.26355,
stationary,1.26355,
receivership,1.26236,
reflate,1.26236,
reinsurance,1.26236,
renegotiate,1.26236,
rollback,1.26236,
seeded,1.26236,
semiannual,1.26236,
spermicide,1.26236,
staffer,1.26236,c1
submersible,1.26236,
subsidised,1.26236,
unaffiliated,1.26236,
underpin,1.26236,
unlisted,1.26236,
jewellery,1.26236,
leasehold,1.26236,
metallurgical,1.26236,
minimise,1.26236,
overreact,1.26236,c1
parity,1.26236,
phenol,1.26236,
pullout,1.26236,
aflatoxin,1.26236,
alfalfa,1.26236,
arsenide,1.26236,
automaker,1.26236,
bolivar,1.26236,
conservatively,1.26236,
consignment,1.26236,
creditworthiness,1.26236,
dioxin,1.26236,
unregistered,1.26236,
venezuelan,1.26236,
wellhead,1.26236,
carmaker,1.26236,
dismantle,1.26236,
federally,1.26236,
feedlot,1.26236,
focussing,1.26236,
geothermal,1.26236,
groundnut,1.26236,
hardline,1.26236,
hydroelectric,1.26236,
indexation,1.26236,
industrialisation,1.26236,
sap,1.26155,c1
silicon,1.26015,c1
divergence,1.26015,
endorsement,1.26015,c1
illusory,1.26015,
postponement,1.26015,
maul,1.25955,
excel,1.25835,c1
trauma,1.25815,c1
versatility,1.25794,
verve,1.25794,
transmitter,1.25794,
distinguishable,1.25794,
drunkenly,1.25794,
fundamentalist,1.25794,c1
gentile,1.25794,
glamor,1.25794,
incisive,1.25794,
infrequent,1.25794,
ammo,1.25794,
coercion,1.25794,
conceptual,1.25794,c1
decor,1.25794,
pungent,1.25794,
microphone,1.25794,c1
modulation,1.25794,
phrasing,1.25794,
acquiesce,1.25744,
bludgeon,1.25744,
flagrant,1.25744,
punctured,1.25744,
june,1.25615,b1
slicker,1.25594,
adulthood,1.25594,c1
armored,1.25594,
grandiose,1.25594,
fad,1.25544,
exclaim,1.25514,c1
glean,1.25514,
handsomely,1.25514,
myrtle,1.25514,
contentment,1.25514,
grit,1.25494,c1
hops,1.25494,
deft,1.25394,
psychopath,1.25394,
manor,1.25274,
soggy,1.25274,
antithesis,1.25274,
aptitude,1.25274,
bandit,1.25274,
maria,1.25194,
accountable,1.25174,c1
awfulness,1.25074,
gusto,1.25074,
griffith,1.24994,
madonna,1.24994,
memphis,1.24994,
jacob,1.24994,
seattle,1.24994,
superman,1.24994,
veracity,1.24953,
zealously,1.24953,
boon,1.24953,
brevity,1.24953,
lemonade,1.24953,c1
breakwater,1.24903,
defraud,1.24903,
confound,1.24673,
maidservant,1.24673,
shroud,1.24673,c1
lamented,1.24673,
playhouse,1.24673,
poetical,1.24673,
seaside,1.24433,
grating,1.24232,
affront,1.24112,
bellowing,1.24112,
pageant,1.24112,
portentous,1.24112,
saviour,1.24062,
abstain,1.24062,
glossy,1.23912,
incremental,1.23722,
allege,1.23722,c1
banning,1.23722,
brucellosis,1.23722,
commercialization,1.23722,
conciliator,1.23722,
decelerate,1.23722,
kilowatt,1.23722,
metre,1.23722,
operable,1.23722,
pacemaker,1.23722,
unproductive,1.23722,
walkout,1.23722,
thermoplastic,1.23722,
retraction,1.23722,
sulfide,1.23722,
lovingly,1.23712,
sneer,1.23591,
reprisal,1.23501,
specialize,1.23501,c1
supporter,1.23501,b2
nutritional,1.23501,
oscillation,1.23501,
elaborated,1.23501,
focussed,1.23501,
bedding,1.23501,
constituency,1.23501,
counterattack,1.23501,
delineation,1.23501,
maturation,1.23501,
shrug,1.23301,b2
rascal,1.23271,
abounding,1.23271,
fabricated,1.23251,
expectancy,1.2323,
fiat,1.2323,
fullness,1.2323,
glibly,1.2323,
ignition,1.2323,
immobility,1.2323,
inhumane,1.2323,
alphabetical,1.2323,
antipathy,1.2323,
bestowal,1.2323,
completeness,1.2323,
crazily,1.2323,
descendants,1.2323,
despairingly,1.2323,
diagonal,1.2323,
woolen,1.2323,
carpentry,1.2323,
centralization,1.2323,
teaspoon,1.2323,b2
interlaced,1.2323,
irregularity,1.2323,
monopolize,1.2323,
nozzle,1.2323,
outgrow,1.2323,c1
plasticity,1.2323,
plumpness,1.2323,
rationalism,1.2323,
rebuff,1.2323,
secretarial,1.2323,
shyly,1.2323,
squatting,1.2323,
stucco,1.2323,
umber,1.2323,
unaided,1.2323,
ploughed,1.23221,
guild,1.2303,
agile,1.2298,
leon,1.22901,
comically,1.2283,
denouement,1.2283,
agonizing,1.2271,
detonation,1.2271,
novice,1.2271,c1
profundity,1.2271,
spotless,1.2271,
magnolia,1.2263,
tasteless,1.2263,
fictitious,1.2251,
infidelity,1.2251,
unrequited,1.2246,
cringe,1.2243,c1
beheaded,1.22429,
chaste,1.22429,
meekness,1.22429,
marbles,1.22389,
thoroughfare,1.22389,
abstracted,1.22389,
barricade,1.22389,c1
dispensation,1.22389,
elevation,1.22389,c1
forgetfulness,1.22389,
gravitation,1.22389,
rippling,1.22389,
rupture,1.22389,c1
villainous,1.2231,
revolting,1.22189,
inexcusable,1.22189,
flourishing,1.22139,
jarring,1.2211,
inordinate,1.22089,
affable,1.21989,
adored,1.21868,
freshly,1.21868,c1
impotent,1.21868,
tenement,1.21868,
preface,1.21868,
branching,1.21819,
cleft,1.21548,
limber,1.21548,
pallor,1.21548,
gourd,1.21548,
hostler,1.21548,
purport,1.21548,
rheumatic,1.21548,
stair,1.21548,b2
tambourine,1.21548,
blending,1.21348,
oriental,1.21348,
invalidate,1.21208,
monopolistic,1.21208,
oversubscribed,1.21208,
peroxide,1.21208,
ancillary,1.21208,
bottleneck,1.21208,
bovine,1.21208,
coercive,1.21208,
deceleration,1.21208,
discretionary,1.21208,
entrant,1.21208,
megawatt,1.21208,
transshipment,1.21208,
repayable,1.21208,
rescind,1.21208,
seedbed,1.21208,
stationery,1.21208,
apprehend,1.21027,
blueprint,1.21008,c1
deviate,1.21008,
unspectacular,1.21008,
verb,1.20987,c1
calisthenics,1.20987,
malnutrition,1.20987,
transpiring,1.20987,
radiator,1.20987,
rustler,1.20987,
strychnine,1.20987,
jocular,1.20987,
keynote,1.20987,
lavatory,1.20987,
lavishly,1.20987,
moderator,1.20987,
noisily,1.20987,
nonfiction,1.20987,
nymphomaniac,1.20987,
observational,1.20987,
pastry,1.20987,c1
possessive,1.20987,
dogmatism,1.20987,
embroidery,1.20987,
esoteric,1.20987,
ethos,1.20987,
humanism,1.20987,
accountability,1.20987,c1
asserting,1.20987,
beep,1.20987,c1
bereavement,1.20987,
birdie,1.20987,
cognac,1.20987,
concur,1.20987,
contraception,1.20987,
november,1.20808,b1
lineup,1.20787,c1
pip,1.20787,
precocious,1.20787,
psychopathic,1.20787,
artistry,1.20787,
virtuoso,1.20787,
insurmountable,1.20737,
spotting,1.20737,
groove,1.20737,c1
lawless,1.20707,
credulous,1.20707,
wretchedness,1.20707,
capstan,1.20707,
contemplative,1.20687,
molasses,1.20687,
nineties,1.20587,
accountant,1.20587,c1
epitome,1.20587,
flimsy,1.20587,
matchmaker,1.20587,
maroon,1.20466,
mutilated,1.20466,
overlapping,1.20466,
agility,1.20466,
bloodless,1.20466,
quart,1.20466,c1
undistinguished,1.20466,
sentimentality,1.20387,
fiance,1.20387,c1
perfidious,1.20366,
untied,1.20366,
antidote,1.20266,c1
bridget,1.20187,
mesmerizing,1.20187,
miscast,1.20187,
moronic,1.20187,
robinson,1.20187,
slater,1.20187,
goldberg,1.20187,
implausible,1.20187,
manhattan,1.20187,
martian,1.20187,
conjugal,1.20146,
ebony,1.20146,
assortment,1.20066,
wistful,1.19946,
grunt,1.19946,c1
cue,1.19866,b2
cloven,1.19865,
hallow,1.19865,
insensible,1.19865,
kinsman,1.19865,
lewdness,1.19865,
woollen,1.19865,
vivacious,1.19625,
chivalry,1.19625,
mistaking,1.19625,
foiled,1.19575,
sullenly,1.19304,
bewitched,1.19304,
broom,1.19304,
secluded,1.19104,
brazen,1.18784,
breakout,1.18714,
escalate,1.18714,c1
swiss,1.18714,c1
rationed,1.18694,
sawdust,1.18694,
itinerary,1.18694,
laminate,1.18694,
mobilization,1.18694,
organically,1.18694,
pamphlet,1.18694,
powdery,1.18694,
pronouncement,1.18694,
proviso,1.18694,
psyllium,1.18694,
unobtainable,1.18694,
fermentation,1.18694,
filibuster,1.18694,
inauguration,1.18694,
infinitesimal,1.18694,
simulation,1.18494,c1
discontented,1.18463,
feasting,1.18463,
affectation,1.18463,
conquering,1.18463,
ire,1.18463,
meddle,1.18463,
briefcase,1.18293,
animosity,1.18223,
raft,1.18223,c1
ominously,1.18223,
penniless,1.18223,
arid,1.18173,
bourgeois,1.18173,
squash,1.18173,c1
stifle,1.18173,c1
undisputed,1.18173,
uplift,1.18123,
pent,1.17943,
midsummer,1.17902,
unthinkable,1.17902,
virility,1.17902,
tortoise,1.17902,
revel,1.17902,
stallion,1.17902,
stringy,1.17902,
emphatically,1.17902,
ooze,1.17702,
winded,1.17702,
accomplice,1.17702,
diner,1.17623,c1
unintentional,1.17623,
griffin,1.17623,
hushed,1.17382,
vindictive,1.17382,
whim,1.17382,c1
timothy,1.17302,
vista,1.17061,
lengthen,1.17061,
liveliness,1.17061,
pivot,1.17061,c1
fruition,1.17061,
shrieking,1.16861,
mumbling,1.16861,
fraught,1.16811,
incongruous,1.1654,
indulging,1.1654,
intrepid,1.1654,
inundated,1.162,
bandwagon,1.162,
abdominal,1.16179,
acetone,1.16179,
adjudication,1.16179,
advisability,1.16179,
agglutination,1.16179,
amethystine,1.16179,
antiserum,1.16179,
antisubmarine,1.16179,
appraise,1.16179,
appropriation,1.16179,
argon,1.16179,
beatniks,1.16179,
blower,1.16179,
bronchiole,1.16179,
bronchus,1.16179,
clubhouse,1.16179,
communal,1.16179,
coolant,1.16179,
corrugated,1.16179,
cowhand,1.16179,
creamer,1.16179,
criminality,1.16179,
cross-sectional,1.16179,
cure-all,1.16179,
cushioning,1.16179,
cytoplasm,1.16179,
delinquency,1.16179,
denunciation,1.16179,
derby,1.16179,
derivation,1.16179,
dictum,1.16179,
diocesan,1.16179,
interferometer,1.16179,
interrelation,1.16179,
intoned,1.16179,
ionic,1.16179,
isotonic,1.16179,
kinesthetic,1.16179,
know-how,1.16179,
lexicostatistics,1.16179,
lignite,1.16179,
linearly,1.16179,
microscopy,1.16179,
nonmetallic,1.16179,
occluded,1.16179,
occupancy,1.16179,
old-time,1.16179,
one-fifth,1.16179,
onrush,1.16179,
organification,1.16179,
outmoded,1.16179,
overpayment,1.16179,
oyabun,1.16179,
parenchyma,1.16179,
passageway,1.16179,
pirouette,1.16179,
positivism,1.16179,
predisposition,1.16179,
prejudicial,1.16179,
propagandistic,1.16179,
unpaired,1.16179,
unstressed,1.16179,
untrammeled,1.16179,
urbanized,1.16179,
viscoelastic,1.16179,
wavelength,1.16179,
well-educated,1.16179,
well-kept,1.16179,
willy-nilly,1.16179,
xylem,1.16179,
year-round,1.16179,
celery,1.16179,
cell-free,1.16179,
madrigal,1.16179,
malocclusion,1.16179,
mechanization,1.16179,
tenable,1.16179,
tensely,1.16179,
tensile,1.16179,
three-quarters,1.16179,
titer,1.16179,
transcript,1.16179,c1
trenchant,1.16179,
tri-iodothyronine,1.16179,
discontinuity,1.16179,
dissociation,1.16179,
drive-in,1.16179,
drywall,1.16179,
elution,1.16179,
emphysema,1.16179,
entropy,1.16179,
equivalence,1.16179,
excitability,1.16179,
excitatory,1.16179,
experiential,1.16179,
explicable,1.16179,
face-saving,1.16179,
faro,1.16179,
favoritism,1.16179,
fender,1.16179,
first-rate,1.16179,
flat-bottomed,1.16179,
fluorescent,1.16179,
gage,1.16179,
gamma,1.16179,
gastrocnemius,1.16179,
gelding,1.16179,
globulin,1.16179,
good-bye,1.16179,c1
good-looking,1.16179,c1
good-natured,1.16179,
gravitational,1.16179,
hemoglobin,1.16179,
high-energy,1.16179,
high-speed,1.16179,
highball,1.16179,
hilar,1.16179,
homozygous,1.16179,
hospitalization,1.16179,
hydrochloride,1.16179,
ill-starred,1.16179,
incubation,1.16179,
individualistic,1.16179,
innings,1.16179,
quantitatively,1.16179,
re-examine,1.16179,
realtor,1.16179,
registrant,1.16179,
repertory,1.16179,
repository,1.16179,
repudiation,1.16179,
reread,1.16179,
rifleman,1.16179,
sag,1.16179,c1
salient,1.16179,
sauerkraut,1.16179,
sciatica,1.16179,
scoreboard,1.16179,
scouring,1.16179,
self-confidence,1.16179,
self-esteem,1.16179,c1
self-imposed,1.16179,
self-indulgence,1.16179,
self-respect,1.16179,
self-satisfaction,1.16179,
shingles,1.16179,
sine,1.16179,
skinless,1.16179,
slugger,1.16179,
snuggled,1.16179,
socialization,1.16179,
son-in-law,1.16179,
sounder,1.16179,
superimpose,1.16179,
supersonic,1.16179,
twenty-eight,1.16179,
twenty-six,1.16179,
uncharged,1.16179,
undepicted,1.16179,
unfettered,1.16179,
sacked,1.1615,
disarming,1.15979,
unemotional,1.15929,
discard,1.1588,c1
accrue,1.1583,
boneless,1.1583,
conciliation,1.1583,
dimmed,1.1583,
remit,1.1583,
unconvinced,1.1583,
macabre,1.15779,
jaded,1.15779,
peck,1.15779,
perky,1.15779,
winnings,1.15659,
drone,1.15659,b2
huddle,1.15659,c1
stepmother,1.15659,
subservient,1.15659,
colorless,1.15659,
dwindle,1.15609,
unqualified,1.15609,
dud,1.15579,
hockey,1.15579,c1
romp,1.15579,
unrecognizable,1.15459,
veronica,1.15379,
tracy,1.15379,
stigmata,1.15379,
lambert,1.15379,
louis,1.15379,
norman,1.15379,
arizona,1.15379,
broadway,1.15379,
clark,1.15379,
conrad,1.15379,
coppola,1.15379,
crichton,1.15379,
detroit,1.15379,
genetically,1.15379,c1
headlong,1.15379,
pervert,1.15379,
inwardly,1.15338,
lamplight,1.15338,
lullaby,1.15338,c1
nectar,1.15338,
observable,1.15338,
professedly,1.15338,
healthful,1.15338,
vegetation,1.15338,c1
redoubled,1.15338,
turret,1.15338,
alabaster,1.15338,
blighted,1.15338,
blister,1.15338,c1
confederacy,1.15338,
courteously,1.15338,
resounding,1.15138,
snobbish,1.15138,
spurned,1.15088,
impediment,1.15088,
muddled,1.15059,
frolic,1.14818,
glassy,1.14818,
incarnate,1.14818,
curl,1.14818,b2
timidity,1.14768,
revolve,1.14618,c1
rampart,1.14497,
shod,1.14497,
squire,1.14497,
stolidly,1.14497,
worsted,1.14497,
antiquity,1.14497,
artless,1.14497,
inured,1.14497,
lamentations,1.14497,
pert,1.14497,
draughts,1.14497,
gilded,1.14497,
incorruptible,1.14497,
archer,1.14418,
privy,1.14297,
lurk,1.13976,c1
resplendent,1.13976,
orient,1.13926,c1
jasper,1.13776,
knowledgeable,1.13686,c1
painstakingly,1.13686,
precept,1.13656,
purifying,1.13656,
quickness,1.13656,
speckled,1.13656,
filigree,1.13656,
glimmering,1.13656,
guiltless,1.13656,
indisposition,1.13656,
weaned,1.13656,
birthright,1.13656,
commendation,1.13656,
spotty,1.13636,
unneeded,1.13636,
precipitous,1.13586,
sweeten,1.13586,
savvy,1.13486,c1
jester,1.13456,
ante,1.13415,
dummy,1.13415,c1
infuriated,1.13415,
resentful,1.13415,
unimpressed,1.13415,
rallying,1.13365,
extricate,1.13365,
anchorage,1.13316,
mitigate,1.13316,
predator,1.13286,c1
introspective,1.13215,
quartet,1.13215,
heath,1.13135,
honours,1.13135,
egotism,1.13095,
entranced,1.13095,
etiquette,1.13095,c1
guttural,1.13095,
implacable,1.13095,
scoured,1.13095,
mantel,1.13095,
traceable,1.13095,
abeyance,1.13095,
crowing,1.13095,
detested,1.13095,
joiner,1.13095,
oiled,1.13095,
paradoxical,1.13095,
unsuspecting,1.13015,
mannered,1.13015,
wed,1.12895,
mysticism,1.12895,
obscene,1.12895,
ferocious,1.12895,c1
deacon,1.12895,
alternating,1.12845,
whisperer,1.12815,
spencer,1.12815,
fiancee,1.12815,
exhort,1.12815,
farthing,1.12815,
filthiness,1.12815,
genealogy,1.12815,
vial,1.12815,
whaler,1.12815,
chaff,1.12815,
mildness,1.12815,
nourish,1.12815,
aright,1.12815,
betimes,1.12815,
binnacle,1.12815,
convocation,1.12815,
quenched,1.12815,
spermaceti,1.12815,
twopence,1.12815,
unearthly,1.12815,
unsatisfied,1.12645,
senile,1.12574,
enlivened,1.12574,
deliberation,1.12574,
crutch,1.12524,c1
crocodile,1.12374,c1
ringed,1.12254,
swerve,1.12254,
maw,1.12254,
tinkling,1.12254,
mingle,1.12254,c1
wilder,1.12174,
kite,1.12054,c1
laborious,1.12054,
perverted,1.12054,
chestnut,1.11733,
hark,1.11533,
effectual,1.11412,
hoist,1.11412,
candour,1.11412,
skilful,1.11412,
trundle,1.11412,
anvil,1.11412,
backlash,1.11393,
kraft,1.11393,
opportunistic,1.11393,
overheated,1.11393,
realisation,1.11343,
taiwan,1.11193,
purposeful,1.11172,
savoring,1.11172,
adage,1.11172,
cobra,1.11172,c1
cocoon,1.11172,
crummy,1.11172,
diminutive,1.11172,
marina,1.11172,
fielding,1.11172,
gunman,1.11172,
homecoming,1.11172,
inexorably,1.11172,
introductory,1.11172,
kinship,1.11172,
literate,1.11172,
outback,1.11172,
overload,1.11172,c1
pare,1.11122,
horde,1.11122,
inconceivable,1.11072,
uphill,1.11072,c1
malevolent,1.10972,
hallmark,1.10972,
hunk,1.10972,c1
stein,1.10972,
ably,1.10972,
clique,1.10972,
nightmarish,1.10972,
unfeeling,1.10892,
wavering,1.10892,
tortuous,1.10851,
shooter,1.10851,c1
subscribed,1.10851,
hurl,1.10851,c1
bevy,1.10851,
conversational,1.10851,
corrupting,1.10851,
alleviation,1.10801,
booker,1.10772,
skit,1.10772,
perfunctory,1.10772,
thematic,1.10772,
buster,1.10722,
mathematician,1.10651,
assorted,1.10651,
courtship,1.10651,
rarity,1.10651,
ubiquitous,1.10651,
reno,1.10572,
irving,1.10572,
leary,1.10572,
mib,1.10572,
milton,1.10572,
morse,1.10572,
varsity,1.10572,
wesley,1.10572,
casper,1.10572,
dracula,1.10572,
gilbert,1.10572,
gimmick,1.10572,
brigand,1.10571,
tithe,1.10571,
thankless,1.10451,
passable,1.10451,
bookseller,1.10451,
wily,1.10331,
masquerade,1.1001,c1
acquitted,1.1001,
bellow,1.1001,c1
condescension,1.1001,
enveloping,1.1001,
rearing,1.1001,
pertain,1.1001,
articulation,1.0996,
shedding,1.0996,
steamer,1.0996,
iceberg,1.09931,
fray,1.09489,c1
simpleton,1.09489,
instantaneously,1.09489,
emptying,1.09169,
envious,1.09169,
hesitating,1.09169,
nosedive,1.09099,
slaughterhouse,1.09099,
ageing,1.09099,
snowfall,1.08879,
equip,1.08829,c1
insufferable,1.08648,
outdo,1.08608,
fixture,1.08608,c1
germ,1.08608,c1
hopelessness,1.08608,
rite,1.08608,c1
strapping,1.08608,
reinforcement,1.08558,c1
stipulate,1.08558,
wrinkle,1.08558,c1
wreckage,1.08408,
subversive,1.08408,
excruciating,1.08408,c1
humiliated,1.08408,
darts,1.08328,
aroma,1.08287,
balustrade,1.08287,
corkscrew,1.08287,
cunningly,1.08287,
deformity,1.08287,
rationalist,1.08287,
retrograde,1.08287,
ruefully,1.08287,
sinless,1.08287,
solicitor,1.08287,
steamship,1.08287,
storehouse,1.08287,
unavoidably,1.08287,
uncounted,1.08287,
undiminished,1.08287,
uselessly,1.08287,
utilitarian,1.08287,
veneration,1.08287,
vermilion,1.08287,
whitened,1.08287,
lioness,1.08287,
oration,1.08287,
dissension,1.08287,
inboard,1.08287,
titular,1.08208,
brag,1.08087,c1
overwhelm,1.08037,c1
wen,1.08008,
fulfilment,1.07987,
needlessly,1.07887,
alluring,1.07887,
bait,1.07887,c1
gable,1.07767,
ceremonial,1.07767,
ineffectual,1.07567,
heedless,1.07446,
vagabond,1.07446,
magnificence,1.07446,
alertness,1.07446,
cistern,1.07446,
clustering,1.07446,
cupboard,1.07446,c1
punctually,1.07446,
sable,1.07446,
suddenness,1.07446,
irresolute,1.07446,
prettily,1.07446,
steadfast,1.07196,
boisterous,1.06925,
dedicate,1.06876,b2
ancients,1.06605,
barbarous,1.06605,
besiege,1.06605,
breeches,1.06605,
coiled,1.06605,
complaisance,1.06605,
covet,1.06605,
cud,1.06605,
innermost,1.06605,
threshing,1.06605,
oblong,1.06605,
sensitively,1.06585,
silicone,1.06585,
speedboat,1.06585,
collectible,1.06585,
confederation,1.06585,
revoke,1.06535,
lopsided,1.06535,
hellish,1.06405,
brent,1.06385,
artfully,1.06364,
enthralling,1.06364,
hillbilly,1.06364,
hoodlum,1.06364,
rooster,1.06364,c1
showmanship,1.06364,
summarize,1.06364,c1
proficiency,1.06364,
programmer,1.06364,c1
prototype,1.06364,c1
keg,1.06315,
indecisive,1.06315,
thorny,1.06315,
veal,1.06265,
precipitate,1.06265,
abysmal,1.06164,
adjective,1.06164,
cluttered,1.06164,
quickie,1.06164,
resourceful,1.06164,
eerily,1.06164,
snowball,1.06114,
roughness,1.06044,
savory,1.06044,
slanted,1.06044,
stronghold,1.06044,
ardor,1.06044,
assail,1.06044,
boatman,1.06044,
venereal,1.06044,
vindicated,1.06044,
erudite,1.06044,
earl,1.05964,
empathy,1.05964,c1
fantasia,1.05964,
illogical,1.05964,
brash,1.05964,
soviet,1.05964,b2
unbelievably,1.05964,
longtime,1.05964,c1
penchant,1.05964,
offender,1.05844,c1
scarred,1.05844,
lien,1.05794,
klein,1.05764,
miraculously,1.05764,
montana,1.05764,
morrison,1.05764,
dylan,1.05764,
erin,1.05764,
han,1.05764,
harlem,1.05764,
harvey,1.05764,
hitman,1.05764,
hugo,1.05764,
believability,1.05764,
unsatisfying,1.05764,
carlyle,1.05764,
unwell,1.05764,
winepress,1.05764,
caw,1.05764,
epistle,1.05764,
imprudent,1.05764,
surety,1.05764,
laver,1.05764,
oarsman,1.05764,
privily,1.05764,
alms,1.05764,
consecrated,1.05764,
curate,1.05764,
recreate,1.05644,
horned,1.05644,
outcast,1.05644,
ramble,1.05523,
workmanlike,1.05523,
contagion,1.05523,
dodging,1.05523,
inanimate,1.05523,
humid,1.05473,
spirituality,1.05323,c1
regularity,1.05203,
spruce,1.05203,c1
unaccountably,1.05203,
festive,1.05203,
follies,1.05203,
immeasurable,1.05203,
infinity,1.05203,
instinctive,1.05203,
moonlit,1.05203,
pantomime,1.05203,
measles,1.05203,
balmy,1.05203,
blithe,1.05203,
bridal,1.05203,
conveniences,1.05203,
crater,1.05203,
fated,1.05123,
misconduct,1.04632,
wrongfully,1.04482,
verdant,1.04361,
maimed,1.04361,
diseased,1.04361,
frosty,1.04361,c1
ineffable,1.04361,
shamed,1.04361,
adorn,1.04361,
joyously,1.04361,
judicious,1.04361,
lightness,1.04361,
mu,1.04292,
recoup,1.04292,
redistribution,1.04292,
convergence,1.04292,
vengeful,1.04161,
droll,1.04161,
hitter,1.04071,c1
seafood,1.04071,
unenthusiastic,1.04071,
sacking,1.04021,
thwarting,1.04021,
jealously,1.04021,
inflate,1.04021,
unravel,1.03871,c1
tidal,1.03871,
rampage,1.03871,
rector,1.038,
snag,1.038,c1
ultimatum,1.038,
unhurried,1.038,
expansiveness,1.038,
heyday,1.038,
assemblage,1.038,
bedtime,1.038,c1
confining,1.038,
intimidated,1.038,
lenient,1.038,
persuasively,1.038,
knotty,1.03751,
precipitating,1.03751,
preside,1.03751,
prod,1.03751,
doggedly,1.03751,
seniority,1.03751,
cognizant,1.03751,
baron,1.036,c1
cryptic,1.036,
captivated,1.036,
materialistic,1.036,
recite,1.036,c1
ticking,1.0355,
alacrity,1.0352,
indignantly,1.0352,
milky,1.0352,
scrupulous,1.0352,
sunlit,1.0352,
caper,1.034,
prank,1.034,c1
perplexing,1.0328,
reprehensible,1.0328,
squadron,1.0328,
fiddle,1.0328,c1
congratulatory,1.0328,
complacent,1.0323,
holly,1.032,c1
unoriginal,1.032,
wreak,1.0308,
replete,1.0308,
stifling,1.02959,
transcendent,1.02959,
haggard,1.02959,
hive,1.02959,c1
unmanageable,1.02909,
lastly,1.02759,
levity,1.02759,
wrenching,1.02759,
saucy,1.02439,
sneering,1.02439,
perceptible,1.02439,
fret,1.02118,c1
comer,1.02118,
honeycomb,1.02068,
labouring,1.02068,
leftist,1.01778,
motivate,1.01778,b2
indemnify,1.01728,
acquirer,1.01728,
constable,1.01597,
monday,1.01578,b1
juxtaposition,1.01557,
lifelike,1.01557,
orchestral,1.01557,
pa,1.01557,
pastel,1.01557,c1
personalized,1.01557,
personification,1.01557,
pillage,1.01557,
proctor,1.01557,
arcade,1.01557,
clientele,1.01557,
detector,1.01557,c1
cadre,1.01557,
chambermaid,1.01557,
humanist,1.01557,c1
inadequacy,1.01557,
incite,1.01557,
indeterminate,1.01557,
inflection,1.01557,
reputedly,1.01557,
simmer,1.01557,
unconditionally,1.01507,
welding,1.01507,
ironed,1.01507,
commemorate,1.01507,
disarray,1.01507,
elaboration,1.01507,
endowment,1.01507,
epiphany,1.01357,
expertly,1.01357,
impersonation,1.01357,
poignancy,1.01357,
underdog,1.01357,
voodoo,1.01357,c1
woefully,1.01357,
amusingly,1.01357,
befuddled,1.01357,
biologist,1.01357,c1
devastation,1.01357,
grieve,1.01277,c1
infuse,1.01257,
pronged,1.01257,
laudanum,1.01236,
lengthening,1.01236,
precede,1.01236,c1
proscription,1.01236,
dispassionately,1.01236,
emaciated,1.01236,
encampment,1.01236,
exclusiveness,1.01236,
flowered,1.01236,
frayed,1.01236,
rattlesnake,1.01236,
restful,1.01236,
sheepskin,1.01236,
slant,1.01236,c1
sobering,1.01236,
sonnet,1.01236,
sprawl,1.01236,c1
trouser,1.01236,
unaccompanied,1.01236,
acquaint,1.01236,c1
batten,1.01236,
circumspect,1.01236,
clot,1.01236,c1
colonnade,1.01236,
conjoined,1.01236,
consumptive,1.01236,
westerly,1.01236,
campaigning,1.01236,
threadbare,1.01236,
threaded,1.01236,
transact,1.01236,
transcribed,1.01236,
trill,1.01236,
whimsical,1.01157,
playboy,1.01157,
feminist,1.01157,b2
dominating,1.01036,
domineering,1.01036,
deathbed,1.01036,
angst,1.00957,
apollo,1.00957,
bruno,1.00957,
jerome,1.00957,
jock,1.00957,
kudos,1.00957,
laughably,1.00957,
overacting,1.00957,
rounders,1.00957,
venice,1.00957,
throwaway,1.00957,
dutch,1.00957,c1
europe,1.00957,
goo,1.00957,
unknowingly,1.00836,
askew,1.00836,
appalled,1.00716,
pursuer,1.00716,
falcon,1.00716,
mastering,1.00666,
despicable,1.00636,
conjure,1.00516,c1
goldsmith,1.00516,
emphatic,1.00395,
grazed,1.00395,
immemorial,1.00395,
untie,1.00395,c1
canopy,1.00395,
matchless,1.00395,
meekly,1.00395,
recitative,1.00395,
refreshment,1.00395,
smallness,1.00395,
sodden,1.00395,
sombre,1.00395,
tumbler,1.00395,
turban,1.00395,
undressed,1.00395,
judiciously,1.00395,
lordly,1.00395,
outspread,1.00395,
benediction,1.00395,
chide,1.00395,
dirge,1.00395,
waltz,1.00195,c1
patriarch,1.00195,
barb,0.999951,
artful,0.998745,
talker,0.998745,
footed,0.998246,
impudence,0.995539,
scissors,0.995539,c1
unceasing,0.995539,
unconquerable,0.995539,
unluckily,0.995539,
clamorous,0.995539,
livid,0.995539,
nourishment,0.995539,
parchment,0.995539,
psalm,0.995539,
wrest,0.995539,
burnished,0.995539,
temperance,0.995539,
utilised,0.994844,
vegetative,0.994844,
guideline,0.994844,b2
roasting,0.994844,
streamline,0.994844,
tailspin,0.994844,
turnabout,0.994844,
negotiable,0.994844,
provider,0.994844,b2
irreversible,0.992636,
flavoring,0.992636,
appropriateness,0.992636,
unprotected,0.992636,
spate,0.992636,
roost,0.992137,
sequestration,0.992137,
stipulation,0.992137,
avalanche,0.992137,
commons,0.992137,
leakage,0.992137,
facsimile,0.992137,
healthier,0.992137,
unofficially,0.992137,
unreservedly,0.992137,
vacate,0.992137,
jittery,0.990636,
inveterate,0.98993,
irresponsibility,0.98993,
keyed,0.98993,
militarism,0.98993,
nestled,0.98993,
painless,0.98993,
teasing,0.98993,
secondarily,0.98993,
stupendous,0.98993,
truism,0.98993,
undisturbed,0.98993,
universality,0.98993,
abortive,0.98993,
allegorical,0.98993,
apprehensively,0.98993,
diffusing,0.98993,
dismaying,0.98993,
dully,0.98993,
excavation,0.98993,
follower,0.98993,b2
goaded,0.98993,
honorably,0.98993,
idealist,0.98993,
incandescent,0.98993,
superstar,0.988635,c1
pawn,0.987929,c1
culprit,0.987929,
acorn,0.987127,
blockhead,0.987127,
colouring,0.987127,
sapphire,0.987127,
shoemaker,0.987127,
sickle,0.987127,
flowery,0.987127,
tremulous,0.987127,
oppressor,0.987127,
duds,0.985929,
frenzied,0.985929,
unbeknownst,0.985929,
unimaginative,0.985929,
doting,0.984723,
drawl,0.984723,
haphazard,0.984723,
archbishop,0.984723,
buckwheat,0.984224,
scapegoat,0.984224,
headway,0.983725,
tamed,0.983725,
unfaithful,0.982723,
repute,0.981517,
restlessness,0.981517,
rue,0.981517,
sinewy,0.981517,
successively,0.981517,
wedged,0.981517,
cadence,0.981517,
traverse,0.981517,
avarice,0.981517,
dilate,0.981517,
naivete,0.981517,
notched,0.981517,
physiology,0.981517,
plume,0.981517,
professing,0.981517,
fatigues,0.981517,
feverishly,0.981517,
scoundrel,0.979517,
disgraced,0.976311,
inquisitive,0.976311,
dexterity,0.976311,
betrothed,0.973105,
imperfection,0.973105,
sneezing,0.973105,
sup,0.973105,
vehemently,0.973105,
thicket,0.973105,
jot,0.973105,c1
ousting,0.969703,
reiterate,0.969703,
retrieval,0.969703,
rift,0.969703,
showpiece,0.969703,
stalling,0.969703,
abbreviated,0.969703,
adamantly,0.969703,
cohesiveness,0.969703,
disqualified,0.969703,
dissenting,0.969703,
flatten,0.969703,c1
acquit,0.967899,
anthology,0.967495,
aviator,0.967495,
betterment,0.967495,
biceps,0.967495,
bleakly,0.967495,
debutante,0.967495,
deviant,0.967495,
disprove,0.967495,
dissection,0.967495,
downpour,0.967495,
emblematic,0.967495,
exodus,0.967495,
extrapolation,0.967495,
fielder,0.967495,
genesis,0.967495,
idealism,0.967495,
impressionist,0.967495,
institutionalized,0.967495,
interchangeable,0.967495,
looting,0.967495,
microcosm,0.967495,
modernized,0.967495,
outfield,0.967495,
outpost,0.967495,
oversimplification,0.967495,
patronized,0.967495,
phonograph,0.967495,
pubescent,0.967495,
rearrange,0.967495,c1
reflex,0.967495,c1
roundup,0.967495,
scouting,0.967495,
stratum,0.967495,
summation,0.967495,
supervising,0.967495,
synonym,0.967495,
voluminous,0.967495,
wryly,0.967495,
yesteryear,0.967495,
camouflage,0.967495,c1
maladjusted,0.967495,
melee,0.967495,
totality,0.966996,
intensifying,0.966996,
interregnum,0.966996,
muddied,0.966996,
ballast,0.966996,
congested,0.966996,
convening,0.966996,
dampness,0.966996,
durability,0.966996,
formalities,0.966996,
inadequately,0.966996,
recessed,0.966996,
skeet,0.965495,
blissfully,0.965495,
blob,0.965495,
calibre,0.965495,
insomnia,0.965495,
misstep,0.965495,
nun,0.965495,c1
infuriating,0.965495,
balm,0.964693,
coyote,0.963494,c1
undeniably,0.963494,
lifelong,0.963494,c1
dazzled,0.962289,
drummer,0.962289,c1
thunderous,0.962289,
treasured,0.962289,
tripping,0.962289,
uncontrollable,0.962289,
unwitting,0.96179,
vega,0.961494,
willard,0.961494,
burbank,0.961494,
toronto,0.961494,
einstein,0.961494,
ireland,0.961494,
jenny,0.961494,
mobster,0.961494,
morris,0.961494,
palmer,0.961494,
aaron,0.961494,
beck,0.961494,
cinque,0.961494,
columbia,0.961494,
denver,0.961494,
scottish,0.961494,
committal,0.96129,
aimlessly,0.960289,
astronomer,0.960289,c1
clockwork,0.960289,
legion,0.959083,c1
ostentatious,0.959083,
wearisome,0.959083,
expel,0.959083,c1
harnessed,0.959083,
reprieve,0.959083,
shipwreck,0.959083,
snugly,0.959083,
unconnected,0.959083,
untoward,0.958584,
dented,0.958584,
greenwood,0.958288,
effeminate,0.957083,
sexton,0.957083,
pathos,0.957083,
stacks,0.953877,
bog,0.953877,c1
beetle,0.953377,
bewitching,0.950671,
valiantly,0.950671,
fatality,0.950671,
serenely,0.950671,
unfathomable,0.950671,
rationalise,0.946769,
reactivate,0.946769,
reassessment,0.946769,
reclassify,0.946769,
reevaluate,0.946769,
reinstatement,0.946769,
resell,0.946769,
reshuffle,0.946769,
runup,0.946769,
shipbuilder,0.946769,
subscriber,0.946769,c1
sulphide,0.946769,
uncollected,0.946769,
uncorrected,0.946769,
unregulated,0.946769,
utilisation,0.946769,
butadiene,0.946769,
caesium,0.946769,
maximise,0.946769,
telemarketing,0.946769,
insolvent,0.946769,
instil,0.946769,
kenaf,0.946769,
kilobit,0.946769,
lessor,0.946769,
liquidate,0.946769,
midafternoon,0.946769,
monetarist,0.946769,
nonresidential,0.946769,
oat,0.946769,
oilman,0.946769,
ophthalmic,0.946769,
outbid,0.946769,
oversupply,0.946769,
overvaluation,0.946769,
paperboard,0.946769,
penalize,0.946769,
agronomist,0.946769,
alloyed,0.946769,
amortisation,0.946769,
avian,0.946769,
chloramphenicol,0.946769,
compulsorily,0.946769,
curtailment,0.946769,
declaratory,0.946769,
denationalisation,0.946769,
earner,0.946769,
envisage,0.946769,
erasable,0.946769,
erode,0.946769,
exacerbate,0.946769,
fabricator,0.946769,
finalise,0.946769,
finalization,0.946769,
flagship,0.946769,
flotilla,0.946769,
gp,0.946769,
healthcare,0.946769,
inflammatory,0.946769,
leopard,0.945464,
paternal,0.945464,
warring,0.945464,
permanence,0.944562,
rebuttal,0.944562,
amass,0.944562,
detachable,0.944562,
weaponry,0.942561,
bullying,0.942561,c1
mane,0.942258,
tempestuous,0.942258,
adoration,0.942258,
godmother,0.942258,
discontinuous,0.941855,
disregarding,0.941855,
dynastic,0.941855,
fascinate,0.941855,c1
foamy,0.941855,
forage,0.941855,
furor,0.941855,
generality,0.941855,
heredity,0.941855,
immanent,0.941855,
incitement,0.941855,
individualist,0.941855,
infliction,0.941855,
acacia,0.941855,
accretion,0.941855,
aflame,0.941855,
aorta,0.941855,
blithely,0.941855,
boatswain,0.941855,
brackish,0.941855,
bristle,0.941855,c1
deductive,0.941855,
derrick,0.941855,
diarrhoea,0.941855,
instructive,0.941855,
jurisprudence,0.941855,
laity,0.941855,
louse,0.941855,
nip,0.941855,c1
patter,0.941855,
pawnshop,0.941855,
perforated,0.941855,
phraseology,0.941855,
pickled,0.941855,
poncho,0.941855,
preamble,0.941855,
preparative,0.941855,
prophetically,0.941855,
vagueness,0.941855,
virulence,0.941855,
wakefulness,0.941855,
carpeted,0.941855,
tethered,0.941855,
topography,0.941855,
ransacked,0.941855,
ruffled,0.941855,
saucepan,0.941855,
sinfulness,0.941855,
slanderer,0.941855,
slipper,0.941855,c1
spaciousness,0.941855,
turquoise,0.941855,
unhesitatingly,0.941855,
lin,0.940561,
goldman,0.940561,
dogged,0.939855,
angelic,0.939855,
bereft,0.939855,
chiseled,0.939855,
craze,0.939855,
waterfall,0.939855,c1
predominant,0.939355,
mediocrity,0.937854,
tornado,0.937854,c1
fern,0.937854,
divinity,0.936649,
energetically,0.936649,
flirtation,0.936649,
shapely,0.936649,
irreverent,0.936649,
bellows,0.936649,
consenting,0.936149,
fallow,0.936149,
brainless,0.935854,
pairing,0.935854,
notoriety,0.934648,
visionary,0.934149,
chastisement,0.933443,
laboriously,0.933443,
lattice,0.933443,
nautical,0.933443,
nestling,0.933443,
perusal,0.933443,
profuse,0.933443,
propitious,0.933443,
disinclination,0.933443,
emboldened,0.933443,
foal,0.933443,
glint,0.933443,c1
hearer,0.933443,
housework,0.933443,
hovel,0.933443,
rump,0.933443,
unheeded,0.933443,
uniting,0.933443,
aloes,0.933443,
banded,0.933443,
bordered,0.933443,
clatter,0.933443,c1
demoniac,0.933443,
rosemary,0.932648,
robed,0.928236,
tropics,0.928236,
feebly,0.928236,
thoughtfulness,0.928236,
offending,0.928236,
rigour,0.927737,
sloop,0.92503,
invariable,0.92503,
jocund,0.92503,
musing,0.92503,
obliquely,0.92503,
parsonage,0.92503,
partaker,0.92503,
peculiarity,0.92503,
perpendicularly,0.92503,
perturbation,0.92503,
ware,0.92503,
wretch,0.92503,
madhouse,0.92503,
thirtieth,0.92503,
droop,0.92503,
fastening,0.92503,
graze,0.92503,
hesitatingly,0.92503,
immovable,0.92503,
impropriety,0.92503,
brigade,0.92503,c1
childless,0.92503,
cleric,0.92503,
consecration,0.92503,
cosy,0.92503,
balk,0.92303,
antibiotic,0.921628,c1
crucially,0.921628,
deepen,0.921628,c1
denuded,0.921628,
detente,0.921628,
callable,0.921628,
casein,0.921628,
chairmanship,0.921628,
tripartite,0.921628,
quartz,0.921628,
reestablish,0.921628,
reexamine,0.921628,
renewable,0.921628,c1
renunciation,0.921628,
ringside,0.921628,
skate,0.921628,b2
subversion,0.921628,
undamaged,0.921628,
opprobrium,0.921628,
overburden,0.921628,
paging,0.921628,
pfennig,0.921628,
polymer,0.921628,
distiller,0.921628,
doldrums,0.921628,
electorate,0.921628,
electrolysis,0.921628,
emigration,0.921628,
expansionist,0.921628,
gob,0.921628,
haulage,0.921628,
hurdles,0.921628,
hoary,0.919824,
aggravating,0.919627,
appeasement,0.91942,
arousal,0.91942,
authorship,0.91942,
axiomatic,0.91942,
bathrobe,0.91942,
bawdy,0.91942,
bel,0.91942,
bop,0.91942,
broadside,0.91942,
brocade,0.91942,
childbirth,0.91942,
churchgoing,0.91942,
collegiate,0.91942,
compulsively,0.91942,
conformist,0.91942,
contorted,0.91942,
coop,0.91942,
correlate,0.91942,c1
correlated,0.91942,
defenseless,0.91942,
dramatize,0.91942,
duffel,0.91942,
dulled,0.91942,
epicenter,0.91942,
equating,0.91942,
footnote,0.91942,c1
fussy,0.91942,
gadfly,0.91942,
golfer,0.91942,
grapevine,0.91942,
headmaster,0.91942,
hindsight,0.91942,
homemaker,0.91942,
radioactivity,0.91942,
rancor,0.91942,
relativity,0.91942,
retardation,0.91942,
retinal,0.91942,
roadblock,0.91942,
sadism,0.91942,
schema,0.91942,
schematic,0.91942,
senatorial,0.91942,
septic,0.91942,
shin,0.91942,c1
showman,0.91942,
slovenly,0.91942,
squinting,0.91942,
stub,0.91942,
stubby,0.91942,c1
summertime,0.91942,
surreptitiously,0.91942,
twinge,0.91942,
unabashed,0.91942,
unawareness,0.91942,
uncritical,0.91942,
understandingly,0.91942,
undisciplined,0.91942,
unfitting,0.91942,
unskilled,0.91942,
ventricle,0.91942,
watchdog,0.91942,
watershed,0.91942,
cabana,0.91942,
calibrated,0.91942,
carping,0.91942,
cartoonist,0.91942,
centennial,0.91942,
maleness,0.91942,
masseur,0.91942,
maximal,0.91942,
telegraphic,0.91942,
traditionalist,0.91942,
translucent,0.91942,
instructional,0.91942,c1
lilting,0.91942,
linkage,0.91942,
looted,0.91942,
lurch,0.91942,
meteorological,0.91942,
millimeter,0.91942,
nausea,0.91942,c1
neutrality,0.91942,
objectively,0.91942,
omelet,0.91942,
parallelism,0.91942,
pecs,0.91942,
pitfall,0.91942,
postulate,0.91942,
predetermined,0.91942,
profusely,0.91942,
mythic,0.91742,
orphaned,0.91742,
otherworldly,0.91742,
professionalism,0.91742,
starlet,0.91742,
unimpressive,0.91742,
crass,0.91742,
downtrodden,0.91742,
ferociously,0.91742,
painstaking,0.916921,
typhoon,0.916921,
unrelenting,0.916921,
vigour,0.916618,
wilful,0.916618,
censer,0.916618,
chapiter,0.916618,
monomaniac,0.916618,
psaltery,0.916618,
baronet,0.916618,
buckler,0.916618,
consecrate,0.916618,
impalpable,0.916618,
quiver,0.916618,
sympathise,0.916422,
trivia,0.91542,
inspirational,0.91542,c1
epilogue,0.91542,
gleefully,0.91542,
heartbreak,0.91542,c1
henchman,0.91542,
homicidal,0.91542,
gulp,0.914214,c1
transcendental,0.914214,
rouge,0.914214,
insidious,0.914214,
loin,0.913715,
jericho,0.913419,
kaufman,0.913419,
lolita,0.913419,
na,0.913419,
nina,0.913419,
nixon,0.913419,
powell,0.913419,
pullman,0.913419,
videotape,0.913419,c1
celluloid,0.913419,
mann,0.913419,
arab,0.913419,b2
bergman,0.913419,
bernard,0.913419,
brady,0.913419,
brooklyn,0.913419,
cisco,0.913419,
hotshot,0.913419,
indie,0.913419,
seedy,0.913419,
surrogate,0.913419,
tunney,0.913419,
quelled,0.913216,
ruining,0.912214,
sarcasm,0.912214,c1
truthful,0.912214,
scorned,0.911008,
shakily,0.911008,
surly,0.911008,
articulated,0.911008,
lasso,0.911008,
downcast,0.911008,
graver,0.911008,
inclement,0.911008,
enticing,0.909008,
undecided,0.908509,
tingle,0.907008,
retrospective,0.905802,
cripple,0.905802,c1
enlighten,0.905802,c1
excusable,0.905802,
drowsy,0.902596,
edifying,0.902596,
grope,0.902596,
avaricious,0.902596,
corporeal,0.902596,
unquestionable,0.902596,
wildness,0.902596,
trumpeter,0.902596,
undaunted,0.902596,
officious,0.902596,
overseer,0.902596,
audacious,0.900596,
arctic,0.89739,c1
accredited,0.896487,
aggressor,0.896487,
applicability,0.896487,
archives,0.896487,
aspirant,0.896487,
asymmetric,0.896487,
benzene,0.896487,
brochure,0.896487,
concretely,0.896487,
congestive,0.896487,
debs,0.896487,
decry,0.896487,
diagnosing,0.896487,
dioxide,0.896487,c1
intractable,0.896487,
lymph,0.896487,
misalignment,0.896487,
mollify,0.896487,
noncommittal,0.896487,
nutrient,0.896487,c1
obstructionist,0.896487,
orally,0.896487,
patio,0.896487,c1
pulverized,0.896487,
disbursement,0.896487,
disproportionate,0.896487,
dogmatically,0.896487,
engender,0.896487,
epoxy,0.896487,
externally,0.896487,
flaxseed,0.896487,
formalize,0.896487,
formalized,0.896487,
glycol,0.896487,
greening,0.896487,
gypsum,0.896487,
inapplicable,0.896487,
inexact,0.896487,
unpatriotic,0.896487,
unsaturated,0.896487,
xenophobia,0.896487,
yardstick,0.896487,
byproduct,0.896487,
carbide,0.896487,
materiel,0.896487,
questioner,0.896487,
racetrack,0.896487,
rancorous,0.896487,
reappraisal,0.896487,
recalcitrant,0.896487,
redistributed,0.896487,
refuel,0.896487,
selectively,0.896487,
sensitized,0.896487,
unheated,0.896487,
quibble,0.894486,
rubble,0.894486,
implant,0.894486,c1
anemic,0.894486,
bothersome,0.894486,
technologically,0.894486,
unrighteous,0.894184,
unsuspected,0.894184,
ensign,0.894184,
spar,0.894184,
splendour,0.894184,
apprehensive,0.894184,
ardour,0.894184,
crux,0.89178,
veer,0.89178,
tediously,0.89178,
interrogation,0.89178,c1
sensuous,0.89178,
weathered,0.890781,
tinker,0.890781,c1
vacuous,0.889779,
marvelously,0.889779,
distraught,0.889779,
hypnotic,0.889779,
bodyguard,0.889779,
aback,0.888574,
acquittal,0.888574,
belching,0.888574,
complimentary,0.888574,
cowardice,0.888574,
crackle,0.888574,c1
crave,0.888574,c1
disdainful,0.888574,
fervently,0.888574,
rumpled,0.888574,
venom,0.888574,
meditative,0.888574,
lapping,0.888574,
outburst,0.888574,
plaintive,0.888574,
forging,0.888075,
unsightly,0.888075,
centrifugal,0.888075,
absurdly,0.886573,
inmate,0.886573,c1
unintelligible,0.883368,
mason,0.881367,
deceiver,0.881367,
archery,0.880162,
recess,0.880162,c1
oblique,0.880162,
faultless,0.880162,
garland,0.880162,
gush,0.880162,
obstinacy,0.879662,
maine,0.878161,
treachery,0.874955,
covetous,0.871749,
dewy,0.871749,
cryogenic,0.871553,
secretive,0.871553,
puncher,0.871346,
purposive,0.871346,
radiochlorine,0.871346,
rebelliously,0.871346,
recitation,0.871346,
rectifier,0.871346,
redeposition,0.871346,
relativistic,0.871346,
resistor,0.871346,
resorcinol,0.871346,
reticulate,0.871346,
rightfield,0.871346,
riverbank,0.871346,
roiling,0.871346,
rotunda,0.871346,
roughcast,0.871346,
roundhead,0.871346,
saleslady,0.871346,
salve,0.871346,
schematically,0.871346,
seacoast,0.871346,
segregationist,0.871346,
self-appointed,0.871346,
self-confident,0.871346,
self-consciously,0.871346,
self-control,0.871346,
self-defense,0.871346,
self-destruction,0.871346,
self-destructive,0.871346,
self-pity,0.871346,
self-reliant,0.871346,
self-sufficient,0.871346,
sensor,0.871346,c1
settler,0.871346,c1
shakers,0.871346,
shanty,0.871346,
shipper,0.871346,
short-lived,0.871346,
short-run,0.871346,
shrilly,0.871346,
shriveled,0.871346,
skullcap,0.871346,
slaked,0.871346,
so-so,0.871346,
socialistic,0.871346,
socialized,0.871346,
socioeconomic,0.871346,c1
sourly,0.871346,
spectroscopy,0.871346,
sportswriter,0.871346,
stasis,0.871346,
stepwise,0.871346,
sub-interval,0.871346,
subjugation,0.871346,
subspecies,0.871346,
suggestibility,0.871346,
supra,0.871346,
tablespoonful,0.871346,
tailor-made,0.871346,
take-up,0.871346,
twenty-first,0.871346,
twirler,0.871346,
typhus,0.871346,
typicality,0.871346,
typography,0.871346,
tyrosine,0.871346,
ultracentrifugation,0.871346,
ultracentrifuge,0.871346,
uncommitted,0.871346,
underprivileged,0.871346,
unlined,0.871346,
acetonemia,0.871346,
adjectival,0.871346,
advocacy,0.871346,c1
aerosolized,0.871346,
agglomeration,0.871346,
airmail,0.871346,
algebraically,0.871346,
all-time,0.871346,c1
allocable,0.871346,
anachronism,0.871346,
anti-intellectual,0.871346,
armhole,0.871346,
arroyo,0.871346,
arteriolar,0.871346,
asphalt,0.871346,
aspirin,0.871346,
astrophysics,0.871346,
atrophic,0.871346,
autofluorescence,0.871346,
autoloader,0.871346,
backstitch,0.871346,
behavioral,0.871346,c1
biochemical,0.871346,
birefringence,0.871346,
blue-eyed,0.871346,
blue-green,0.871346,
bombproof,0.871346,
botany,0.871346,
bricklaying,0.871346,
bristled,0.871346,
broad-brimmed,0.871346,
bronc,0.871346,
built-in,0.871346,
choreographic,0.871346,
chromatographic,0.871346,
ciliated,0.871346,
cinch,0.871346,
citizenry,0.871346,
clockwise,0.871346,
cloudburst,0.871346,
coefficient,0.871346,c1
collagen,0.871346,
collusion,0.871346,
colonialism,0.871346,
conformation,0.871346,
congruent,0.871346,
connective,0.871346,
consonant,0.871346,
constriction,0.871346,
cortical,0.871346,
crystallization,0.871346,
cupful,0.871346,
curbside,0.871346,
custodian,0.871346,
day-by-day,0.871346,
day-to-day,0.871346,c1
decimal,0.871346,
deep-set,0.871346,
defensible,0.871346,
democratize,0.871346,
demography,0.871346,
demoralize,0.871346,
deposition,0.871346,
detergency,0.871346,
diethylstilbestrol,0.871346,
differentiable,0.871346,
dilatation,0.871346,
dimensioning,0.871346,
dinnertime,0.871346,
dispersion,0.871346,
disunity,0.871346,
doctrinal,0.871346,
doorknob,0.871346,
downwind,0.871346,
ecliptic,0.871346,
economize,0.871346,
eighty-three,0.871346,
elongation,0.871346,
endogamy,0.871346,
enzymatic,0.871346,
epileptic,0.871346,
epistemology,0.871346,
esplanade,0.871346,
esthetic,0.871346,
esthetics,0.871346,
exacerbation,0.871346,
extenuating,0.871346,
eyeglasses,0.871346,
face-to-face,0.871346,c1
falsity,0.871346,
floc,0.871346,
flyer,0.871346,c1
folksy,0.871346,
foraging,0.871346,
forearm,0.871346,
forty-nine,0.871346,
forty-seven,0.871346,
fossilized,0.871346,
foyer,0.871346,
freehand,0.871346,
fuzz,0.871346,
geology,0.871346,
glossary,0.871346,
glottochronological,0.871346,
goitre,0.871346,
good-by,0.871346,
grant-in-aid,0.871346,
gray-haired,0.871346,
grille,0.871346,
half-dozen,0.871346,
half-hearted,0.871346,
handclasp,0.871346,
hardtack,0.871346,
hexameter,0.871346,
high-level,0.871346,
high-spirited,0.871346,
hollering,0.871346,
homesick,0.871346,
horsemanship,0.871346,
hydrocarbon,0.871346,
i.d.,0.871346,
icebox,0.871346,
ill-conceived,0.871346,
impinge,0.871346,
imprecisely,0.871346,
incomparably,0.871346,
indexing,0.871346,
indiscriminate,0.871346,
inertial,0.871346,
inflected,0.871346,
up-to-date,0.871346,
upholstery,0.871346,
valve,0.871346,c1
variability,0.871346,
vascular,0.871346,
vaulting,0.871346,
vertebral,0.871346,
vociferous,0.871346,
waspish,0.871346,
weatherproof,0.871346,
well-defined,0.871346,
well-fed,0.871346,
well-made,0.871346,
well-meaning,0.871346,
whir,0.871346,
wide-ranging,0.871346,
winder,0.871346,
working-class,0.871346,
wrangler,0.871346,
yellow-green,0.871346,
by-product,0.871346,
cadenza,0.871346,
caloric,0.871346,
calving,0.871346,
canto,0.871346,
categorical,0.871346,
catsup,0.871346,
checklist,0.871346,
many-sided,0.871346,
marksmanship,0.871346,
tangency,0.871346,
telegrapher,0.871346,
telepathy,0.871346,
thermocouple,0.871346,
thermometry,0.871346,
thiouracil,0.871346,
thirty-six,0.871346,
thirty-two,0.871346,
time-honored,0.871346,
toner,0.871346,
township,0.871346,
transmutation,0.871346,
transpiration,0.871346,
triamcinolone,0.871346,
insularity,0.871346,
intercollegiate,0.871346,
interplanetary,0.871346,
intima,0.871346,
introject,0.871346,
inviolate,0.871346,
iodinating,0.871346,
ionized,0.871346,
ionosphere,0.871346,
isotropic,0.871346,
jejunum,0.871346,
junta,0.871346,
jurisdictional,0.871346,
jurist,0.871346,
kedgeree,0.871346,
kerygma,0.871346,
kitchenette,0.871346,
landscaped,0.871346,
lather,0.871346,
layman,0.871346,
left-handed,0.871346,
literalness,0.871346,
lobe,0.871346,
low-down,0.871346,
lower-middle-class,0.871346,
menarche,0.871346,
methodological,0.871346,
mid-thirties,0.871346,
millidegree,0.871346,
mimetic,0.871346,
misbehavior,0.871346,
mono-iodotyrosine,0.871346,
mopping,0.871346,
motivating,0.871346,
musicianship,0.871346,
mustached,0.871346,
myocardial,0.871346,
nationalistic,0.871346,
naturalized,0.871346,
neckline,0.871346,
necrosis,0.871346,
neural,0.871346,
nitrate,0.871346,
nonspecifically,0.871346,
nonverbal,0.871346,
notation,0.871346,
octagonal,0.871346,
octillion,0.871346,
oleophilic,0.871346,
on-the-job,0.871346,
one-time,0.871346,c1
orchestration,0.871346,
organdy,0.871346,
orienting,0.871346,
orthodontics,0.871346,
orthographic,0.871346,
osmotic,0.871346,
out-of-pocket,0.871346,
outfielder,0.871346,
outrigger,0.871346,
pacifism,0.871346,
pantheon,0.871346,
parasol,0.871346,
parkway,0.871346,
particulate,0.871346,
patronne,0.871346,
phenothiazine,0.871346,
piezoelectric,0.871346,
place-kicking,0.871346,
planer,0.871346,
polycrystalline,0.871346,
postgraduate,0.871346,
potentiality,0.871346,
poultice,0.871346,
predictive,0.871346,
premix,0.871346,
prepositional,0.871346,
procurer,0.871346,
profit-maximizing,0.871346,
proletariat,0.871346,
prolusion,0.871346,
propagandist,0.871346,
prosodic,0.871346,
proton,0.871346,
provincialism,0.871346,
psychiatry,0.871346,
psychical,0.871346,
lawman,0.869345,
premonition,0.869345,
evocative,0.869345,
handyman,0.869345,
idiosyncratic,0.869345,
impeccably,0.869345,
improvise,0.869345,
rainstorm,0.869345,
repertoire,0.869345,
squandered,0.869345,
stamina,0.869345,
uninitiated,0.869345,
unpredictability,0.869345,
theatrically,0.869345,
tiered,0.868846,
crumble,0.868846,c1
layered,0.867345,
filler,0.867345,
insanely,0.867345,
eloquently,0.866139,
godless,0.866139,
impervious,0.866139,
infantile,0.866139,
informant,0.866139,
mettle,0.866139,
naturalness,0.866139,
patchwork,0.866139,
unreality,0.866139,
volcanic,0.866139,
calming,0.866139,
blackmailer,0.866139,
recluse,0.866139,
sacrificial,0.866139,
superlative,0.866139,
undoing,0.866139,
recurrence,0.86564,
usurp,0.86564,
hinge,0.86564,c1
clinched,0.86564,
clinton,0.865345,
coincidentally,0.865345,
deadpan,0.865345,
vanessa,0.865345,
madison,0.865345,
rome,0.865345,
iq,0.865345,c1
kirk,0.865345,
mona,0.865345,
owens,0.865345,
dna,0.865345,b2
fellini,0.865345,
helena,0.865345,
hometown,0.865345,c1
breezy,0.864139,
concentric,0.862934,
convulsively,0.862934,
corroborate,0.862934,
dispossessed,0.862934,
dowry,0.862934,
engraving,0.862934,
frivolity,0.862934,
gloved,0.862934,
habitually,0.862934,
imperfectly,0.862934,
quarrelsome,0.862934,
respiration,0.862934,
rheumatism,0.862934,
rigidity,0.862934,
specious,0.862934,
steamboat,0.862934,
tacking,0.862934,
unchanging,0.862934,
unerring,0.862934,
unoccupied,0.862934,
unsteady,0.862934,
vestibule,0.862934,
wilfully,0.862934,
calico,0.862934,
thankfulness,0.862934,
triviality,0.862934,
multitudinous,0.862934,
oratory,0.862934,
physiognomy,0.862934,
puissant,0.862934,
incongruity,0.860933,
grizzled,0.857727,
aboriginal,0.857727,
artifice,0.857727,
ambrosial,0.854521,
baldness,0.854521,
beehive,0.854521,
beguile,0.854521,
contrite,0.854521,
contrive,0.854521,
crested,0.854521,
embattled,0.854521,
familiarly,0.854521,
fitful,0.854521,
footpath,0.854521,
giver,0.854521,
gorge,0.854521,
gratify,0.854521,
gratis,0.854521,
hansom,0.854521,
hare,0.854521,
impartiality,0.854521,
impute,0.854521,
inflamed,0.854521,
ingratitude,0.854521,
paling,0.854521,
parley,0.854521,
perchance,0.854521,
pernicious,0.854521,
raillery,0.854521,
ruinous,0.854521,
silken,0.854521,
sojourner,0.854521,
splinters,0.854521,
squeaking,0.854521,
sunder,0.854521,
ungracious,0.854521,
voiceless,0.854521,
wand,0.854521,c1
wicket,0.854521,
malady,0.854521,
thenceforth,0.854521,
unholy,0.852521,
doer,0.849315,
footprint,0.849315,c1
toiling,0.849315,
whiplash,0.846412,
freakish,0.846412,
effectually,0.846109,
hew,0.846109,
hyssop,0.846109,
scorner,0.846109,
seethe,0.846109,
unfeigned,0.846109,
ambergris,0.846109,
archangel,0.846109,
backsliding,0.846109,
bespoke,0.846109,
brawny,0.846109,
civilly,0.846109,
crucify,0.846109,
deceitfully,0.846109,
moue,0.846109,
nativity,0.846109,
noonday,0.846109,
perdition,0.846109,
pewter,0.846109,
uprightly,0.846109,
vapours,0.846109,
verdure,0.846109,
vouchsafe,0.846109,
wonted,0.846109,
caul,0.846109,
battleship,0.845912,
mastermind,0.844411,
september,0.844411,a2
reappear,0.843705,c1
tawdry,0.843705,
tombstone,0.843705,
exacting,0.843705,
frothing,0.843705,
blindfolded,0.843705,
complicate,0.843705,c1
lumbering,0.843705,
monastery,0.843705,c1
outnumber,0.843705,c1
parental,0.843705,c1
prosecutor,0.843705,b2
pulsing,0.843705,
evasion,0.843206,
exasperating,0.843206,
recklessness,0.843206,
rioting,0.843206,
anomaly,0.843206,c1
foundry,0.842707,
fraudulent,0.842707,
solicitation,0.842707,
pornographic,0.841705,
memento,0.841705,
tedium,0.841705,
impossibly,0.841705,
dismally,0.840499,
domed,0.840499,
fearlessly,0.840499,
firelight,0.840499,
geologist,0.840499,
heightening,0.840499,
imperiously,0.840499,
impotence,0.840499,
jangling,0.840499,
knob,0.840499,
locomotive,0.840499,
minstrel,0.840499,
musically,0.840499,
nasal,0.840499,
nimbly,0.840499,
obsequious,0.840499,
pacify,0.840499,
pore,0.840499,c1
alphabet,0.840499,c1
attest,0.840499,
belted,0.840499,
chivalrous,0.840499,
confiding,0.840499,
corporal,0.840499,c1
delude,0.840499,
purging,0.840499,
retentive,0.840499,
roundabout,0.840499,
rudely,0.840499,
ruffian,0.840499,
shrewdly,0.840499,
stubbornness,0.840499,
tacitly,0.840499,
ungainly,0.840499,
chafing,0.840499,
bowler,0.839704,
mercenary,0.839704,
renegade,0.839704,
rationality,0.835293,
squalid,0.835293,
trump,0.835293,
woeful,0.835293,
bustling,0.835293,
digestion,0.834794,
ado,0.833292,
jingle,0.833292,c1
lazily,0.832087,
precipice,0.832087,
inconsiderable,0.832087,
quickest,0.832087,
sewed,0.832087,
ascribe,0.832087,
bawling,0.832087,
beauteous,0.832087,
conqueror,0.832087,
detest,0.832087,
eternally,0.823675,
formless,0.823675,
liken,0.823675,
peaceably,0.823675,
orchestrated,0.823478,
precursor,0.823478,
fireball,0.823478,
hiatus,0.823478,
ingrained,0.823478,
reliant,0.823478,
surfacing,0.823478,
reissue,0.821271,
intolerance,0.821271,
morose,0.821271,
paraphrase,0.821271,
playmate,0.821271,
potboiler,0.821271,
busboy,0.821271,
tasty,0.821271,c1
trajectory,0.821271,c1
anguished,0.821271,
announcer,0.821271,c1
asinine,0.821271,
courtesan,0.821271,
dour,0.821271,
enlightenment,0.821271,
expressionless,0.821271,
exterminate,0.821271,
greased,0.821271,
breather,0.820771,
crunch,0.820771,c1
basics,0.81927,c1
boo,0.81927,b2
masterfully,0.81927,
shoddy,0.81927,
joss,0.81927,
escapist,0.81927,
gunplay,0.81927,
guru,0.81927,
flaky,0.818065,
hatched,0.818065,
humanities,0.818065,
affluent,0.818065,
bluish,0.818065,
clamor,0.818065,
crudely,0.818065,
veering,0.818065,
irrevocably,0.818065,
plunder,0.818065,
robustness,0.817565,
disquiet,0.817565,
filament,0.817565,
unseasonable,0.817565,
thinned,0.817565,
trackless,0.817565,
wyatt,0.81727,
capone,0.81727,
topless,0.81727,
reagan,0.81727,
rushmore,0.81727,
scam,0.81727,c1
sinclair,0.81727,
spain,0.81727,
springer,0.81727,
abraham,0.81727,
creaky,0.81727,
dewey,0.81727,
dickens,0.81727,
musketeer,0.81727,
pierre,0.81727,
duncan,0.81727,
elijah,0.81727,
elvis,0.81727,
evans,0.81727,
fuentes,0.81727,
hubbard,0.81727,
allure,0.816064,
jovial,0.816064,
undiscovered,0.815565,
liv,0.814064,
savor,0.812858,c1
dank,0.812858,
wrench,0.812359,c1
vigil,0.809653,
womanhood,0.809653,
boarder,0.809653,
coax,0.809653,
mutter,0.809653,c1
imperious,0.809653,
vaulted,0.809153,
despatch,0.809153,
lunacy,0.807652,
elude,0.807652,
deathless,0.804446,
arming,0.80124,
avenger,0.80124,
inimitable,0.80124,
accentuate,0.798337,
whack,0.798337,c1
taped,0.798337,
monolith,0.798337,
nuance,0.798337,
paperwork,0.797838,c1
patchy,0.797838,
transitory,0.797838,
domino,0.797838,
rectify,0.797838,
resilient,0.797838,
britain,0.796337,
farina,0.796337,
feisty,0.796337,
disintegrate,0.79563,
emissary,0.79563,
fatuous,0.79563,
gourmet,0.79563,
honorary,0.79563,
incapacitated,0.79563,
slyly,0.79563,
stoicism,0.79563,
stopper,0.79563,
swoop,0.79563,c1
irreverence,0.79563,
lanky,0.79563,
longevity,0.79563,
loquacious,0.79563,
preconceived,0.79563,
prehistoric,0.79563,
pristine,0.79563,
wales,0.79563,
burr,0.79563,
tasteful,0.79563,
teased,0.79563,
assimilate,0.79563,
constricted,0.79563,
crescendo,0.79563,
disarm,0.79563,
abnormally,0.795131,
avowed,0.795131,
blunted,0.795131,
confidante,0.795131,
infect,0.795131,c1
clumsily,0.79363,
pi,0.79363,
transcend,0.79363,c1
candidly,0.792424,
capitulation,0.792424,
thrifty,0.792424,
treble,0.792424,
airily,0.792424,
ajar,0.792424,
battalion,0.792424,
beech,0.792424,
cinder,0.792424,
clemency,0.792424,
clogged,0.792424,
equanimity,0.792424,
expectantly,0.792424,
florid,0.792424,
gust,0.792424,
habitable,0.792424,
halo,0.792424,c1
hickory,0.792424,
immaterial,0.792424,
impassable,0.792424,
redwood,0.792424,
sleepily,0.792424,
somersault,0.792424,
spittle,0.792424,
symmetrical,0.792424,
inshore,0.792424,
irremediable,0.792424,
jesting,0.792424,
jubilant,0.792424,
mutely,0.792424,
necktie,0.792424,
overhand,0.792424,
parentage,0.792424,
pouch,0.792424,c1
pulsation,0.792424,
drivel,0.79163,
iota,0.790424,
pout,0.790424,
tyrannical,0.790424,
undying,0.787218,
curing,0.787218,
portly,0.787218,
entice,0.786719,
doleful,0.784012,
enclosing,0.784012,
gash,0.784012,
humped,0.784012,
inexpressible,0.784012,
limpid,0.784012,
mince,0.784012,
mincing,0.784012,
piteous,0.784012,
unwholesome,0.784012,
walrus,0.784012,
sidelong,0.784012,
sleet,0.784012,
soot,0.784012,
squaw,0.784012,
swart,0.784012,
uncivil,0.784012,
bugle,0.784012,
coiling,0.784012,
crescent,0.784012,
brit,0.782012,
vulgarity,0.782012,
vesture,0.7756,
cabman,0.7756,
chastise,0.7756,
alehouse,0.7756,
baleen,0.7756,
bequeath,0.7756,
blaspheme,0.7756,
clamour,0.7756,
clime,0.7756,
composedly,0.7756,
cruet,0.7756,
direful,0.7756,
entreaty,0.7756,
finery,0.7756,
gentlemanlike,0.7756,
inmost,0.7756,
loth,0.7756,
paralytic,0.7756,
pollute,0.7756,
repast,0.7756,
shuttlecock,0.7756,
signet,0.7756,
skyrocket,0.775403,c1
damper,0.775403,
lightening,0.775403,
joyride,0.773196,
libido,0.773196,
lingerie,0.773196,
namesake,0.773196,
narcotic,0.773196,
oncoming,0.773196,
outstandingly,0.773196,
reliving,0.773196,
romanticism,0.773196,
sardonic,0.773196,
skyscraper,0.773196,
slop,0.773196,
sneaky,0.773196,c1
stewardess,0.773196,
synchronized,0.773196,
unbridled,0.773196,
wobbly,0.773196,
camaraderie,0.773196,
campfire,0.773196,c1
heroics,0.773196,
aversion,0.773196,
blandly,0.773196,
boulevard,0.773196,
defiantly,0.773196,
auspicious,0.772697,
closeness,0.772697,
foregone,0.772697,
funnel,0.772697,c1
ordination,0.772197,
abatement,0.772197,
countervail,0.772197,
browning,0.771196,
embarrassingly,0.771196,
screwball,0.771196,
skimpy,0.771196,
stealer,0.771196,
stunningly,0.771196,
meticulous,0.771196,
nary,0.771196,
intersecting,0.76999,
larceny,0.76999,
legitimately,0.76999,
lingo,0.76999,
moisten,0.76999,
numbness,0.76999,
polishing,0.76999,
eluding,0.76999,
feline,0.76999,
incantation,0.76999,
viciousness,0.76999,
yore,0.76999,
candor,0.76999,
terminus,0.76999,
trapper,0.76999,
belch,0.76999,
branched,0.76999,
clawed,0.76999,
craftsman,0.76999,
curtly,0.76999,
rhinoceros,0.76999,
roundly,0.76999,
sacrilege,0.76999,
sameness,0.76999,
sapling,0.76999,
tactful,0.76999,
unjustifiable,0.76999,
stanton,0.769195,
unappealing,0.769195,
unlikable,0.769195,
capra,0.769195,
carolina,0.769195,
kurosawa,0.769195,
letdown,0.769195,
motorcycle,0.769195,c1
moviemaking,0.769195,
mythical,0.769195,
pollack,0.769195,
prestigious,0.769195,c1
galore,0.769195,
groundbreaking,0.769195,c1
grumpy,0.769195,c1
haley,0.769195,
harvard,0.769195,
hercules,0.769195,
herman,0.769195,
auteur,0.769195,
beatrice,0.769195,
boone,0.769195,
bronx,0.769195,
nutshell,0.76799,
penthouse,0.76799,
foreshadowing,0.765989,
evangelist,0.764784,
heighten,0.764784,
admittance,0.764784,
cornered,0.764784,
devious,0.764784,
voyager,0.764784,
renounce,0.764284,
screwing,0.762783,
greene,0.762783,
fiftieth,0.761578,
girth,0.761578,
haughtiness,0.761578,
incredulity,0.761578,
repress,0.761578,
sobriety,0.761578,
studious,0.761578,
aghast,0.761578,
amity,0.761578,
billiard,0.761578,
dejection,0.761578,
woodland,0.761578,
caress,0.761578,c1
cavern,0.761578,
laurel,0.761578,
peerless,0.761578,
prying,0.761578,
drenched,0.759577,
incredulous,0.759577,
elves,0.756371,
omnipotent,0.756371,
tigers,0.756371,
unpardonable,0.753166,
envelop,0.753166,
fireside,0.753166,
hysterics,0.753166,
consort,0.753166,
raven,0.753166,
reflectively,0.753166,
remission,0.753166,
nimble,0.753166,
outstretched,0.753166,
passe,0.753166,
porpoise,0.753166,
limelight,0.750262,
miniscule,0.750262,
piracy,0.750262,
awash,0.750262,
counterbalanced,0.750262,
credibly,0.750262,
marathon,0.750262,c1
tampering,0.750262,
disquieting,0.750262,
fiddling,0.750262,
gargantuan,0.750262,
guerilla,0.750262,
shredded,0.750262,
rehabilitate,0.749763,
thirdly,0.749763,
billowing,0.749763,
breeder,0.749763,
depreciating,0.749763,
freehold,0.749763,
dweller,0.747556,
ejection,0.747556,
exuberance,0.747556,
formative,0.747556,
functionary,0.747556,
gingerly,0.747556,
greenhouse,0.747556,c1
venomous,0.747556,
verbatim,0.747556,
tranquility,0.747556,
lineage,0.747556,
meritorious,0.747556,
moralist,0.747556,
motorist,0.747556,
practitioner,0.747556,c1
restlessly,0.747556,
seminary,0.747556,
shorthand,0.747556,
sighting,0.747556,
sinuous,0.747556,
subtract,0.747556,
unannounced,0.747556,
artisan,0.747556,
beaker,0.747556,
bluntness,0.747556,
boxed,0.747556,
acrid,0.747056,
boomerang,0.747056,
degrade,0.747056,
finisher,0.747056,
husbandry,0.747056,
refute,0.747056,
restive,0.747056,
undivided,0.747056,
shifty,0.745555,
shocker,0.745555,
alchemy,0.745555,
digress,0.745555,
palatable,0.745555,
maudlin,0.745555,
garish,0.745555,
fa,0.743555,
fatherly,0.742349,
goggles,0.742349,
lookout,0.742349,c1
opulent,0.742349,
rollicking,0.742349,
hindrance,0.74185,
democrat,0.74185,b1
india,0.740349,
imbecile,0.739143,
infirm,0.739143,
abstinence,0.739143,
degrading,0.739143,
satiate,0.739143,
athwart,0.738644,
meagre,0.738644,
spinal,0.730731,
uncouth,0.730731,
nuptial,0.730731,
brilliancy,0.730731,
condescend,0.730731,
credence,0.727329,
robotics,0.727329,
shelling,0.727329,
strategist,0.727329,
synergy,0.727329,
voicing,0.727329,
ticker,0.727329,
timberland,0.727329,
downsizing,0.727329,
expatriate,0.727329,
holdover,0.727329,
hydraulic,0.727329,
nicotine,0.727329,
ph,0.727329,
jilted,0.725121,
juxtaposed,0.725121,
legitimacy,0.725121,c1
leukemia,0.725121,
luster,0.725121,
lyricist,0.725121,
miscalculation,0.725121,
modicum,0.725121,
nihilist,0.725121,
ovation,0.725121,
overpopulation,0.725121,
panicked,0.725121,
philosophizing,0.725121,
porcelain,0.725121,
prep,0.725121,b2
psychically,0.725121,
veterinarian,0.725121,
vicarious,0.725121,
wei,0.725121,
wordlessly,0.725121,
wristwatch,0.725121,
zoologist,0.725121,
tantrum,0.725121,c1
teammate,0.725121,c1
tearfully,0.725121,
acrobatic,0.725121,
antisocial,0.725121,
autism,0.725121,c1
bespectacled,0.725121,
chute,0.725121,
collaborate,0.725121,c1
cosmopolitan,0.725121,
depressingly,0.725121,
despondent,0.725121,
differentiate,0.725121,c1
pup,0.725121,c1
rasp,0.725121,
recounting,0.725121,
repetitious,0.725121,
seep,0.725121,
sentient,0.725121,
shackled,0.725121,
springboard,0.725121,
stuffy,0.725121,c1
distinctively,0.725121,
facet,0.725121,
gambit,0.725121,
graphically,0.725121,
grubby,0.725121,
gullible,0.725121,
hulking,0.725121,
immersion,0.725121,
inadvertent,0.725121,
inevitability,0.725121,
eschew,0.724622,
lapsing,0.724622,
mot,0.724622,
willful,0.724622,
undiluted,0.724622,
romantically,0.723121,
scathing,0.723121,
snappy,0.723121,
striptease,0.723121,
unforgivable,0.723121,
intricately,0.723121,
khan,0.723121,
lampoon,0.723121,
morgue,0.723121,
perpetrator,0.723121,
avid,0.723121,
coherence,0.723121,
curry,0.723121,
diva,0.723121,
dramatics,0.723121,
gooey,0.723121,
weirdly,0.723121,
unobtrusively,0.721915,
unwarrantable,0.721915,
vestige,0.721915,
vitals,0.721915,
voluble,0.721915,
wearying,0.721915,
wisp,0.721915,
catechism,0.721915,
mackerel,0.721915,
thinning,0.721915,
tousled,0.721915,
actuated,0.721915,
benighted,0.721915,
betide,0.721915,
bruising,0.721915,
cluck,0.721915,
conclave,0.721915,
considerately,0.721915,
consign,0.721915,
cordon,0.721915,
courtier,0.721915,
coverlet,0.721915,
defray,0.721915,
despot,0.721915,
diffidence,0.721915,
quiescent,0.721915,
rabble,0.721915,
ruthlessly,0.721915,
sabre,0.721915,
satiety,0.721915,
scalloped,0.721915,
sluice,0.721915,
smilingly,0.721915,
straggling,0.721915,
studiously,0.721915,
swerving,0.721915,
unacquainted,0.721915,
unasked,0.721915,
unclouded,0.721915,
underlie,0.721915,
unfailing,0.721915,
unimpaired,0.721915,
uninjured,0.721915,
lath,0.721915,
lexicon,0.721915,
looseness,0.721915,
metrical,0.721915,
mosque,0.721915,c1
natal,0.721915,
outlying,0.721915,
paunch,0.721915,
pendulum,0.721915,
perforce,0.721915,
pillared,0.721915,
pique,0.721915,
predominance,0.721915,
presentable,0.721915,
dishearten,0.721915,
dishonesty,0.721915,
dramatist,0.721915,
drapery,0.721915,
dressy,0.721915,
ebbing,0.721915,
encumbered,0.721915,
endow,0.721915,
epicure,0.721915,
executor,0.721915,
frugality,0.721915,
gaseous,0.721915,
grub,0.721915,c1
immensity,0.721915,
imprudently,0.721915,
indiscreet,0.721915,
industriously,0.721915,
flanders,0.721121,
gee,0.721121,c1
geronimo,0.721121,
highlander,0.721121,
inkpot,0.721121,
q,0.721121,
raunchy,0.721121,
roper,0.721121,
santa,0.721121,
shakespearean,0.721121,
skinhead,0.721121,
spunky,0.721121,
whiny,0.721121,
windsor,0.721121,
burt,0.721121,
malone,0.721121,
terminally,0.721121,
adrenaline,0.721121,c1
claustrophobic,0.721121,
croft,0.721121,
dana,0.721121,
jewison,0.721121,
murdoch,0.721121,
osmosis,0.721121,
mutilation,0.719915,
yearn,0.719915,c1
buxom,0.719915,
touchy,0.719915,
gloss,0.719915,c1
squeaky,0.719915,c1
anarchic,0.719915,
aplomb,0.719915,
degenerate,0.719416,c1
pitted,0.719416,
ditto,0.717915,
impressively,0.717915,
fireman,0.716709,
growling,0.716709,
admonition,0.716709,
buttoned,0.716709,
moonshine,0.71621,
parsons,0.714709,
decapitated,0.714709,
ruby,0.714709,c1
punctuality,0.713503,
rudeness,0.713503,
sallow,0.713503,
sedentary,0.713503,
sieve,0.713503,
sociable,0.713503,
sprout,0.713503,c1
steadfastly,0.713503,
sunburnt,0.713503,
unbelieving,0.713503,
irksome,0.713503,
jingling,0.713503,
moan,0.713503,c1
mournfully,0.713503,
oaken,0.713503,
peremptory,0.713503,
pestilent,0.713503,
pinioned,0.713503,
possessor,0.713503,
unnaturally,0.713503,
unperceived,0.713503,
writhed,0.713503,
byword,0.713503,
carefulness,0.713503,
thimble,0.713503,
tottering,0.713503,
trampling,0.713503,
equator,0.713503,
greedily,0.713503,
grumbling,0.713503,
heathenish,0.713503,
indubitable,0.713503,
inequality,0.713503,c1
inflame,0.713503,
inlaid,0.713503,
abruptness,0.713503,
adieu,0.713503,
bespeak,0.713503,
bewail,0.713503,
circumspection,0.713503,
contrition,0.713503,
convex,0.713503,
convivial,0.713503,
dauntless,0.713503,
brimming,0.711503,
unctuous,0.708297,
flap,0.708297,c1
grasshopper,0.708297,
discomfited,0.705091,
distemper,0.705091,
earthen,0.705091,
exhortation,0.705091,
fleece,0.705091,
hemlock,0.705091,
innkeeper,0.705091,
astonied,0.705091,
barouche,0.705091,
beak,0.705091,c1
bedchamber,0.705091,
bowsprit,0.705091,
deliverer,0.705091,
mainmast,0.705091,
intercession,0.705091,
javelin,0.705091,
larboard,0.705091,
mouldy,0.705091,
needlework,0.705091,
onyx,0.705091,
packthread,0.705091,
perverseness,0.705091,
placidly,0.705091,
punctual,0.705091,
redeemer,0.705091,
requite,0.705091,
rivet,0.705091,
sower,0.705091,
subterranean,0.705091,
surgical,0.702188,c1
unworkable,0.702188,
virulent,0.702188,
cardiac,0.702188,
matchmaking,0.702188,
genie,0.702188,c1
handbook,0.702188,
hangar,0.702188,
infrequently,0.702188,
breakaway,0.702188,
commemorating,0.702188,
cu,0.702188,
demolition,0.702188,
pharmacist,0.702188,
millet,0.701688,
ordinate,0.701688,
emphasise,0.701688,
enjoining,0.701688,
fen,0.701688,
recuperation,0.701688,
redouble,0.701688,
retrenchment,0.701688,
saleable,0.701688,
witching,0.701688,
castrated,0.701688,
marbled,0.701688,
arranger,0.701688,
disallow,0.701688,
savannah,0.700187,
maxwell,0.700187,
versed,0.699481,c1
vocalist,0.699481,
calamitous,0.699481,
canister,0.699481,
malevolence,0.699481,
medically,0.699481,
terse,0.699481,
timbre,0.699481,
transmitting,0.699481,
appreciative,0.699481,
bigotry,0.699481,
comradeship,0.699481,
congregate,0.699481,
cramp,0.699481,c1
descendant,0.699481,c1
desertion,0.699481,
dextrous,0.699481,
lug,0.699481,
obliterate,0.699481,
oneness,0.699481,
patronizing,0.699481,
perennially,0.699481,
perpetuation,0.699481,
pitifully,0.699481,
prosecute,0.699481,c1
dismemberment,0.699481,
drizzling,0.699481,
elation,0.699481,
exemplify,0.699481,
fashioning,0.699481,
fouled,0.699481,
furrowed,0.699481,
genus,0.699481,
healer,0.699481,
ignoramus,0.699481,
quixotic,0.699481,
realist,0.699481,
salting,0.699481,
secession,0.699481,
sluggishly,0.699481,
sprouted,0.699481,
strenuously,0.699481,
unchallenged,0.699481,
unearned,0.699481,
unflattering,0.697481,
unnerving,0.697481,
veneer,0.697481,
tragically,0.697481,
glib,0.697481,
shameless,0.69548,
condor,0.69548,
coaxing,0.694275,
skipper,0.694275,
sorcery,0.694275,
unhinged,0.694275,
lark,0.694275,
motherly,0.694275,
disembodied,0.694275,
dole,0.694275,
fawning,0.694275,
unsavory,0.694275,
buttocks,0.694275,
caterpillar,0.694275,
capitol,0.691069,
minutely,0.691069,
persevere,0.691069,
pricking,0.691069,
agreeably,0.691069,
bestial,0.691069,
cipher,0.691069,
disapprobation,0.691069,
radiating,0.691069,
sedition,0.691069,
sonorous,0.691069,
splice,0.691069,
foreknowledge,0.691069,
gnaw,0.691069,
fanatic,0.689068,
fang,0.689068,
flaunt,0.689068,
gripe,0.689068,c1
brawn,0.685862,
azure,0.682656,
beryl,0.682656,
extravagance,0.682656,
gruel,0.682656,
hap,0.682656,
nook,0.682656,c1
pang,0.682656,
lifeline,0.679254,
lobbyist,0.679254,c1
mitigated,0.679254,
optimistically,0.679254,
outpace,0.679254,
outperform,0.679254,
preempt,0.679254,
downtime,0.679254,
draconian,0.679254,
dynamism,0.679254,
fahrenheit,0.679254,
fecal,0.679254,
foreclosure,0.679254,
geologic,0.679254,
ideologically,0.679254,
unseasonably,0.679254,
workweek,0.679254,
mediterranean,0.679254,
achievable,0.679254,
acrimony,0.679254,
alleviated,0.679254,
contractually,0.679254,
converter,0.679254,
cs,0.679254,
destabilize,0.679254,
reclamation,0.679254,
renovate,0.679254,
resubmit,0.679254,
racy,0.677047,
reelection,0.677047,
relay,0.677047,c1
repressive,0.677047,
rewriting,0.677047,
ruse,0.677047,
salacious,0.677047,
sanctimonious,0.677047,
sensationalism,0.677047,
shaker,0.677047,
souvenir,0.677047,
spattered,0.677047,
structurally,0.677047,
strut,0.677047,c1
succinctly,0.677047,
symbolizing,0.677047,
synchronous,0.677047,
syrupy,0.677047,
uncooperative,0.677047,
unfailingly,0.677047,
unparalleled,0.677047,
unwisely,0.677047,
victimized,0.677047,
warhead,0.677047,
wasp,0.677047,
worrisome,0.677047,
burlesque,0.677047,
callousness,0.677047,
canny,0.677047,
carousing,0.677047,
transference,0.677047,
travelogue,0.677047,
interstitial,0.677047,
jumpy,0.677047,
lope,0.677047,
metamorphosis,0.677047,
misrepresentation,0.677047,
morosely,0.677047,
mucus,0.677047,
nadir,0.677047,
nauseated,0.677047,
opinionated,0.677047,
ornery,0.677047,
paean,0.677047,
pasty,0.677047,
pedantic,0.677047,
posthumous,0.677047,
primed,0.677047,
puffy,0.677047,
dishonor,0.677047,
dutifully,0.677047,
ecological,0.677047,c1
etched,0.677047,
ethically,0.677047,
expressionism,0.677047,
gauntlet,0.677047,
germane,0.677047,
glowering,0.677047,
goddamned,0.677047,
gratuitously,0.677047,
hesitantly,0.677047,
huckster,0.677047,
humanistic,0.677047,
hyperbolic,0.677047,
infestation,0.677047,
aurally,0.677047,
balding,0.677047,
blitz,0.677047,
brassy,0.677047,
broached,0.677047,
chronologically,0.677047,
coerce,0.677047,
culminate,0.677047,
curricular,0.677047,
dashboard,0.677047,
demonstrably,0.677047,
deviance,0.677047,
aggregation,0.676547,
alarmist,0.676547,
banding,0.676547,
connivance,0.676547,
contributory,0.676547,
mica,0.676547,
moulding,0.676547,
overshot,0.676547,
realty,0.676547,
segregate,0.676547,
surmount,0.676547,
undisguised,0.676547,
unopened,0.676547,
tonic,0.676547,
encroach,0.676547,
impracticable,0.676547,
drumlin,0.675046,
effortless,0.675046,
hodgepodge,0.675046,
hubby,0.675046,c1
hybrid,0.675046,c1
inferno,0.675046,
sniper,0.675046,
stoker,0.675046,
talky,0.675046,
unbearably,0.675046,
blaring,0.675046,
cranky,0.675046,c1
kidnapper,0.675046,
mousy,0.675046,
nihilistic,0.675046,
wholeheartedly,0.675046,
titillating,0.675046,
rife,0.674547,
sexist,0.673046,
shtick,0.673046,
surrealistic,0.673046,
valentine,0.673046,c1
victoria,0.673046,
virgil,0.673046,
cameraman,0.673046,
macdowell,0.673046,
tibet,0.673046,
tobey,0.673046,
dysfunctional,0.673046,
everyman,0.673046,
excruciatingly,0.673046,
fascist,0.673046,c1
grainy,0.673046,
hammy,0.673046,
homosexuality,0.673046,c1
afterthought,0.673046,
althea,0.673046,
botched,0.673046,
italy,0.673046,
julian,0.673046,
kilter,0.673046,
poitier,0.673046,
vortex,0.67184,
conspire,0.67184,
crusader,0.67184,
chi,0.66984,
conniving,0.66984,
nosed,0.66984,
peacemaker,0.66984,
sorcerer,0.66984,
rapier,0.668634,
paddock,0.668634,
arching,0.668634,
belated,0.668634,
bison,0.668634,
consoling,0.668634,
fickle,0.668634,
filial,0.668634,
frightfully,0.668634,
unwillingly,0.668634,
tint,0.668634,
tirelessly,0.668634,
tillage,0.668135,
annuity,0.668135,
constrain,0.668135,
conveyance,0.668135,
musk,0.668135,
shears,0.666634,
aristocrat,0.663428,
ee,0.663428,
faithless,0.660222,
impregnable,0.660222,
uprising,0.660222,
terrify,0.660222,c1
bereaved,0.660222,
contraceptive,0.654113,c1
corroding,0.654113,
flammable,0.654113,
hermetic,0.654113,
indemnity,0.654113,
logistical,0.654113,
longshot,0.654113,
neutralize,0.654113,
paucity,0.654113,
redefinition,0.654113,
resilience,0.654113,
responsibly,0.654113,
revitalize,0.654113,
secondhand,0.654113,
speculator,0.654113,
stockpiling,0.654113,
stopover,0.654113,
subcontinent,0.654113,
unsurpassed,0.654113,
vaccine,0.654113,b2
tokyo,0.652113,
ny,0.652113,
posturing,0.652113,
insinuation,0.651406,
insuperable,0.651406,
interposition,0.651406,
invigoration,0.651406,
laureate,0.651406,
mobilize,0.651406,c1
nearness,0.651406,
ocular,0.651406,
oratorical,0.651406,
osseous,0.651406,
outface,0.651406,
pelting,0.651406,
portico,0.651406,
postmark,0.651406,
practicality,0.651406,
primly,0.651406,
prowl,0.651406,
unscientific,0.651406,
unsmiling,0.651406,
untruth,0.651406,
viewless,0.651406,
warily,0.651406,
waterproof,0.651406,
whirring,0.651406,
wick,0.651406,
yelp,0.651406,c1
canonized,0.651406,
chancery,0.651406,
manes,0.651406,
matting,0.651406,
mealtime,0.651406,
tinsel,0.651406,
transcription,0.651406,
abasement,0.651406,
advisement,0.651406,
aforesaid,0.651406,
alkaline,0.651406,
allegoric,0.651406,
alternation,0.651406,
amplification,0.651406,
anise,0.651406,
approvingly,0.651406,
blight,0.651406,
bookcase,0.651406,
clammy,0.651406,
clog,0.651406,
cloudless,0.651406,
cognizance,0.651406,
combatant,0.651406,
comprehensively,0.651406,
conceding,0.651406,
courtly,0.651406,
craved,0.651406,
crevice,0.651406,
curd,0.651406,
curio,0.651406,
deadliness,0.651406,
debility,0.651406,
defection,0.651406,
delegating,0.651406,
despondency,0.651406,
dilation,0.651406,
disparagement,0.651406,
encircled,0.651406,
encroaching,0.651406,
endurable,0.651406,
entertainer,0.651406,
epithet,0.651406,
exhaustive,0.651406,
expeditious,0.651406,
expiation,0.651406,
fattening,0.651406,
felonious,0.651406,
femininity,0.651406,
fennel,0.651406,
foolhardy,0.651406,
friable,0.651406,
garter,0.651406,
gingham,0.651406,
healthily,0.651406,
herewith,0.651406,
implicated,0.651406,
impolitic,0.651406,
inalienable,0.651406,
indefensible,0.651406,
punctuation,0.651406,
reedy,0.651406,
sassafras,0.651406,
sentinel,0.651406,
separable,0.651406,
shabbily,0.651406,
sheathing,0.651406,
shuttered,0.651406,
signpost,0.651406,
sociability,0.651406,
sorrel,0.651406,
starter,0.651406,b2
statistically,0.651406,c1
stinging,0.651406,
surmounted,0.651406,
unblinkingly,0.651406,
uncertainly,0.651406,
unequally,0.651406,
squeal,0.649406,c1
notoriously,0.649406,
dullness,0.649406,
flirt,0.649406,c1
foppish,0.649406,
gleeful,0.649406,
hypnotized,0.649406,
encompassing,0.648907,
brighten,0.648907,c1
marshals,0.647406,
kip,0.647406,
loveless,0.647406,
insincere,0.6462,
intrude,0.6462,
misunderstand,0.6462,c1
nonchalant,0.6462,
obligingly,0.6462,
obliterated,0.6462,
befitting,0.6462,
breathlessly,0.6462,
countryman,0.6462,
electronically,0.6462,
facile,0.6462,
impulsive,0.6462,
infamy,0.6462,
infer,0.6462,
wondrously,0.6462,
vermin,0.645701,
mite,0.645701,
frugal,0.645701,
bloodthirsty,0.6442,
panama,0.6442,
insolently,0.642994,
jewelled,0.642994,
lop,0.642994,
lunge,0.642994,
moodily,0.642994,
obscurely,0.642994,
pleasantness,0.642994,
plumed,0.642994,
prudently,0.642994,
prune,0.642994,
discernment,0.642994,
draper,0.642994,
ducking,0.642994,
equatorial,0.642994,
forepart,0.642994,
foretell,0.642994,
fretted,0.642994,
gangway,0.642994,
greenness,0.642994,
gull,0.642994,
headland,0.642994,
homewards,0.642994,
householder,0.642994,
reprobate,0.642994,
soundness,0.642994,
storied,0.642994,
unalterable,0.642994,
unquiet,0.642994,
variance,0.642994,c1
ventilator,0.642994,
whitewashed,0.642994,
widowhood,0.642994,
chargeable,0.642994,
magnanimity,0.642994,
toilsome,0.642994,
answerable,0.642994,
barbarian,0.642994,
beautify,0.642994,
bemoan,0.642994,
bide,0.642994,
brig,0.642994,
conversant,0.642994,
determinate,0.642994,
bane,0.640994,
conspirator,0.640994,
putrid,0.640994,
republican,0.640994,a2
elevate,0.640994,c1
wilde,0.640994,
tanner,0.640994,
masse,0.637788,
vicarage,0.634582,
wigwam,0.634582,
caprice,0.634582,
thistle,0.634582,
ribbed,0.634582,
scape,0.634582,
shyness,0.634582,
steersman,0.634582,
supposition,0.634582,
twine,0.634582,
undefiled,0.634582,
landsman,0.634582,
milliner,0.634582,
millstone,0.634582,
miser,0.634582,
mortifying,0.634582,
obeisance,0.634582,
odorous,0.634582,
promptitude,0.634582,
psalms,0.634582,
aery,0.634582,
arbour,0.634582,
astonish,0.634582,
baptize,0.634582,
bethink,0.634582,
cordially,0.634582,
cornet,0.634582,
cruse,0.634582,
curacy,0.634582,
deafening,0.634582,
dunghill,0.634582,
empyreal,0.634582,
exulting,0.634582,
foursquare,0.634582,
gruffly,0.634582,
hawthorn,0.634582,
hireling,0.634582,
inconstancy,0.634582,
discontinuation,0.631179,
disinflation,0.631179,
dos,0.631179,
downwardly,0.631179,
electromechanical,0.631179,
exacerbating,0.631179,
factoring,0.631179,
farrowing,0.631179,
furore,0.631179,
generalised,0.631179,
geophysical,0.631179,
globalization,0.631179,
gunboat,0.631179,
hundredweight,0.631179,
implicate,0.631179,
innovator,0.631179,
interconnect,0.631179,
internationalise,0.631179,
kina,0.631179,
lawmaker,0.631179,c1
linkup,0.631179,
m3,0.631179,
methane,0.631179,
methanol,0.631179,
mezzanine,0.631179,
microcomputer,0.631179,
microprocessor,0.631179,
middleman,0.631179,
molder,0.631179,
nonpublic,0.631179,
ops,0.631179,
optimize,0.631179,
overreaction,0.631179,
palomino,0.631179,
penalise,0.631179,
peruvian,0.631179,
pesticide,0.631179,c1
phenolic,0.631179,
plasminogen,0.631179,
prepay,0.631179,
pressurise,0.631179,
prevarication,0.631179,
unpatented,0.631179,
unrealised,0.631179,
unrevised,0.631179,
unseat,0.631179,
untested,0.631179,
uproot,0.631179,
vanadium,0.631179,
viral,0.631179,c1
voicemail,0.631179,
watchword,0.631179,
xylene,0.631179,
zirconium,0.631179,
butyl,0.631179,
calender,0.631179,
capitalization,0.631179,
caribou,0.631179,
macro,0.631179,c1
magnesium,0.631179,
materialise,0.631179,
toxicity,0.631179,
transponder,0.631179,
tripling,0.631179,
quintal,0.631179,
ranching,0.631179,
reallocation,0.631179,
recessionary,0.631179,
redeploy,0.631179,
redeployment,0.631179,
reflation,0.631179,
regenerate,0.631179,
reimpose,0.631179,
reimposition,0.631179,
remittance,0.631179,
reorganise,0.631179,
repatriate,0.631179,
repatriation,0.631179,
reshape,0.631179,
restate,0.631179,
salmonellosis,0.631179,
seabed,0.631179,
seaborne,0.631179,
shipyard,0.631179,
sidetrack,0.631179,
sintered,0.631179,
sodbuster,0.631179,
stalemated,0.631179,
staunchly,0.631179,
sterilised,0.631179,
sulphuric,0.631179,
synchronization,0.631179,
taka,0.631179,
talc,0.631179,
uncollectible,0.631179,
unconsolidated,0.631179,
activator,0.631179,
agribusiness,0.631179,
ammonia,0.631179,
andes,0.631179,
anticancer,0.631179,
audiovisual,0.631179,
birdseed,0.631179,
chile,0.631179,
coastguard,0.631179,
colza,0.631179,
comptroller,0.631179,
confectionery,0.631179,
contravene,0.631179,
convene,0.631179,
counterclaim,0.631179,
creditworthy,0.631179,
deferral,0.631179,
deflation,0.631179,
deplete,0.631179,
deregulating,0.631179,
destabilisation,0.631179,
diagnostics,0.631179,
accolade,0.628972,
adagio,0.628972,
adaptable,0.628972,
apprenticeship,0.628972,
arthritis,0.628972,
authentically,0.628972,
authoritarianism,0.628972,
bastion,0.628972,
binoculars,0.628972,
codification,0.628972,
concierge,0.628972,
conducive,0.628972,
confessional,0.628972,
consanguinity,0.628972,
conscription,0.628972,
coquette,0.628972,
crispness,0.628972,
cultist,0.628972,
cusp,0.628972,
decrement,0.628972,
determinedly,0.628972,
unrewarding,0.628972,
urinary,0.628972,
visualized,0.628972,
washer,0.628972,c1
winless,0.628972,
wiring,0.628972,
wispy,0.628972,
yachting,0.628972,
yank,0.628972,c1
bumblebee,0.628972,
bygone,0.628972,
cagey,0.628972,
centrifuge,0.628972,
magenta,0.628972,
tersely,0.628972,
thrower,0.628972,
timeliness,0.628972,
torpor,0.628972,
trapping,0.628972,
discourteous,0.628972,
disloyal,0.628972,
disrepair,0.628972,
divorcee,0.628972,
dormitory,0.628972,
dynamo,0.628972,
egotist,0.628972,
electrically,0.628972,
electroshock,0.628972,
elegiac,0.628972,
enmeshed,0.628972,
enslave,0.628972,
equitably,0.628972,
existentialist,0.628972,
expressionist,0.628972,
expressway,0.628972,
exuberantly,0.628972,
eyewitness,0.628972,
fluidity,0.628972,
germinate,0.628972,
godsend,0.628972,
grounding,0.628972,
hex,0.628972,
horseplay,0.628972,
humanness,0.628972,
illusive,0.628972,
ineptness,0.628972,
insidiously,0.628972,
insubordinate,0.628972,
insubordination,0.628972,
interpersonal,0.628972,
inversion,0.628972,
jabbing,0.628972,
jaunty,0.628972,
jeweler,0.628972,
jubilantly,0.628972,
judiciary,0.628972,
juke,0.628972,
jutting,0.628972,
kickoff,0.628972,
leapfrog,0.628972,
levis,0.628972,
locus,0.628972,
lumpy,0.628972,
midair,0.628972,
mixer,0.628972,
negate,0.628972,
nullified,0.628972,
obliteration,0.628972,
onlooker,0.628972,
orgiastic,0.628972,
paneled,0.628972,
parasitic,0.628972,
paunchy,0.628972,
percussion,0.628972,
pharmacological,0.628972,
picturing,0.628972,
possum,0.628972,
reek,0.628972,c1
rejoin,0.628972,
relentlessness,0.628972,
rightness,0.628972,
ripened,0.628972,
rootless,0.628972,
rotate,0.628972,c1
ruthlessness,0.628972,
scraggly,0.628972,
scudding,0.628972,
searchlight,0.628972,
selfless,0.628972,
sextet,0.628972,
shirking,0.628972,
shrewish,0.628972,
shucks,0.628972,
sketchbook,0.628972,
smithereens,0.628972,
spineless,0.628972,
stepson,0.628972,
stocky,0.628972,
suspensor,0.628972,
tactile,0.628972,
takings,0.628972,
truthfulness,0.628972,
turtleneck,0.628972,
unambiguously,0.628972,
unclaimed,0.628972,
undependable,0.628972,
unfrozen,0.628972,
unimpeachable,0.628972,
redneck,0.626972,
reunite,0.626972,
soccer,0.626972,b2
surrealism,0.626972,
faceless,0.626972,
frighteningly,0.626972,
galactic,0.626972,
getaway,0.626972,
hick,0.626972,
believably,0.626972,
bravura,0.626972,
costumed,0.626972,
cutthroat,0.626972,
vignette,0.626972,
cabaret,0.626972,
maniacal,0.626972,
invigorating,0.626972,
jade,0.626972,
patsy,0.626972,
pseudonym,0.626972,
divulge,0.626472,
grinder,0.626472,
dubbing,0.624971,
gregory,0.624971,
hawthorne,0.624971,
ira,0.624971,
jamaican,0.624971,
joshua,0.624971,
kat,0.624971,
kwai,0.624971,
leto,0.624971,
merton,0.624971,
mojo,0.624971,
reid,0.624971,
retread,0.624971,
rimbaud,0.624971,
rogers,0.624971,
rupert,0.624971,
schlock,0.624971,
schtick,0.624971,
serendipity,0.624971,
slacker,0.624971,
stoic,0.624971,
streep,0.624971,
supermodel,0.624971,
tabloid,0.624971,c1
tyson,0.624971,
anime,0.624971,
bikini,0.624971,c1
brooke,0.624971,
collins,0.624971,
daphne,0.624971,
dirk,0.624971,
canada,0.624971,
matinee,0.624971,
townspeople,0.624971,
tripe,0.624971,
unpretentious,0.623766,
unkempt,0.623766,
implanted,0.623766,
indecipherable,0.623766,
inkling,0.623766,
insatiable,0.623766,
morass,0.623766,
omniscient,0.623766,
protege,0.623766,
blandness,0.623766,
buffoon,0.623766,
damning,0.623766,
thrashing,0.623266,
idiocy,0.621765,
rant,0.621765,c1
pathetically,0.621765,
insinuating,0.62056,
neatness,0.62056,
palpably,0.62056,
parson,0.62056,
peopled,0.62056,
foundering,0.62056,
indistinct,0.62056,
autumnal,0.62056,
bedded,0.62056,
braided,0.62056,
broiled,0.62056,
combing,0.62056,
womanly,0.62056,
celerity,0.62056,
tenfold,0.62056,
treatise,0.62056,
quickening,0.62056,
racking,0.62056,
receptacle,0.62056,
rectitude,0.62056,
revelry,0.62056,
screech,0.62056,c1
starlight,0.62056,
occult,0.615353,
playfully,0.615353,
garret,0.615353,
eater,0.612147,c1
ewe,0.612147,
grievously,0.612147,
ignorantly,0.612147,
needful,0.612147,
ornamental,0.612147,
apace,0.612147,
decease,0.612147,
dexterous,0.612147,
seething,0.612147,
sob,0.612147,b2
unanswerable,0.612147,
waif,0.612147,
whirlpool,0.612147,
wormwood,0.612147,
wallboard,0.606038,
wastage,0.606038,
topsoil,0.606038,
administratively,0.606038,
adulterated,0.606038,
airframe,0.606038,
amicably,0.606038,
antagonize,0.606038,
appraising,0.606038,
archipelago,0.606038,
autocratic,0.606038,
balking,0.606038,
bloodstained,0.606038,
brinkmanship,0.606038,
circuitous,0.606038,
commutation,0.606038,
condensing,0.606038,
consultative,0.606038,
containment,0.606038,
crankshaft,0.606038,
cutoff,0.606038,
detention,0.606038,c1
deterrence,0.606038,
dispersal,0.606038,
duress,0.606038,
emulsion,0.606038,
extrapolate,0.606038,
fillip,0.606038,
forklift,0.606038,
fungal,0.606038,
headquarter,0.606038,
impairment,0.606038,
imperil,0.606038,
imprecise,0.606038,
inappropriateness,0.606038,
inefficiency,0.606038,
insulate,0.606038,
invalidated,0.606038,
irrigate,0.606038,
lubrication,0.606038,
microbial,0.606038,
miso,0.606038,
modality,0.606038,
moistening,0.606038,
mutuality,0.606038,
nonprofit,0.606038,b2
normalize,0.606038,
northerner,0.606038,
operationally,0.606038,
optics,0.606038,
ordnance,0.606038,
orthopedic,0.606038,
ostracism,0.606038,
outfox,0.606038,
outsized,0.606038,
potpourri,0.606038,
pragmatism,0.606038,
pretrial,0.606038,
prognostication,0.606038,
prohibitive,0.606038,
quadrupling,0.606038,
quelling,0.606038,
reassert,0.606038,
redevelopment,0.606038,
referendum,0.606038,
refocusing,0.606038,
regionally,0.606038,
reorganize,0.606038,
reproductive,0.606038,c1
sandalwood,0.606038,
schnapps,0.606038,
sedimentary,0.606038,
showroom,0.606038,
silo,0.606038,
skeptically,0.606038,
spearhead,0.606038,
splurge,0.606038,
spurring,0.606038,
stiffness,0.606038,
stimulant,0.606038,
substructure,0.606038,
switchboard,0.606038,
syndication,0.606038,
skewed,0.604038,
squabble,0.604038,
hector,0.604038,
hoax,0.604038,
wednesday,0.604038,b1
uproariously,0.601331,
touchstone,0.601331,
disheartening,0.601331,
embody,0.601331,c1
encased,0.601331,
flustered,0.601331,
glaringly,0.601331,
pumpkin,0.601331,c1
repartee,0.601331,
replica,0.601331,
bombastic,0.601331,
bondsman,0.601331,
boorish,0.601331,
commoner,0.601331,
debonair,0.601331,
menial,0.601331,
muck,0.601331,
transpire,0.600832,
shamelessly,0.599331,
uncut,0.599331,
bowie,0.599331,
chock,0.599331,
ascetic,0.598125,
attired,0.598125,
cholera,0.598125,
cornfield,0.598125,
deathly,0.598125,
chatty,0.598125,
maelstrom,0.598125,
lucidity,0.598125,
pearly,0.598125,
physique,0.598125,
homestead,0.598125,
incredulously,0.598125,
seminal,0.598125,
unerringly,0.598125,
unlawful,0.598125,
preeminence,0.597626,
watchfulness,0.597626,
chemist,0.597626,
illiberal,0.597626,
inoffensive,0.592919,
befriend,0.592919,c1
admiral,0.589713,c1
dupe,0.589713,
lamentable,0.589713,
ringleader,0.589713,
swimmer,0.589713,c1
chamberlain,0.589713,
unplowed,0.580897,
unsalted,0.580897,
unstained,0.580897,
unstrung,0.580897,
untenable,0.580897,
unuttered,0.580897,
upper-class,0.580897,
uranyl,0.580897,
uselessness,0.580897,
vaccination,0.580897,
vacuolization,0.580897,
validate,0.580897,c1
varmint,0.580897,
vis-a-vis,0.580897,
vitriolic,0.580897,
volumetric,0.580897,
votive,0.580897,
war-ridden,0.580897,
wastebasket,0.580897,
wastewater,0.580897,
watchmaker,0.580897,
watercolorist,0.580897,
watt,0.580897,
wedge-shaped,0.580897,
weightlessness,0.580897,
well-adjusted,0.580897,
well-to-do,0.580897,
welter,0.580897,
whiteface,0.580897,
whitetail,0.580897,
wholeness,0.580897,
wigmaker,0.580897,
woodwind,0.580897,
woodworking,0.580897,
world-shaking,0.580897,
worshipful,0.580897,
writhe,0.580897,
yardage,0.580897,
yodeling,0.580897,
zodiacal,0.580897,
burl,0.580897,
button-down,0.580897,
cadet,0.580897,
caliper,0.580897,
calorimeter,0.580897,
campground,0.580897,
capitalistic,0.580897,
caraway,0.580897,
carbonyl,0.580897,
carport,0.580897,
cartilage,0.580897,
cashmere,0.580897,
catastrophically,0.580897,
catkin,0.580897,
caucus,0.580897,
cayenne,0.580897,
centimeter,0.580897,
centralizing,0.580897,
centrifugation,0.580897,
certiorari,0.580897,
chamfer,0.580897,
chantey,0.580897,
chartist,0.580897,
checkup,0.580897,c1
ma'am,0.580897,b2
macromolecular,0.580897,
magnetized,0.580897,
malingering,0.580897,
mannerism,0.580897,
marginality,0.580897,
martini,0.580897,
matriculate,0.580897,
mausoleum,0.580897,
mazurka,0.580897,
meaningfulness,0.580897,
megaton,0.580897,
teacart,0.580897,
teahouse,0.580897,
teaspoonful,0.580897,
teetotaler,0.580897,
telescoped,0.580897,
tenancy,0.580897,
tenderfoot,0.580897,
testimonial,0.580897,
thawing,0.580897,
theorize,0.580897,
theretofore,0.580897,
thermodynamic,0.580897,
thermodynamically,0.580897,
thermodynamics,0.580897,
thermoelectric,0.580897,
thermonuclear,0.580897,
third-dimensional,0.580897,
thirty-nine,0.580897,
thirty-one,0.580897,
thoroughgoing,0.580897,
three-dimensionality,0.580897,
three-fold,0.580897,
three-fourths,0.580897,
three-way,0.580897,
timbered,0.580897,
tiredly,0.580897,
titre,0.580897,
tole,0.580897,
tongue-in-cheek,0.580897,
tonsil,0.580897,
top-grade,0.580897,
top-quality,0.580897,
topcoat,0.580897,
topgallant,0.580897,
totalitarianism,0.580897,
traditionalism,0.580897,
transcendence,0.580897,
transferee,0.580897,
trigger-happy,0.580897,
trigonal,0.580897,
interdenominational,0.580897,
interlayer,0.580897,
interment,0.580897,
internationalist,0.580897,
interne,0.580897,
intramural,0.580897,
inwardness,0.580897,
irredeemable,0.580897,
irreproducibility,0.580897,
isocyanate,0.580897,
isotopic,0.580897,
jeweled,0.580897,
journalese,0.580897,
jowl,0.580897,
julep,0.580897,
kelp,0.580897,
knee-length,0.580897,
knight-errant,0.580897,
koinonia,0.580897,
kola,0.580897,
kolkhoz,0.580897,
lacquer,0.580897,
lactate,0.580897,
last-minute,0.580897,
lats,0.580897,
lawmaking,0.580897,
laxness,0.580897,
lean-to,0.580897,
leave-taking,0.580897,
lefthander,0.580897,
legume,0.580897,
lesion,0.580897,
level-headed,0.580897,
lexical,0.580897,
libretto,0.580897,
light-colored,0.580897,
light-headed,0.580897,
like-minded,0.580897,
litigant,0.580897,
liturgical,0.580897,
logistic,0.580897,
long-distance,0.580897,
longhand,0.580897,
longhorn,0.580897,
loose-jointed,0.580897,
low-class,0.580897,
low-grade,0.580897,
low-key,0.580897,
low-level,0.580897,
low-pitched,0.580897,
lumen,0.580897,
lunation,0.580897,
lyricism,0.580897,
metabolic,0.580897,
metalworking,0.580897,
micrometeoritic,0.580897,
micrometer,0.580897,
mid-fifties,0.580897,
mild-mannered,0.580897,
militarist,0.580897,
milliliter,0.580897,
milord,0.580897,
minuet,0.580897,
misdemeanor,0.580897,
misinterpret,0.580897,
misshapen,0.580897,
mistrial,0.580897,
modernism,0.580897,
molal,0.580897,
morphology,0.580897,
mother-of-pearl,0.580897,
muffler,0.580897,
multi-valued,0.580897,
necropsy,0.580897,
nester,0.580897,
nettled,0.580897,
neuropsychiatric,0.580897,
neutralization,0.580897,
newsboy,0.580897,
ninety-nine,0.580897,
ninety-six,0.580897,
no-hit,0.580897,
no-nonsense,0.580897,
nociceptive,0.580897,
noncompliance,0.580897,
nonlinguistic,0.580897,
nucleotide,0.580897,
numerically,0.580897,
numinous,0.580897,
nutritive,0.580897,
objectification,0.580897,
objector,0.580897,
obsolescent,0.580897,
occipital,0.580897,
occlusion,0.580897,
oceanography,0.580897,
ochre,0.580897,
oil-bearing,0.580897,
oilcloth,0.580897,
old-timer,0.580897,
on-site,0.580897,
on-the-scene,0.580897,
one-eighth,0.580897,
one-quarter,0.580897,
one-sided,0.580897,
one-sixth,0.580897,
onus,0.580897,
orbital,0.580897,
orthicon,0.580897,
out-of-the-way,0.580897,
overeating,0.580897,
overestimation,0.580897,
overreach,0.580897,
oversize,0.580897,
oxalate,0.580897,
oxcart,0.580897,
oxytetracycline,0.580897,
oz.,0.580897,
pacifist,0.580897,
pandemic,0.580897,
paperback,0.580897,
papier-mache,0.580897,
paralanguage,0.580897,
parametric,0.580897,
parlance,0.580897,
paternalism,0.580897,
pathogenic,0.580897,
pathologist,0.580897,
peace-loving,0.580897,
pectoralis,0.580897,
pen-and-ink,0.580897,
penny-wise,0.580897,
pensioner,0.580897,
peripherally,0.580897,
pertinence,0.580897,
phantasy,0.580897,
philological,0.580897,
philology,0.580897,
phonemics,0.580897,
phonetic,0.580897,
physiologic,0.580897,
pidgin,0.580897,
planar,0.580897,
playoff,0.580897,c1
plenary,0.580897,
pluralistic,0.580897,
poetically,0.580897,
polymeric,0.580897,
porosity,0.580897,
poverty-stricken,0.580897,
preconditioned,0.580897,
predicator,0.580897,
prednisone,0.580897,
preferentially,0.580897,
prepackaged,0.580897,
preparedness,0.580897,
preponderance,0.580897,
preposition,0.580897,
prevision,0.580897,
probate,0.580897,
procreative,0.580897,
prognosis,0.580897,
prolixity,0.580897,
promulgated,0.580897,
propeller,0.580897,
proponent,0.580897,c1
proteolysis,0.580897,
proximal,0.580897,
proximate,0.580897,
psi,0.580897,
psychoactive,0.580897,
public-spirited,0.580897,
publicizing,0.580897,
ablation,0.580897,
above-mentioned,0.580897,
absoluteness,0.580897,
acceptability,0.580897,
accusingly,0.580897,
acoustical,0.580897,
activism,0.580897,
adherent,0.580897,
adhesion,0.580897,
adrenal,0.580897,
after-school,0.580897,
ageless,0.580897,
agglomerate,0.580897,
airstrip,0.580897,
alarmingly,0.580897,
alfresco,0.580897,
algebra,0.580897,
alimony,0.580897,
all-powerful,0.580897,
aloneness,0.580897,
alto,0.580897,
amortize,0.580897,
analeptic,0.580897,
anarchical,0.580897,
ankle-deep,0.580897,
apogee,0.580897,
appointee,0.580897,
appreciatively,0.580897,
aridity,0.580897,
armadillo,0.580897,
armistice,0.580897,
arson,0.580897,
arteriolosclerosis,0.580897,
ashen,0.580897,
aspen,0.580897,
assessor,0.580897,
assignee,0.580897,
asymmetrically,0.580897,
asynchrony,0.580897,
axial,0.580897,
azalea,0.580897,
basophilic,0.580897,
basting,0.580897,
battery-powered,0.580897,
battleground,0.580897,
beachhead,0.580897,
bedspread,0.580897,
beefed-up,0.580897,
beetling,0.580897,
begrudge,0.580897,
belligerence,0.580897,
belowground,0.580897,
beriberi,0.580897,
bestseller,0.580897,
bib,0.580897,
bifocals,0.580897,
bilge,0.580897,
bio-assay,0.580897,
biopsy,0.580897,
biplane,0.580897,
bisque,0.580897,
blackjack,0.580897,
bleary,0.580897,
blocky,0.580897,
blue-black,0.580897,
bodice,0.580897,
bogy,0.580897,
bouffant,0.580897,
boxcars,0.580897,
brand-new,0.580897,c1
bric-a-brac,0.580897,
bridgehead,0.580897,
broiler,0.580897,
broody,0.580897,
brushy,0.580897,
buckboard,0.580897,
childishly,0.580897,
chin-up,0.580897,
chinless,0.580897,
church-state,0.580897,
circularity,0.580897,
circulatory,0.580897,
clogging,0.580897,
closed-door,0.580897,
clotheshorse,0.580897,
coal-black,0.580897,
coffeepot,0.580897,
cognitive,0.580897,b2
collie,0.580897,
colloidal,0.580897,
colloquial,0.580897,
colloquium,0.580897,
coloration,0.580897,
coloratura,0.580897,
comma,0.580897,
committeewoman,0.580897,
communicational,0.580897,
conceptuality,0.580897,
concessionaire,0.580897,
concordant,0.580897,
concretistic,0.580897,
conduction,0.580897,
confabulation,0.580897,
conformance,0.580897,
conic,0.580897,
constricting,0.580897,
constructively,0.580897,
contradictorily,0.580897,
contretemps,0.580897,
convection,0.580897,
coppery,0.580897,
cornmeal,0.580897,
corollary,0.580897,
correspondingly,0.580897,
cortico-hypothalamic,0.580897,
cosmological,0.580897,
cosmology,0.580897,
countrywide,0.580897,
coupe,0.580897,
coverall,0.580897,
cowman,0.580897,
coyness,0.580897,
cps,0.580897,
cross-legged,0.580897,
crupper,0.580897,
crystallizing,0.580897,
cubist,0.580897,
curator,0.580897,c1
dais,0.580897,
dark-haired,0.580897,
davenport,0.580897,
day-after-day,0.580897,
de-iodinating,0.580897,
debilitated,0.580897,
debunking,0.580897,
decedent,0.580897,
decisiveness,0.580897,
declivity,0.580897,
deep-sea,0.580897,
deep-seated,0.580897,
defensiveness,0.580897,
deferent,0.580897,
demarcation,0.580897,
democratization,0.580897,
demurrer,0.580897,
demythologize,0.580897,
demythologized,0.580897,
depersonalization,0.580897,
dereliction,0.580897,
dexamethasone,0.580897,
dialectics,0.580897,
diam,0.580897,
diatomic,0.580897,
dimethylglyoxime,0.580897,
disabuse,0.580897,
discipleship,0.580897,
discordantly,0.580897,
discorporate,0.580897,
disenfranchisement,0.580897,
disentangle,0.580897,
disloyalty,0.580897,
disrepute,0.580897,
distastefully,0.580897,
dockside,0.580897,
doctrinaire,0.580897,
doorbell,0.580897,
dosed,0.580897,
double-breasted,0.580897,
dowel,0.580897,
drafty,0.580897,
dreamlike,0.580897,
dumbbell,0.580897,
dystopia,0.580897,
earsplitting,0.580897,
easement,0.580897,
edema,0.580897,
editorially,0.580897,
effectuate,0.580897,
efficacious,0.580897,
efficaciously,0.580897,
eighty-fifth,0.580897,
electrocardiograph,0.580897,
emanation,0.580897,
emancipate,0.580897,
embryonic,0.580897,
emergent,0.580897,
emeritus,0.580897,
emotionalism,0.580897,
empiricism,0.580897,
endothermic,0.580897,
enervating,0.580897,
enforceable,0.580897,
enslavement,0.580897,
enthalpy,0.580897,
entrust,0.580897,
epidermis,0.580897,
ersatz,0.580897,
escheat,0.580897,
escritoire,0.580897,
escutcheon,0.580897,
ethicist,0.580897,
evaporation,0.580897,
exemplar,0.580897,
exogamy,0.580897,
exonerate,0.580897,
exoneration,0.580897,
falsify,0.580897,
federalism,0.580897,
ferromagnetic,0.580897,
fibrin,0.580897,
fifty-five,0.580897,
figment,0.580897,
flange,0.580897,
flatus,0.580897,
flowerpot,0.580897,
fluoride,0.580897,
foolproof,0.580897,
formalism,0.580897,
forthrightness,0.580897,
forty-three,0.580897,
forty-two,0.580897,
foul-smelling,0.580897,
four-lane,0.580897,
fps,0.580897,
free-lance,0.580897,
frictional,0.580897,
frostbite,0.580897,
full-fledged,0.580897,
full-grown,0.580897,
full-scale,0.580897,
fullback,0.580897,
furlough,0.580897,
galvanic,0.580897,
gantlet,0.580897,
gastrointestinal,0.580897,
gauss,0.580897,
geocentric,0.580897,
geochemistry,0.580897,
gerundial,0.580897,
ginmill,0.580897,
girlishly,0.580897,
glomerular,0.580897,
glycerin,0.580897,
goggle-eyed,0.580897,
going-over,0.580897,
goitrogen,0.580897,
granary,0.580897,
gravid,0.580897,
grief-stricken,0.580897,
grillwork,0.580897,
grist,0.580897,
guidebook,0.580897,
half-century,0.580897,
half-intensity,0.580897,
half-time,0.580897,
haltingly,0.580897,
hand-to-hand,0.580897,
happenstance,0.580897,
hard-boiled,0.580897,
hard-fought,0.580897,
harmonic,0.580897,
head-on,0.580897,
hearsay,0.580897,
hemosiderin,0.580897,
hesitancy,0.580897,
heterozygous,0.580897,
hexagonal,0.580897,
hibernate,0.580897,
high-ceilinged,0.580897,
high-powered,0.580897,
high-sounding,0.580897,
hijacking,0.580897,
hiking,0.580897,
historiography,0.580897,
holier-than-thou,0.580897,
homogenate,0.580897,
homogeneously,0.580897,
honeybee,0.580897,
hookup,0.580897,
hoped-for,0.580897,
howe,0.580897,
hunched,0.580897,
hydride,0.580897,
hydrophilic,0.580897,
hydrophobic,0.580897,
hyperbole,0.580897,
hyperemia,0.580897,
hyperemic,0.580897,
hypertrophy,0.580897,
idealization,0.580897,
idyll,0.580897,
ill-equipped,0.580897,
ill-fated,0.580897,
imperialism,0.580897,
imprimatur,0.580897,
impurity,0.580897,
inaccuracy,0.580897,
inactivate,0.580897,
inactivation,0.580897,
incipiency,0.580897,
inculcation,0.580897,
indefinable,0.580897,
industrialization,0.580897,
indwelling,0.580897,
infantryman,0.580897,
inferential,0.580897,
influent,0.580897,
informational,0.580897,
inhibitor,0.580897,
inhibitory,0.580897,
initiator,0.580897,
inoculation,0.580897,
inordinately,0.580897,
pumped-up,0.580897,
purgation,0.580897,
pyknotic,0.580897,
pyrometer,0.580897,
quadratic,0.580897,
qualitatively,0.580897,
quarter-century,0.580897,
quatrain,0.580897,
quavering,0.580897,
quetzal,0.580897,
quickstep,0.580897,
racketeer,0.580897,
rackety,0.580897,
raiding,0.580897,
railhead,0.580897,
rangy,0.580897,
ransack,0.580897,
re-created,0.580897,
readjust,0.580897,
reassuringly,0.580897,
recoilless,0.580897,
redactor,0.580897,
rediscovery,0.580897,
reflexly,0.580897,
reformatory,0.580897,
refueling,0.580897,
relevancy,0.580897,
remoteness,0.580897,
remuneration,0.580897,
reorientation,0.580897,
representational,0.580897,
resourcefulness,0.580897,
revivalism,0.580897,
rhinotracheitis,0.580897,
righthander,0.580897,
rip-roaring,0.580897,
rock-and-roll,0.580897,
rocklike,0.580897,
romanticize,0.580897,
rostrum,0.580897,
roughened,0.580897,
rumen,0.580897,
run-up,0.580897,
runner-up,0.580897,
runoff,0.580897,
salubrious,0.580897,
salvo,0.580897,
samovar,0.580897,
scatterbrained,0.580897,
scattergun,0.580897,
scoreless,0.580897,
sculptural,0.580897,
secessionist,0.580897,
sedan,0.580897,
sedately,0.580897,
seepage,0.580897,
segmental,0.580897,
self-assertive,0.580897,
self-centered,0.580897,
self-deception,0.580897,
self-defeating,0.580897,
self-discovery,0.580897,
self-employed,0.580897,
self-government,0.580897,
self-interest,0.580897,
self-preservation,0.580897,
self-sacrifice,0.580897,
self-styled,0.580897,
self-sufficiency,0.580897,
self-will,0.580897,
semantically,0.580897,
separateness,0.580897,
serratus,0.580897,
shibboleth,0.580897,
shimmy,0.580897,
shoot-down,0.580897,
shrapnel,0.580897,
sienna,0.580897,
siesta,0.580897,
silica,0.580897,
simple-minded,0.580897,
single-handedly,0.580897,
sinusoidal,0.580897,
sister-in-law,0.580897,
sixty-two,0.580897,
skillet,0.580897,
slat,0.580897,
sledding,0.580897,
sloe,0.580897,
smallpox,0.580897,
sneaker,0.580897,
sobriquet,0.580897,
solder,0.580897,
somatic,0.580897,
somnolent,0.580897,
sortie,0.580897,
sourdough,0.580897,
sowbelly,0.580897,
sparsely,0.580897,
spatially,0.580897,
specie,0.580897,
spectrometer,0.580897,
speechlessness,0.580897,
splotched,0.580897,
spongy,0.580897,
sprue,0.580897,
staminate,0.580897,
starchy,0.580897,
stateroom,0.580897,
statesmanship,0.580897,
statuary,0.580897,
step-by-step,0.580897,
stephanotis,0.580897,
stethoscope,0.580897,
stockroom,0.580897,
strafe,0.580897,
straggle,0.580897,
straightaway,0.580897,
stratification,0.580897,
stratified,0.580897,
stylization,0.580897,
subgross,0.580897,
subjectivist,0.580897,
sublimate,0.580897,
submucosa,0.580897,
subsystem,0.580897,
suburbanite,0.580897,
summate,0.580897,
susceptibility,0.580897,
suzerain,0.580897,
sweet-smelling,0.580897,
swig,0.580897,
tabulation,0.580897,
taffeta,0.580897,
tailgate,0.580897,
tug-of-war,0.580897,
tularemia,0.580897,
turnout,0.580897,c1
two-fold,0.580897,
typhoid,0.580897,
unanalyzed,0.580897,
unassisted,0.580897,
unconstitutional,0.580897,
unfenced,0.580897,
unheard-of,0.580897,
unhurriedly,0.580897,
unify,0.580897,
unimproved,0.580897,
sailboat,0.578897,
succumb,0.578897,c1
tweedy,0.578897,
ahem,0.578897,c1
astute,0.578897,
backyard,0.578897,c1
bittersweet,0.578897,
brainy,0.578897,
collaborator,0.578897,
caretaker,0.578897,
letterman,0.578897,
puberty,0.578897,c1
dragnet,0.578897,
fanfare,0.578897,
firepower,0.578897,
flatulence,0.578897,
enliven,0.578398,
packer,0.578398,
ironside,0.576896,
jamaica,0.576896,
jfk,0.576896,
kruger,0.576896,
lacrosse,0.576896,
minnesota,0.576896,
mugging,0.576896,
nauseating,0.576896,
wagner,0.576896,
caveman,0.576896,
melissa,0.576896,
townsfolk,0.576896,
ranger,0.576896,
shanghai,0.576896,
sherman,0.576896,
smarmy,0.576896,
ambrose,0.576896,
cliffhanger,0.576896,
clyde,0.576896,
dallas,0.576896,
donna,0.576896,
dopey,0.576896,
entrapment,0.576896,
heterosexual,0.576896,
hitler,0.576896,
hogan,0.576896,
innocuous,0.576896,
feud,0.575691,
fiendish,0.575691,
flail,0.575691,
flippant,0.575691,
heresy,0.575691,
indestructible,0.575691,
referee,0.575691,
regeneration,0.575691,
supercilious,0.575691,
unfulfilled,0.575691,
lustful,0.575691,
prim,0.575691,
unpleasantness,0.575691,
unsophisticated,0.575691,
winsome,0.575691,
cavernous,0.575691,
ceaselessly,0.575691,
automaton,0.575691,
banjo,0.575691,
bantering,0.575691,
concussion,0.575691,
degraded,0.575691,
dong,0.575192,
tailed,0.575192,
somerset,0.57369,
detour,0.57369,
cannibalism,0.57369,
unmolested,0.572485,
unreasoning,0.572485,
unremitting,0.572485,
unvarying,0.572485,
valueless,0.572485,
vernal,0.572485,
cerulean,0.572485,
malign,0.572485,
matrimonial,0.572485,
tidiness,0.572485,
torpid,0.572485,
recondite,0.572485,
reddened,0.572485,
rehearse,0.572485,c1
rejoinder,0.572485,
repugnance,0.572485,
rigger,0.572485,
semicircular,0.572485,
shank,0.572485,
sharpen,0.572485,c1
shrub,0.572485,
sibilant,0.572485,
sideboard,0.572485,
singleness,0.572485,
sinning,0.572485,
skilfully,0.572485,
snout,0.572485,
sop,0.572485,
sulkily,0.572485,
unconcern,0.572485,
unmindful,0.572485,
insertion,0.572485,
irresistibly,0.572485,
jest,0.572485,
knoll,0.572485,
pagoda,0.572485,
parapet,0.572485,
penury,0.572485,
petulance,0.572485,
pheasant,0.572485,
dissimulation,0.572485,
distantly,0.572485,
diver,0.572485,
dulcet,0.572485,
dustbin,0.572485,
eclat,0.572485,
exaltation,0.572485,
fitfully,0.572485,
flog,0.572485,
forgery,0.572485,
freckled,0.572485,
grandly,0.572485,
haughtily,0.572485,
hindmost,0.572485,
idolatry,0.572485,
indirection,0.572485,
inglorious,0.572485,
allay,0.572485,
antiquarian,0.572485,
askance,0.572485,
auburn,0.572485,
audibly,0.572485,
baleful,0.572485,
becalmed,0.572485,
bronzed,0.572485,
buffeted,0.572485,
clotted,0.572485,
congratulation,0.572485,c1
croaking,0.572485,
crosswise,0.572485,
unwritten,0.570485,
trinity,0.570485,
toothpick,0.567279,
serpentine,0.567279,
ravening,0.564073,
resistless,0.564073,
righteously,0.564073,
rous,0.564073,
sagacious,0.564073,
schoolmistress,0.564073,
scud,0.564073,
semicircle,0.564073,
shamefully,0.564073,
shoal,0.564073,
sledge,0.564073,
sooth,0.564073,
taffrail,0.564073,
unexceptionable,0.564073,
waken,0.564073,
whalebone,0.564073,
wheresoever,0.564073,
whiting,0.564073,
malignant,0.564073,
lucre,0.564073,
mortify,0.564073,
plumage,0.564073,
promontory,0.564073,
prophetess,0.564073,
aslant,0.564073,
assiduous,0.564073,
athirst,0.564073,
bondwoman,0.564073,
brine,0.564073,
circumcise,0.564073,
clasp,0.564073,
confectioner,0.564073,
croquet,0.564073,
dy,0.564073,
effusion,0.564073,
emblem,0.564073,
erst,0.564073,
extol,0.564073,
feelingly,0.564073,
henceforward,0.564073,
heraldic,0.564073,
downbeat,0.555963,
ploy,0.555963,
rockies,0.555963,
standoff,0.555963,
sweden,0.555963,
bloodbath,0.555963,
enthralled,0.553257,
fallacy,0.553257,
floppy,0.553257,
repellent,0.553257,
repulsion,0.553257,
seeker,0.553257,
undeserved,0.553257,
uninterested,0.553257,
unleash,0.553257,c1
riff,0.551256,
misfire,0.551256,
intruding,0.550051,
midwife,0.550051,
naturalist,0.550051,
pebble,0.550051,
pillaged,0.550051,
prudential,0.550051,
reconciling,0.550051,
sparing,0.550051,
sprightly,0.550051,
subsist,0.550051,
umpire,0.550051,
asparagus,0.550051,
banishment,0.550051,
breaker,0.550051,c1
concise,0.550051,
condense,0.550051,
confidant,0.550051,
wanderer,0.550051,
weasel,0.550051,
windmill,0.550051,
wrack,0.550051,
tenaciously,0.550051,
disgraceful,0.550051,
equine,0.550051,
fealty,0.550051,
feathery,0.550051,
flaxen,0.550051,
goldfish,0.550051,c1
hatted,0.550051,
indomitable,0.550051,
breasted,0.54805,
desperado,0.54805,
sporty,0.54805,
villainy,0.54805,
contrivance,0.544844,
irrepressible,0.544844,
indignity,0.544844,
heedful,0.541638,
indifferently,0.541638,
journeying,0.541638,
maddened,0.541638,
maternity,0.541638,c1
bounteous,0.541638,
conjuring,0.541638,
dalliance,0.541638,
demeanour,0.541638,
sicken,0.541638,
stork,0.541638,
purgatory,0.530822,
scrapbook,0.530822,c1
shallowness,0.530822,
sputnik,0.530822,
squeamish,0.530822,
swastika,0.530822,
bystander,0.530822,
cellist,0.530822,
meld,0.530822,
travesty,0.530822,
disturbingly,0.530822,
expendable,0.530822,
flounder,0.530822,
foursome,0.530822,
hideaway,0.530822,
improbably,0.530822,
incriminating,0.530822,
listless,0.530822,
obscenity,0.530822,
obviousness,0.530822,
orphanage,0.530822,
overloaded,0.530822,
paranormal,0.530822,
penultimate,0.530822,
abduction,0.530822,
acrobatics,0.530822,
blurry,0.530822,
boatload,0.530822,
bouncy,0.530822,
critter,0.530822,c1
das,0.530822,
derelict,0.530822,
dichotomy,0.530822,
anonymously,0.530323,
midland,0.530323,
isabella,0.528822,
jew,0.528822,
lancelot,0.528822,
lefty,0.528822,
loggia,0.528822,
mexican,0.528822,b2
mol,0.528822,
montreal,0.528822,
overkill,0.528822,
panache,0.528822,
philadelphia,0.528822,
pocahontas,0.528822,
poseidon,0.528822,
exploitative,0.528822,
fanny,0.528822,
finch,0.528822,
fingernail,0.528822,
gigolo,0.528822,
guinness,0.528822,
heartwarming,0.528822,
heinlein,0.528822,
hogarth,0.528822,
huston,0.528822,
retro,0.528822,c1
sarajevo,0.528822,
scarface,0.528822,
spillane,0.528822,
supernova,0.528822,
surfer,0.528822,
underwood,0.528822,
viking,0.528822,c1
whodunit,0.528822,
wrestler,0.528822,
caligula,0.528822,
camelot,0.528822,
cannes,0.528822,
manson,0.528822,
titus,0.528822,
transvestite,0.528822,
angus,0.528822,
benny,0.528822,
beth,0.528822,
chester,0.528822,
clarence,0.528822,
congo,0.528822,
aesthetics,0.527616,
bluster,0.527616,
consequential,0.527616,
contentedly,0.527616,
saffron,0.527616,
savagery,0.527616,
swaggering,0.527616,
unchangeable,0.527616,
undetected,0.527616,
unknowing,0.527616,
invulnerable,0.527616,
modulated,0.527616,
olden,0.527616,
priestly,0.527616,
prodigal,0.527616,
elk,0.527616,
estrangement,0.527616,
fumble,0.527616,c1
gentry,0.527616,
gnarled,0.527616,
heroically,0.527616,
hubbub,0.527616,
imprint,0.527616,c1
ingeniously,0.527616,
weld,0.527616,c1
zenith,0.527616,
cadaverous,0.527616,
maliciously,0.527616,
topple,0.527616,
unreserved,0.527117,
mediation,0.527117,
keeled,0.527117,
odour,0.527117,
pruning,0.527117,
absolve,0.527117,
augur,0.527117,
easterly,0.527117,
encumbrance,0.527117,
jawed,0.525616,
blossoming,0.52241,
evince,0.519204,
flickering,0.519204,
gong,0.519204,
indisputable,0.519204,
wordless,0.519204,
scorching,0.519204,
stun,0.519204,c1
swagger,0.519204,
lamenting,0.519204,
paddle,0.519204,c1
iran,0.507888,
jung,0.507888,
norway,0.507888,
forcefully,0.507888,
regroup,0.507888,
resurrect,0.507888,
puritan,0.505182,
sear,0.505182,
skyline,0.505182,
stiletto,0.505182,
unattainable,0.505182,
underling,0.505182,
insouciance,0.505182,
irate,0.505182,
noun,0.505182,
abhorrent,0.505182,
appallingly,0.505182,
brazenly,0.505182,
confounding,0.505182,
conventionally,0.505182,
cuff,0.505182,c1
withering,0.505182,
medley,0.505182,
duet,0.505182,
festering,0.505182,
gripes,0.505182,
immeasurably,0.505182,
improvisation,0.505182,
dismember,0.504682,
edict,0.504682,
slackness,0.504682,
someway,0.504682,
tussle,0.504682,
lipped,0.504682,
phoebe,0.503181,
rex,0.503181,
curdled,0.503181,
agonized,0.501976,
ague,0.501976,
atheistic,0.501976,
binder,0.501976,
briskness,0.501976,
cleat,0.501976,
colloquy,0.501976,
confluent,0.501976,
consistence,0.501976,
construe,0.501976,
corpulence,0.501976,
cortege,0.501976,
darkling,0.501976,
despoiled,0.501976,
diminution,0.501976,
rationalistic,0.501976,
refraction,0.501976,
riddance,0.501976,
rifled,0.501976,
scrupulously,0.501976,
sedulously,0.501976,
skulk,0.501976,
stewardship,0.501976,
stoutly,0.501976,
stumping,0.501976,
stumpy,0.501976,
sturgeon,0.501976,
succor,0.501976,
surtout,0.501976,
sylvan,0.501976,
unaccustomed,0.501976,
unadorned,0.501976,
unceasingly,0.501976,
undergrowth,0.501976,
unendurable,0.501976,
unformed,0.501976,
insignificance,0.501976,
interlacing,0.501976,
interpenetrate,0.501976,
jawbone,0.501976,
jetting,0.501976,
jiffy,0.501976,
jostle,0.501976,
levee,0.501976,
mutineer,0.501976,
nonce,0.501976,
paleness,0.501976,
pardonable,0.501976,
particularity,0.501976,
patroness,0.501976,
perplex,0.501976,
pester,0.501976,
pimpled,0.501976,
plebeian,0.501976,
pliant,0.501976,
preferment,0.501976,
presto,0.501976,
providential,0.501976,
disengage,0.501976,
dislocated,0.501976,
dissembling,0.501976,
distil,0.501976,
eatable,0.501976,
engraver,0.501976,
enrage,0.501976,
exasperate,0.501976,
fallacious,0.501976,
fluency,0.501976,
fumed,0.501976,
gainer,0.501976,
gentlemanly,0.501976,
gutter,0.501976,c1
heaves,0.501976,
idler,0.501976,
immutable,0.501976,
implore,0.501976,
inarticulate,0.501976,
inflammation,0.501976,
unmixed,0.501976,
unpremeditated,0.501976,
unreason,0.501976,
unsaid,0.501976,
unscrew,0.501976,
unsuited,0.501976,
unwounded,0.501976,
verity,0.501976,
vividness,0.501976,
waterside,0.501976,
wittingly,0.501976,
wonderfulness,0.501976,
canted,0.501976,
canvassing,0.501976,
capacious,0.501976,
chanter,0.501976,
martyrdom,0.501976,
tardy,0.501976,
tauntingly,0.501976,
thereabouts,0.501976,
trembles,0.501976,
unrestrained,0.499975,
panther,0.499975,
botch,0.499975,
deservedly,0.499975,
stash,0.499975,c1
snorting,0.49677,
confederate,0.49677,c1
dab,0.49677,c1
overjoyed,0.49677,
distrustful,0.49677,
discomposed,0.493564,
disquieted,0.493564,
dynamiter,0.493564,
emulous,0.493564,
feebleness,0.493564,
fitly,0.493564,
graciousness,0.493564,
hempen,0.493564,
heron,0.493564,
housetop,0.493564,
hundredfold,0.493564,
husbandman,0.493564,
hygienic,0.493564,
impertinence,0.493564,
adamantine,0.493564,
archway,0.493564,
armoury,0.493564,
beastly,0.493564,
bedfellow,0.493564,
bended,0.493564,
bereave,0.493564,
blasphemer,0.493564,
bondman,0.493564,
bountifully,0.493564,
brier,0.493564,
comforter,0.493564,
diadem,0.493564,
diffident,0.493564,
dint,0.493564,
untried,0.493564,
warble,0.493564,
whist,0.493564,
wight,0.493564,
chastening,0.493564,
cheerless,0.493564,
tankard,0.493564,
thronged,0.493564,
thunderbolt,0.493564,
quadrant,0.493564,
ripen,0.493564,
roe,0.493564,
scab,0.493564,
scepter,0.493564,
sevenfold,0.493564,
shingle,0.493564,
slander,0.493564,c1
snaky,0.493564,
snuffers,0.493564,
sparrow,0.493564,
spiracle,0.493564,
sulphurous,0.493564,
tuft,0.493564,
unkindness,0.493564,
jib,0.493564,
languish,0.493564,
lawgiver,0.493564,
lees,0.493564,
ministration,0.493564,
mulberry,0.493564,
murk,0.493564,
nursed,0.493564,
ostentatiously,0.493564,
postillion,0.493564,
pottage,0.493564,
provender,0.493564,
jazzy,0.482747,
jolting,0.482747,
nab,0.482747,
panoramic,0.482747,
paraphernalia,0.482747,
paternalistic,0.482747,
patriarchal,0.482747,
pentagon,0.482747,
unshaven,0.482747,
upbringing,0.482747,
visualization,0.482747,
vocally,0.482747,
yearbook,0.482747,
masculinity,0.482747,
discernable,0.482747,
enraptured,0.482747,
fabricate,0.482747,
frau,0.482747,
geriatric,0.482747,
graffiti,0.482747,
gumption,0.482747,
hamming,0.482747,
histrionics,0.482747,
arty,0.482747,
aural,0.482747,
bedridden,0.482747,
binge,0.482747,
bubbly,0.482747,
chum,0.482747,
cornucopia,0.482747,
disaffected,0.482747,
racially,0.482747,
radiate,0.482747,
sadist,0.482747,
sepia,0.482747,
sloppily,0.482747,
snoop,0.482747,
splattered,0.482747,
steroid,0.482747,
trucker,0.482747,
unadulterated,0.482747,
shambles,0.482248,
backer,0.482248,
breakneck,0.482248,
bribery,0.482248,
converging,0.482248,
delta,0.482248,
aberdeen,0.480747,
abrasive,0.480747,
amish,0.480747,c1
andromeda,0.480747,
annoyingly,0.480747,
bernstein,0.480747,
bimbo,0.480747,
bogart,0.480747,
chen,0.480747,
chevy,0.480747,
colourful,0.480747,
copycat,0.480747,
cuteness,0.480747,
delve,0.480747,
dolby,0.480747,
edgar,0.480747,
emotionless,0.480747,
ferrara,0.480747,
firestorm,0.480747,
firstly,0.480747,
fletcher,0.480747,
gia,0.480747,
hacker,0.480747,c1
henson,0.480747,
hutton,0.480747,
ineptitude,0.480747,
jasmine,0.480747,
judas,0.480747,
jumbo,0.480747,
kieslowski,0.480747,
lerner,0.480747,
mindset,0.480747,
mississippi,0.480747,
mitchum,0.480747,
mozart,0.480747,
multiplex,0.480747,
nancy,0.480747,
noah,0.480747,
penelope,0.480747,
prescott,0.480747,
verlaine,0.480747,
vigilante,0.480747,
wayland,0.480747,
burke,0.480747,
carlos,0.480747,
chang,0.480747,
chaplin,0.480747,
mack,0.480747,
mantra,0.480747,
marceau,0.480747,
massachusetts,0.480747,
terrorize,0.480747,
testosterone,0.480747,
thai,0.480747,
thematically,0.480747,
quintessential,0.480747,
ru,0.480747,
rudd,0.480747,
russia,0.480747,
saccharine,0.480747,
segal,0.480747,
shagged,0.480747,
shawn,0.480747,
shepard,0.480747,
sibling,0.480747,c1
simpson,0.480747,
skinheads,0.480747,
sullivan,0.480747,
sydney,0.480747,
uncaring,0.480747,
rafts,0.479541,
raiser,0.479541,
rickety,0.479541,
scattering,0.479541,
seducer,0.479541,
skirting,0.479541,
softener,0.479541,
suffuse,0.479541,
surfeit,0.479541,
truant,0.479541,
typify,0.479541,
invocation,0.479541,
lustily,0.479541,
mingling,0.479541,
missive,0.479541,
mistletoe,0.479541,
moot,0.479541,
nostril,0.479541,
ornate,0.479541,
personage,0.479541,
perturbed,0.479541,
prickly,0.479541,
puddle,0.479541,
afire,0.479541,
agitate,0.479541,
amplify,0.479541,
atone,0.479541,
avocation,0.479541,
baronial,0.479541,
braiding,0.479541,
clanking,0.479541,
competency,0.479541,
convalescence,0.479541,
crank,0.479541,c1
dangle,0.479541,c1
deafened,0.479541,
discoverer,0.479541,
dun,0.479541,
extermination,0.479541,
hairless,0.479541,
hustle,0.479541,c1
idolized,0.479541,
ignited,0.479541,
imponderable,0.479541,
incubus,0.479541,
incurably,0.479541,
urn,0.479541,
vagrant,0.479541,
vexatious,0.479541,
yellowish,0.479541,
cessation,0.479541,
mash,0.479541,c1
tenacious,0.479541,
wince,0.477541,
atrocity,0.477541,
biased,0.477541,
crucible,0.477541,
decipher,0.477541,
atheism,0.474335,
cockney,0.474335,
ding,0.474335,
paltry,0.474335,
goblin,0.474335,
headstrong,0.474335,
huff,0.474335,
doze,0.471129,
expound,0.471129,
appellation,0.471129,
averse,0.471129,
sift,0.471129,c1
twig,0.471129,c1
unobserved,0.471129,
bushy,0.471129,
mallet,0.471129,
laboring,0.471129,
nobly,0.471129,
nourishing,0.471129,
landfill,0.459814,
tuesday,0.459814,b1
disenchanted,0.459814,
dyer,0.459814,
goldmine,0.459814,
alienating,0.459814,
confrontational,0.459814,
derail,0.459814,
unveil,0.459814,c1
thursday,0.459814,b1
unpromising,0.457107,
whimper,0.457107,c1
challenger,0.457107,c1
dished,0.457107,
eared,0.457107,
escapade,0.457107,
fallible,0.457107,
ferret,0.457107,
fluently,0.457107,
froth,0.457107,
glacier,0.457107,
grizzly,0.457107,c1
identically,0.457107,
intruder,0.457107,c1
intuitively,0.457107,
movingly,0.457107,
muff,0.457107,
offensively,0.457107,
relishing,0.457107,
remorseful,0.457107,
rockers,0.457107,
rotund,0.457107,
rusted,0.457107,
rut,0.457107,
scour,0.457107,c1
scrubbed,0.457107,
seafaring,0.457107,
stitched,0.457107,
succinct,0.457107,
absinthe,0.457107,
acumen,0.457107,
annihilate,0.457107,
authoritatively,0.457107,
banshee,0.457107,
cynically,0.457107,
lading,0.456608,
lastingly,0.456608,
mercantile,0.456608,
moulder,0.456608,
pasturage,0.456608,
unsettle,0.456608,
untouchable,0.456608,
wrangling,0.456608,
bundling,0.456608,
disgorge,0.456608,
impede,0.456608,
resettled,0.456608,
seaboard,0.456608,
stiffen,0.456608,
marquis,0.455107,
posh,0.455107,
prentice,0.455107,
chimpanzee,0.451901,
delectable,0.451901,
unjustly,0.451901,
egotistical,0.451901,
inquisition,0.451901,
disconcerted,0.448695,
disobey,0.448695,c1
ennui,0.448695,
flamingo,0.448695,
bask,0.448695,
bountiful,0.448695,
viper,0.448695,
scandalous,0.448695,
scold,0.448695,c1
quadruple,0.434673,
rebirth,0.434673,
redemptive,0.434673,
retriever,0.434673,
ribald,0.434673,
saber,0.434673,
sanitarium,0.434673,
shoestring,0.434673,
sleuthing,0.434673,
sloshed,0.434673,
smuggle,0.434673,
snazzy,0.434673,
soulful,0.434673,
splicing,0.434673,
stupefying,0.434673,
superficiality,0.434673,
surrealist,0.434673,
underbelly,0.434673,
underhanded,0.434673,
unenviable,0.434673,
aficionado,0.434673,
afield,0.434673,
ambitiously,0.434673,
atrociously,0.434673,
ballerina,0.434673,
booted,0.434673,
bourgeoisie,0.434673,
brashness,0.434673,
circuitry,0.434673,
clamoring,0.434673,
claustrophobia,0.434673,
clocking,0.434673,
commandant,0.434673,
conceptually,0.434673,
connote,0.434673,
cozy,0.434673,c1
crotchety,0.434673,
crusher,0.434673,
dauphin,0.434673,
diehard,0.434673,
dill,0.434673,
disenfranchised,0.434673,
disown,0.434673,
doomsday,0.434673,
electrifying,0.434673,
erotica,0.434673,
euphoric,0.434673,
extramarital,0.434673,
flamboyantly,0.434673,
flirtatious,0.434673,
forensic,0.434673,
fracture,0.434673,c1
gadgetry,0.434673,
gangland,0.434673,
geneticist,0.434673,
goody,0.434673,
gunk,0.434673,
hesitance,0.434673,
humanly,0.434673,
hypnosis,0.434673,
hypodermic,0.434673,
imaginatively,0.434673,
ineptly,0.434673,
intoxicating,0.434673,
jab,0.434673,c1
meteoric,0.434673,
moralistic,0.434673,
naturalism,0.434673,
newsman,0.434673,
newsreel,0.434673,
nubile,0.434673,
overprotective,0.434673,
pestering,0.434673,
petulant,0.434673,
plod,0.434673,
polo,0.434673,
predestined,0.434673,
propelling,0.434673,
prototypical,0.434673,
verisimilitude,0.434673,
wallop,0.434673,
wop,0.434673,
wordy,0.434673,
yeller,0.434673,
bungalow,0.434673,
cheetah,0.434673,
masking,0.434673,
mawkish,0.434673,
tangential,0.434673,
triad,0.434673,
wetter,0.434173,
equalizer,0.434173,
gander,0.434173,
rectified,0.434173,
sept,0.434173,
straddle,0.434173,
blender,0.434173,
conn,0.434173,
dependant,0.434173,
deploy,0.434173,c1
patching,0.434173,
intergalactic,0.432672,
karate,0.432672,c1
kentucky,0.432672,
kinky,0.432672,
lena,0.432672,
lesbianism,0.432672,
lincoln,0.432672,
louisiana,0.432672,
loveable,0.432672,
luther,0.432672,
mismatched,0.432672,
mit,0.432672,
mogul,0.432672,
moniker,0.432672,
norris,0.432672,
patently,0.432672,
pr,0.432672,
rameses,0.432672,
rhea,0.432672,
ridley,0.432672,
riley,0.432672,
romulus,0.432672,
scotland,0.432672,
sheridan,0.432672,
snowman,0.432672,c1
swanson,0.432672,
tacky,0.432672,
typecast,0.432672,
unlikeable,0.432672,
vapid,0.432672,
carroll,0.432672,
caruso,0.432672,
cautionary,0.432672,
marlowe,0.432672,
tate,0.432672,
technicolor,0.432672,
thailand,0.432672,
thespian,0.432672,
tibetan,0.432672,
dj,0.432672,c1
dreck,0.432672,
eckhart,0.432672,
edison,0.432672,
goldeneye,0.432672,
gridlock,0.432672,
hamilton,0.432672,
hannibal,0.432672,
hartley,0.432672,
heartstrings,0.432672,
hokum,0.432672,
holland,0.432672,
houston,0.432672,
adrian,0.432672,
afro,0.432672,
aladdin,0.432672,
anticlimactic,0.432672,
atlanta,0.432672,
atlantis,0.432672,
bahamas,0.432672,
bailey,0.432672,
blaxploitation,0.432672,
cinderella,0.432672,
collide,0.432672,c1
criminally,0.432672,
dalton,0.432672,
devon,0.432672,
abbreviation,0.431467,
abed,0.431467,
abridged,0.431467,
admonishing,0.431467,
affix,0.431467,
aforethought,0.431467,
agreeableness,0.431467,
antecedent,0.431467,
assiduity,0.431467,
astral,0.431467,
badinage,0.431467,
beadle,0.431467,
beheading,0.431467,
belfry,0.431467,
bloodshot,0.431467,
bombardment,0.431467,
brownish,0.431467,
bulkhead,0.431467,
circumspectly,0.431467,
citron,0.431467,
clod,0.431467,
colicky,0.431467,
collation,0.431467,
companionable,0.431467,
conciliate,0.431467,
conflagration,0.431467,
contralto,0.431467,
copiously,0.431467,
corded,0.431467,
coriander,0.431467,
coursing,0.431467,
crucifixion,0.431467,
daunted,0.431467,
deport,0.431467,
desultory,0.431467,
detestation,0.431467,
devoutly,0.431467,
unnumbered,0.431467,
unpack,0.431467,c1
unseemly,0.431467,
unselfish,0.431467,
unsteadily,0.431467,
untellable,0.431467,
upturned,0.431467,
vindicate,0.431467,
vitiated,0.431467,
wrathful,0.431467,
buttressed,0.431467,
captious,0.431467,
careworn,0.431467,
cascade,0.431467,c1
chamois,0.431467,
mauve,0.431467,
tarpaulin,0.431467,
telescopic,0.431467,
testily,0.431467,
thicken,0.431467,
tilled,0.431467,
tilth,0.431467,
toleration,0.431467,
tongued,0.431467,
transcribe,0.431467,
instigation,0.431467,
intemperance,0.431467,
invader,0.431467,c1
inviolable,0.431467,
ladle,0.431467,
larkspur,0.431467,
lettered,0.431467,
lewdly,0.431467,
libertine,0.431467,
lilt,0.431467,
listlessly,0.431467,
mettlesome,0.431467,
misconstruction,0.431467,
muezzin,0.431467,
mystification,0.431467,
ninetieth,0.431467,
nothings,0.431467,
novitiate,0.431467,
officiating,0.431467,
oscillating,0.431467,
pathless,0.431467,
patrician,0.431467,
pith,0.431467,
porridge,0.431467,
premonitory,0.431467,
prettiness,0.431467,
protoplasm,0.431467,
querulous,0.431467,
recumbent,0.431467,
reparation,0.431467,
repeater,0.431467,
repentant,0.431467,
replication,0.431467,
requisition,0.431467,
rhododendron,0.431467,
roofed,0.431467,
russet,0.431467,
schoolgirl,0.431467,
scoffing,0.431467,
scurvy,0.431467,
seclude,0.431467,
secularist,0.431467,
sharpness,0.431467,
shunning,0.431467,
singularity,0.431467,
slanderous,0.431467,
slavish,0.431467,
slouch,0.431467,
sou,0.431467,
sprig,0.431467,
stanch,0.431467,
stealthily,0.431467,
suavity,0.431467,
subaltern,0.431467,
superintend,0.431467,
symmetrically,0.431467,
tableau,0.431467,
truculent,0.431467,
unacknowledged,0.431467,
unbound,0.431467,
unction,0.431467,
undertaker,0.431467,
unequalled,0.431467,
unfastened,0.431467,
unmarked,0.431467,
disbelieve,0.431467,
distension,0.431467,
domesticity,0.431467,
drowsily,0.431467,
dyspeptic,0.431467,
edified,0.431467,
elapse,0.431467,
elfin,0.431467,
entanglement,0.431467,
enumeration,0.431467,
erudition,0.431467,
evaporate,0.431467,
exorbitant,0.431467,
fawn,0.431467,
feigning,0.431467,
foundling,0.431467,
frowningly,0.431467,
furled,0.431467,
gabble,0.431467,
gorgeously,0.431467,
gossiping,0.431467,
greenly,0.431467,
grimness,0.431467,
grindstone,0.431467,
guiltiness,0.431467,
gunner,0.431467,
harass,0.431467,c1
helpmate,0.431467,
horsewoman,0.431467,
huskily,0.431467,
immoderate,0.431467,
impelling,0.431467,
imperceptible,0.431467,
imperturbable,0.431467,
inadvertence,0.431467,
incoherently,0.431467,
indivisible,0.431467,
indolently,0.431467,
infernally,0.431467,
infuriate,0.431467,
inimical,0.431467,
disgustingly,0.429466,
iv,0.429466,
partridge,0.429466,
babble,0.429466,
berg,0.429466,
cuckoo,0.429466,c1
antichrist,0.42626,
conduit,0.42626,
insincerity,0.42626,
insular,0.42626,
errant,0.42626,
flea,0.42626,c1
ingenuous,0.42626,
upstart,0.42626,
smother,0.42626,c1
swordsman,0.42626,
tut,0.42626,
quietude,0.423054,
rapturous,0.423054,
relent,0.423054,
remiss,0.423054,
rending,0.423054,
reproachfully,0.423054,
rind,0.423054,
sagacity,0.423054,
sluggard,0.423054,
stile,0.423054,
stolidity,0.423054,
strew,0.423054,
sturdily,0.423054,
sufferance,0.423054,
superscription,0.423054,
talebearer,0.423054,
undeviating,0.423054,
unfruitful,0.423054,
ungovernable,0.423054,
unguarded,0.423054,
unlearned,0.423054,
displease,0.423054,
divorcement,0.423054,
dwarfish,0.423054,
effuse,0.423054,
elate,0.423054,
empyrean,0.423054,
exactness,0.423054,
firewood,0.423054,
forbearing,0.423054,
forcible,0.423054,
foremast,0.423054,
gaol,0.423054,
genially,0.423054,
hoar,0.423054,
inattention,0.423054,
incorruption,0.423054,
indiscriminately,0.423054,
indissoluble,0.423054,
innocency,0.423054,
abashed,0.423054,
adder,0.423054,
affectedly,0.423054,
albatross,0.423054,
amain,0.423054,
amiably,0.423054,
aquiline,0.423054,
bedstead,0.423054,
beseeching,0.423054,
brindled,0.423054,
comeliness,0.423054,
condolence,0.423054,
counterpane,0.423054,
coxcomb,0.423054,
damnable,0.423054,
descry,0.423054,
intolerably,0.423054,
intoxication,0.423054,
jackanapes,0.423054,
juniper,0.423054,
keepsake,0.423054,
kingly,0.423054,
lank,0.423054,
lasciviousness,0.423054,
leprous,0.423054,
livelong,0.423054,
loggerhead,0.423054,
meridian,0.423054,
mete,0.423054,
mote,0.423054,
muslin,0.423054,
nicety,0.423054,
pealing,0.423054,
pendant,0.423054,
peremptorily,0.423054,
plentifully,0.423054,
presumptuously,0.423054,
princely,0.423054,
provident,0.423054,
publican,0.423054,
unprincipled,0.423054,
unsuspicious,0.423054,
unthought,0.423054,
unwonted,0.423054,
wayfaring,0.423054,
whet,0.423054,
wretchedly,0.423054,
wriggling,0.423054,
caldron,0.423054,
cankerworm,0.423054,
magpie,0.423054,
thrush,0.423054,
thunderstruck,0.423054,
topaz,0.423054,
triumphal,0.423054,
capitalise,0.411739,
theorist,0.411739,c1
acrimonious,0.411739,
advertiser,0.411739,
airliner,0.411739,
destruct,0.411739,
reclusive,0.411739,
snowbound,0.411739,
strident,0.411739,
uncharacteristic,0.411739,
dribble,0.411739,c1
hiccup,0.411739,
instill,0.411739,
lithium,0.411739,
michigan,0.411739,
porcine,0.411739,
powerhouse,0.411739,
invulnerability,0.409032,
joust,0.409032,
kaleidoscope,0.409032,
libel,0.409032,
mirthless,0.409032,
mockingly,0.409032,
mystified,0.409032,
napping,0.409032,
outhouse,0.409032,
patronize,0.409032,
pelvis,0.409032,
permeate,0.409032,
perusing,0.409032,
pettiness,0.409032,
philosophically,0.409032,
problematical,0.409032,
projectile,0.409032,
propagate,0.409032,
prurient,0.409032,
retina,0.409032,
scuffle,0.409032,
shrunken,0.409032,
slinging,0.409032,
smothering,0.409032,
staggeringly,0.409032,
startle,0.409032,c1
stigma,0.409032,
stirrup,0.409032,
stonily,0.409032,
unblemished,0.409032,
unexplainable,0.409032,
unflagging,0.409032,
unpleasantly,0.409032,
unrepentant,0.409032,
unthinking,0.409032,
untidy,0.409032,
upstanding,0.409032,
victoriously,0.409032,
wilted,0.409032,
yokel,0.409032,
bungled,0.409032,
cadaver,0.409032,
carte,0.409032,
mackintosh,0.409032,
majestically,0.409032,
mantlepiece,0.409032,
therefor,0.409032,
thrive,0.409032,c1
trinket,0.409032,
ab,0.409032,
adroit,0.409032,
adulation,0.409032,
amphibious,0.409032,
annex,0.409032,c1
auctioneer,0.409032,
beatific,0.409032,
bewilderingly,0.409032,
blackening,0.409032,
bookish,0.409032,
botanical,0.409032,
bracket,0.409032,
bragging,0.409032,
chiding,0.409032,
chronically,0.409032,
clandestine,0.409032,
coarsely,0.409032,
commiserate,0.409032,
conventionality,0.409032,
covertly,0.409032,
creativeness,0.409032,
crystallized,0.409032,
curdling,0.409032,
curt,0.409032,
detach,0.409032,
disbelieving,0.409032,
disreputable,0.409032,
disservice,0.409032,
doltish,0.409032,
drugging,0.409032,
equidistant,0.409032,
exhilarated,0.409032,
expelling,0.409032,
faucet,0.409032,
forethought,0.409032,
formidably,0.409032,
gab,0.409032,
gossamer,0.409032,
guileless,0.409032,
haggardly,0.409032,
harmlessly,0.409032,
haystack,0.409032,
hydrophobia,0.409032,
incorrigible,0.409032,
indigestion,0.409032,
inhospitable,0.409032,
furlong,0.407032,
goer,0.407032,
gunshot,0.407032,c1
watergate,0.407032,
wheeler,0.407032,
promiscuous,0.407032,
shrew,0.407032,
stabbing,0.403826,
undress,0.403826,
unflinching,0.403826,
leer,0.403826,
pining,0.403826,
watcher,0.403826,c1
bared,0.403826,
deliriously,0.403826,
abhorrence,0.40062,
cogent,0.40062,
craftiness,0.40062,
dally,0.40062,
morbidity,0.40062,
feign,0.40062,
fixedly,0.40062,
impostor,0.40062,
quire,0.40062,
reptile,0.40062,
resound,0.40062,
sooty,0.40062,
sulk,0.40062,
tropic,0.40062,
cheerily,0.40062,
tiptoe,0.40062,
unmotivated,0.386598,
unreleased,0.386598,
unromantic,0.386598,
ussr,0.386598,
virtuosity,0.386598,
viscera,0.386598,
vitriol,0.386598,
whopping,0.386598,
bureaucrat,0.386598,
callously,0.386598,
capably,0.386598,
caricaturist,0.386598,
caveat,0.386598,
chaperone,0.386598,
malnourished,0.386598,
marooned,0.386598,
mascara,0.386598,
matriarch,0.386598,
memo,0.386598,c1
memoir,0.386598,c1
teamwork,0.386598,c1
throaty,0.386598,
tiredness,0.386598,
transvestitism,0.386598,
disoriented,0.386598,
dispassionate,0.386598,
disrobe,0.386598,
ditty,0.386598,
doctorate,0.386598,
doped,0.386598,
dramatization,0.386598,
drawbridge,0.386598,
dreariness,0.386598,
duct,0.386598,
effete,0.386598,
egocentric,0.386598,
emasculation,0.386598,
encyclopedia,0.386598,
erotically,0.386598,
exorcise,0.386598,
expressionistic,0.386598,
filmy,0.386598,
flora,0.386598,
flutist,0.386598,
garbed,0.386598,
ghoul,0.386598,
glum,0.386598,
gobbledygook,0.386598,
gratingly,0.386598,
hackwork,0.386598,
handstand,0.386598,
haphazardly,0.386598,
hardworking,0.386598,
hideout,0.386598,
hindering,0.386598,
horrifyingly,0.386598,
incompleteness,0.386598,
inconspicuously,0.386598,
inopportune,0.386598,
inscrutability,0.386598,
absentee,0.386598,
absolution,0.386598,
airlock,0.386598,
alum,0.386598,
ambiance,0.386598,
amorality,0.386598,
anecdotal,0.386598,
artificiality,0.386598,
astound,0.386598,
avidly,0.386598,
backstage,0.386598,c1
ballyhoo,0.386598,
bedpost,0.386598,
belting,0.386598,
bilingual,0.386598,
blouse,0.386598,c1
broach,0.386598,
chicanery,0.386598,
chopper,0.386598,
christening,0.386598,
clairvoyant,0.386598,
closeup,0.386598,
coalesce,0.386598,
coastline,0.386598,
compendium,0.386598,
concurrently,0.386598,
consul,0.386598,
crooning,0.386598,
crossover,0.386598,
debatable,0.386598,
degeneration,0.386598,
deprivation,0.386598,
derogatory,0.386598,
devastate,0.386598,c1
instigate,0.386598,
intensively,0.386598,
introverted,0.386598,
lackadaisical,0.386598,
laxative,0.386598,
limply,0.386598,
mercer,0.386598,
milquetoast,0.386598,
minimally,0.386598,
misogynist,0.386598,
missy,0.386598,
mosquito,0.386598,c1
motherland,0.386598,
neurological,0.386598,
newlywed,0.386598,
offhand,0.386598,
outfitted,0.386598,
panicky,0.386598,
parachute,0.386598,
patriarchy,0.386598,
perk,0.386598,c1
poignantly,0.386598,
polemic,0.386598,
puerile,0.386598,
punishable,0.386598,
puritanical,0.386598,
purportedly,0.386598,
putty,0.386598,
quagmire,0.386598,
quizzical,0.386598,
rawhide,0.386598,
redheaded,0.386598,
rediscover,0.386598,
regimen,0.386598,
revelatory,0.386598,
ribbing,0.386598,
rollickingly,0.386598,
roughneck,0.386598,
ruggedly,0.386598,
sagebrush,0.386598,
satirist,0.386598,
scathingly,0.386598,
schoolwork,0.386598,c1
scratchy,0.386598,
scrumptious,0.386598,
sculpted,0.386598,
smallish,0.386598,
smoldering,0.386598,
sonic,0.386598,
starkly,0.386598,
subjugate,0.386598,
submerging,0.386598,
swanky,0.386598,
sweepstakes,0.386598,
swimsuit,0.386598,
unappreciated,0.386598,
unashamedly,0.386598,
undetectable,0.386598,
unearth,0.386598,
unease,0.386598,
uninvolved,0.386598,
quarantine,0.386099,
receptivity,0.386099,
sardine,0.386099,
seasonable,0.386099,
smouldering,0.386099,
southwards,0.386099,
spirt,0.386099,
unaltered,0.386099,
unbleached,0.386099,
abate,0.386099,
aver,0.386099,
balloting,0.386099,
clotting,0.386099,
cobweb,0.386099,
constructor,0.386099,
culpable,0.386099,
wrangle,0.386099,
triennial,0.386099,
halve,0.386099,
impoverish,0.386099,
improbability,0.386099,
inflexibility,0.386099,
lateral,0.386099,
lowland,0.386099,
militate,0.386099,
nutritious,0.386099,
outbound,0.386099,
outstrip,0.386099,
panelling,0.386099,
pathfinder,0.386099,
kahn,0.384598,
korda,0.384598,
leone,0.384598,
liman,0.384598,
ling,0.384598,
loner,0.384598,
messiah,0.384598,
misogynistic,0.384598,
morpheus,0.384598,
moscow,0.384598,
nastiness,0.384598,
nefarious,0.384598,
nevada,0.384598,
niagara,0.384598,
obsessively,0.384598,
odin,0.384598,
orleans,0.384598,
pascal,0.384598,
pei,0.384598,
pesky,0.384598,
pimple,0.384598,
vcr,0.384598,
virginia,0.384598,
wilkinson,0.384598,
womanizer,0.384598,
bumpy,0.384598,c1
burnham,0.384598,
calvin,0.384598,
castro,0.384598,
centerpiece,0.384598,
tara,0.384598,
terence,0.384598,
terrifically,0.384598,
tiffany,0.384598,
toller,0.384598,
torturous,0.384598,
trent,0.384598,
trey,0.384598,
trickery,0.384598,
rainmaker,0.384598,
raja,0.384598,
rockwell,0.384598,
schmidt,0.384598,
schoolteacher,0.384598,
scientology,0.384598,
seymour,0.384598,
shelley,0.384598,
sleaze,0.384598,
spiteful,0.384598,
squirm,0.384598,
stinker,0.384598,
stoppard,0.384598,
stowe,0.384598,
stylishly,0.384598,
ufo,0.384598,
uhf,0.384598,
acerbic,0.384598,
addled,0.384598,
alcott,0.384598,
android,0.384598,c1
armin,0.384598,
austen,0.384598,
autopilot,0.384598,
benjamin,0.384598,
berlin,0.384598,
bookend,0.384598,
bryan,0.384598,
chimp,0.384598,
chon,0.384598,
christie,0.384598,
clunky,0.384598,
columbus,0.384598,
comatose,0.384598,
dc,0.384598,
demonic,0.384598,
dimwit,0.384598,
disappointingly,0.384598,
disastrously,0.384598,
dumas,0.384598,
eden,0.384598,
eroticism,0.384598,
escapism,0.384598,
fascism,0.384598,
fischer,0.384598,
forgivable,0.384598,
frenchman,0.384598,
goldwyn,0.384598,
gould,0.384598,
hayes,0.384598,
heavyweight,0.384598,
humorless,0.384598,
embarrass,0.381392,c1
humiliate,0.381392,c1
reaper,0.381392,
reticent,0.381392,
sacrilegious,0.381392,
taciturn,0.381392,
ode,0.381392,
wonderment,0.381392,
babbling,0.381392,
beholder,0.381392,
clashing,0.381392,
affability,0.378186,
comprehensible,0.378186,
longingly,0.378186,
mower,0.378186,
pawnbroker,0.378186,
plaudits,0.378186,
playfulness,0.378186,
primrose,0.378186,
downy,0.378186,
drearily,0.378186,
exhale,0.378186,
housemaid,0.378186,
inconsiderate,0.378186,
inheriting,0.378186,
roebuck,0.378186,
sate,0.378186,
seaport,0.378186,
spud,0.378186,
straying,0.378186,
tearful,0.378186,
unrefined,0.363664,
unveiling,0.363664,
usda,0.363664,
valencia,0.363664,
workload,0.363664,
manageable,0.363664,c1
trinidad,0.363664,
dredge,0.363664,
egregious,0.363664,
electromagnetic,0.363664,
enhancer,0.363664,
expo,0.363664,
fe,0.363664,
fiberglass,0.363664,
fryer,0.363664,
fueling,0.363664,
gamesmanship,0.363664,
gantry,0.363664,
heartland,0.363664,
illicitly,0.363664,
inappropriately,0.363664,
amenities,0.363664,
chiller,0.363664,
colombian,0.363664,
commercialize,0.363664,
commissioning,0.363664,
condominium,0.363664,
costumer,0.363664,
cyanide,0.363664,
iranian,0.363664,c1
iraq,0.363664,
jeopardise,0.363664,
jugular,0.363664,
kuwait,0.363664,
letup,0.363664,
milo,0.363664,
moribund,0.363664,
motorized,0.363664,
orientated,0.363664,
overview,0.363664,c1
pollination,0.363664,
prerecorded,0.363664,
publicised,0.363664,
punt,0.363664,c1
revitalise,0.363664,
saharan,0.363664,
scanner,0.363664,c1
separatist,0.363664,
shelve,0.363664,
shoring,0.363664,
skittish,0.363664,
stranglehold,0.363664,
tailing,0.363664,
understate,0.363664,
unethical,0.363664,
uninfected,0.363664,
uninsured,0.363664,
purposeless,0.360958,
quilted,0.360958,
recapitulation,0.360958,
remonstrate,0.360958,
remunerative,0.360958,
retinue,0.360958,
revery,0.360958,
rime,0.360958,
rippled,0.360958,
roomy,0.360958,
roundness,0.360958,
rove,0.360958,
rubicund,0.360958,
rudderless,0.360958,
rusting,0.360958,
salamander,0.360958,
sandpaper,0.360958,
schism,0.360958,
seamanship,0.360958,
searchingly,0.360958,
seditious,0.360958,
severally,0.360958,
shambling,0.360958,
shinbone,0.360958,
shunt,0.360958,
sidle,0.360958,
simile,0.360958,
slacking,0.360958,
slivery,0.360958,
slyness,0.360958,
soldiering,0.360958,
soreness,0.360958,
spavined,0.360958,
spume,0.360958,
stevedore,0.360958,
stolid,0.360958,
storeroom,0.360958,
stratagem,0.360958,
strophe,0.360958,
sublimed,0.360958,
subpoena,0.360958,c1
supine,0.360958,
suppleness,0.360958,
surcease,0.360958,
sweltering,0.360958,
syringa,0.360958,
systematization,0.360958,
tunic,0.360958,
tyrannize,0.360958,
ulcerated,0.360958,
unappeasable,0.360958,
unavailing,0.360958,
unbent,0.360958,
unconcernedly,0.360958,
undigested,0.360958,
unfalteringly,0.360958,
unfixed,0.360958,
ungoverned,0.360958,
unharmonious,0.360958,
unhurt,0.360958,
uninfluenced,0.360958,
uninterruptedly,0.360958,
unmanageably,0.360958,
abjectly,0.360958,
absentmindedly,0.360958,
acclamation,0.360958,
agitating,0.360958,
airless,0.360958,
alderman,0.360958,
alertly,0.360958,
allurement,0.360958,
ambuscade,0.360958,
anciently,0.360958,
angling,0.360958,
anomalous,0.360958,
antic,0.360958,
antipodes,0.360958,
apotheosis,0.360958,
apprenticed,0.360958,
arrogantly,0.360958,
arrogate,0.360958,
ascendancy,0.360958,
ascertainable,0.360958,
asceticism,0.360958,
auspiciously,0.360958,
baptismal,0.360958,
basso,0.360958,
bedraggled,0.360958,
befogged,0.360958,
beginner,0.360958,c1
besieging,0.360958,
bettering,0.360958,
biographer,0.360958,
bitters,0.360958,
blacking,0.360958,
bleat,0.360958,
boar,0.360958,
bowstring,0.360958,
brimful,0.360958,
broccoli,0.360958,
buckshot,0.360958,
chilblains,0.360958,
circumpolar,0.360958,
circumscribed,0.360958,
coarsened,0.360958,
codfish,0.360958,
cohere,0.360958,
colossus,0.360958,
compactly,0.360958,
companionway,0.360958,
complaisant,0.360958,
compressing,0.360958,
congeniality,0.360958,
conservatory,0.360958,
constraining,0.360958,
continence,0.360958,
contraband,0.360958,
contradistinction,0.360958,
conventionalized,0.360958,
cove,0.360958,
cowhide,0.360958,
cumulus,0.360958,
cur,0.360958,
dabbler,0.360958,
daintily,0.360958,
dappled,0.360958,
deadness,0.360958,
decompose,0.360958,
decorous,0.360958,
deferment,0.360958,
dehumanised,0.360958,
dejeuner,0.360958,
demoralized,0.360958,
deplorably,0.360958,
depose,0.360958,
deprecatory,0.360958,
devising,0.360958,
diaphanous,0.360958,
dilettante,0.360958,
disaffection,0.360958,
unproved,0.360958,
unrifled,0.360958,
unruffled,0.360958,
unsealed,0.360958,
unshakable,0.360958,
unshaved,0.360958,
upraised,0.360958,
vaquero,0.360958,
varnish,0.360958,
vassal,0.360958,
veined,0.360958,
vented,0.360958,
ventilated,0.360958,
veracious,0.360958,
villager,0.360958,c1
vivify,0.360958,
vocalism,0.360958,
voraciously,0.360958,
wakening,0.360958,
wastrel,0.360958,
wold,0.360958,
wonderingly,0.360958,
woodpecker,0.360958,
wrongdoer,0.360958,
youngish,0.360958,
zoology,0.360958,
canker,0.360958,
canter,0.360958,
chaperon,0.360958,
charitably,0.360958,
magnetically,0.360958,
manikin,0.360958,
manliness,0.360958,
marbleized,0.360958,
masterly,0.360958,
mastiff,0.360958,
memoranda,0.360958,
tartly,0.360958,
taxicab,0.360958,
teething,0.360958,
telegraphy,0.360958,
temperately,0.360958,
thickening,0.360958,
thinness,0.360958,
thoroughness,0.360958,
thwack,0.360958,
tigress,0.360958,
tincture,0.360958,
tinning,0.360958,
toasting,0.360958,
togs,0.360958,
tout,0.360958,c1
townsman,0.360958,
tremulously,0.360958,
disengagement,0.360958,
disorderliness,0.360958,
disquietude,0.360958,
distractedly,0.360958,
divider,0.360958,
doorkeeper,0.360958,
dower,0.360958,
dram,0.360958,
drizzly,0.360958,
droppings,0.360958,
drouth,0.360958,
drowsing,0.360958,
elephantine,0.360958,
elucidation,0.360958,
embouchure,0.360958,
encircle,0.360958,
encouragingly,0.360958,
epicycle,0.360958,
equipping,0.360958,
equivocal,0.360958,
euphemism,0.360958,
eventuate,0.360958,
everlastingly,0.360958,
expansively,0.360958,
expend,0.360958,
exquisiteness,0.360958,
extempore,0.360958,
extenuate,0.360958,
faery,0.360958,
falsifying,0.360958,
felicitous,0.360958,
feller,0.360958,
flapper,0.360958,
fleck,0.360958,
flecked,0.360958,
footfall,0.360958,
framer,0.360958,
fruitlessly,0.360958,
galling,0.360958,
garrulous,0.360958,
gauze,0.360958,
geometrical,0.360958,
gibbet,0.360958,
glutinous,0.360958,
gnomon,0.360958,
goad,0.360958,
godhead,0.360958,
grandiloquent,0.360958,
gravestone,0.360958,
greensward,0.360958,
grocer,0.360958,
groggy,0.360958,
grooved,0.360958,
groundless,0.360958,
halcyon,0.360958,
halter,0.360958,
handmaiden,0.360958,
harmoniously,0.360958,
harpy,0.360958,
heavenward,0.360958,
hegemony,0.360958,
heliotrope,0.360958,
highland,0.360958,
hob,0.360958,
hothouse,0.360958,
humanely,0.360958,
hurler,0.360958,
hyaline,0.360958,
hypothesize,0.360958,
icicle,0.360958,
immodest,0.360958,
impassively,0.360958,
imperceptibly,0.360958,
impersonally,0.360958,
imploring,0.360958,
impudently,0.360958,
incontestable,0.360958,
inconveniently,0.360958,
indecisively,0.360958,
indefiniteness,0.360958,
indelicate,0.360958,
indolence,0.360958,
inexpert,0.360958,
inextricable,0.360958,
instigator,0.360958,
interpolation,0.360958,
intestine,0.360958,
invert,0.360958,
irrationally,0.360958,
irresolution,0.360958,
irritability,0.360958,
jumper,0.360958,
justness,0.360958,
knightly,0.360958,
ladylike,0.360958,
larder,0.360958,
laughingly,0.360958,
legatee,0.360958,
liqueur,0.360958,
literalism,0.360958,
loon,0.360958,
lowlands,0.360958,
lute,0.360958,
luxuriance,0.360958,
mew,0.360958,
mien,0.360958,
misanthrope,0.360958,
miscreant,0.360958,
monkish,0.360958,
monosyllable,0.360958,
nebula,0.360958,
nerveless,0.360958,
noblesse,0.360958,
northerly,0.360958,
nymph,0.360958,
obtrusiveness,0.360958,
occidental,0.360958,
officiate,0.360958,
omnipotence,0.360958,
opalescent,0.360958,
optically,0.360958,
organist,0.360958,
pallet,0.360958,
parsimonious,0.360958,
passively,0.360958,
passiveness,0.360958,
perfumery,0.360958,
perspiration,0.360958,
photographically,0.360958,
pickaxe,0.360958,
pinning,0.360958,
piously,0.360958,
pitilessly,0.360958,
plastering,0.360958,
playtime,0.360958,
plenitude,0.360958,
pliable,0.360958,
pocketful,0.360958,
polity,0.360958,
pontifical,0.360958,
poplar,0.360958,
poplin,0.360958,
practicability,0.360958,
preponderating,0.360958,
presage,0.360958,
prescriptive,0.360958,
probity,0.360958,
protrusion,0.360958,
protuberance,0.360958,
invisibility,0.358957,
oeuvre,0.358957,
cam,0.358957,
celibacy,0.358957,
charmer,0.358957,
riotously,0.358957,
uneventful,0.358957,
afterglow,0.358957,
hairdresser,0.358957,
inbred,0.358957,
dutiful,0.355751,
greyhound,0.355751,
hanger,0.355751,c1
rover,0.355751,
unbiased,0.355751,
unequivocal,0.355751,
lethargic,0.355751,
muddle,0.355751,
marsh,0.355751,
countess,0.355751,
crumb,0.355751,c1
deprecation,0.355751,
abase,0.352545,
adhesiveness,0.352545,
adjure,0.352545,
admonish,0.352545,
arrant,0.352545,
battledore,0.352545,
benignity,0.352545,
bestir,0.352545,
bigness,0.352545,
billow,0.352545,
borderland,0.352545,
bramble,0.352545,
cleanness,0.352545,
clinking,0.352545,
clipper,0.352545,
cockade,0.352545,
concord,0.352545,
cordage,0.352545,
cormorant,0.352545,
coronation,0.352545,
cowslip,0.352545,
crosse,0.352545,
cumbrous,0.352545,
deceitfulness,0.352545,
deity,0.352545,
desist,0.352545,
dimness,0.352545,
insupportable,0.352545,
interpose,0.352545,
islet,0.352545,
jointure,0.352545,
labourer,0.352545,
laburnum,0.352545,
lambent,0.352545,
languor,0.352545,
lave,0.352545,
leanness,0.352545,
luxuriant,0.352545,
mincer,0.352545,
misapprehension,0.352545,
multiform,0.352545,
nighest,0.352545,
nimbus,0.352545,
noiselessly,0.352545,
noisome,0.352545,
nosegay,0.352545,
ostler,0.352545,
outmost,0.352545,
overspread,0.352545,
parallelogram,0.352545,
pasteboard,0.352545,
peal,0.352545,
pelican,0.352545,
penitence,0.352545,
penitent,0.352545,
persecutor,0.352545,
persevering,0.352545,
placidity,0.352545,
prepossession,0.352545,
preserver,0.352545,
dissipation,0.352545,
drench,0.352545,
dromedary,0.352545,
dunce,0.352545,
edify,0.352545,
enclose,0.352545,
ene,0.352545,
eventide,0.352545,
expatiate,0.352545,
exultingly,0.352545,
fearfulness,0.352545,
fettered,0.352545,
firework,0.352545,
fleecy,0.352545,
furthest,0.352545,
gayly,0.352545,
glistering,0.352545,
hawser,0.352545,
helmeted,0.352545,
hieroglyphic,0.352545,
honourably,0.352545,
hookah,0.352545,
ignoble,0.352545,
impure,0.352545,
inclining,0.352545,
quadruped,0.352545,
redness,0.352545,
remonstrance,0.352545,
rivulet,0.352545,
rottenness,0.352545,
rueful,0.352545,
sanctification,0.352545,
scallop,0.352545,
scaly,0.352545,
scorch,0.352545,
shorn,0.352545,
situate,0.352545,c1
slacken,0.352545,
sloped,0.352545,
soonest,0.352545,
sparingly,0.352545,
subterraneous,0.352545,
succour,0.352545,
suckling,0.352545,
sufferable,0.352545,
tufted,0.352545,
tun,0.352545,
twill,0.352545,
unbar,0.352545,
unpleasing,0.352545,
unrecorded,0.352545,
unsought,0.352545,
untempered,0.352545,
usurpation,0.352545,
vacantly,0.352545,
vane,0.352545,
varnished,0.352545,
victual,0.352545,
wantonness,0.352545,
whirr,0.352545,
worshipper,0.352545,
casement,0.352545,
cataract,0.352545,
ceremonious,0.352545,
chasten,0.352545,
magnanimous,0.352545,
mammy,0.352545,
manger,0.352545,
marvellously,0.352545,
mead,0.352545,
mediaeval,0.352545,
tempter,0.352545,
theoretic,0.352545,
threepence,0.352545,
timbrel,0.352545,
transgressor,0.352545,
unpaved,0.338523,
untraditional,0.338523,
validating,0.338523,
vandalism,0.338523,
vehicular,0.338523,
vernier,0.338523,
victimize,0.338523,
volleyball,0.338523,
wads,0.338523,
walloping,0.338523,
windbag,0.338523,
windup,0.338523,
wingman,0.338523,
worriedly,0.338523,
yip,0.338523,
zealot,0.338523,
cabdriver,0.338523,
calypso,0.338523,
cannibalistic,0.338523,
carnality,0.338523,
categorize,0.338523,
categorized,0.338523,
cauterize,0.338523,
cellophane,0.338523,
malfunctioning,0.338523,
manila,0.338523,
manse,0.338523,
mayoral,0.338523,
megalomania,0.338523,
tantalizingly,0.338523,
tardiness,0.338523,
teensy,0.338523,
temerity,0.338523,
thoughtlessly,0.338523,
thunk,0.338523,
tidbit,0.338523,
toneless,0.338523,
topnotch,0.338523,
torpedo,0.338523,
totemic,0.338523,
tragicomic,0.338523,
trainman,0.338523,
traitorous,0.338523,
transistor,0.338523,
trickster,0.338523,
triptych,0.338523,
trollop,0.338523,
disconcertingly,0.338523,
disorganization,0.338523,
diversionary,0.338523,
domicile,0.338523,
dovetail,0.338523,
downing,0.338523,
earthworm,0.338523,
elegy,0.338523,
elliptical,0.338523,
emasculated,0.338523,
enchant,0.338523,
enchantingly,0.338523,
enervation,0.338523,
engagingly,0.338523,
enlistment,0.338523,
entomologist,0.338523,
epigraph,0.338523,
epitaph,0.338523,
estranging,0.338523,
eventuality,0.338523,
exonerated,0.338523,
expounding,0.338523,
expunging,0.338523,
extrovert,0.338523,
eyeful,0.338523,
fauna,0.338523,
faze,0.338523,
febrile,0.338523,
fete,0.338523,
fevered,0.338523,
fiesta,0.338523,
finalist,0.338523,
fogy,0.338523,
forgo,0.338523,
frosting,0.338523,
gardenia,0.338523,
gassing,0.338523,
gawky,0.338523,
giddiness,0.338523,
glamorize,0.338523,
glorification,0.338523,
glumly,0.338523,
golfing,0.338523,
grassroots,0.338523,
gunslinger,0.338523,
hackles,0.338523,
hairpin,0.338523,
handiwork,0.338523,
harried,0.338523,
hedonism,0.338523,
helpfulness,0.338523,
henpecked,0.338523,
homing,0.338523,
homogenize,0.338523,
hooch,0.338523,
hotbed,0.338523,
hubris,0.338523,
humanize,0.338523,
hypnotically,0.338523,
idiotically,0.338523,
idolize,0.338523,
illustrator,0.338523,
immaturity,0.338523,
impresario,0.338523,
inborn,0.338523,
indecisiveness,0.338523,
indelibly,0.338523,
indigestible,0.338523,
infra,0.338523,
iniquitous,0.338523,
innovate,0.338523,
abolitionist,0.338523,
aloofness,0.338523,
amulet,0.338523,
analogue,0.338523,
anatomically,0.338523,
angelica,0.338523,
anthropological,0.338523,
apathetic,0.338523,
armful,0.338523,
armoire,0.338523,
arsenic,0.338523,
astronomically,0.338523,
athleticism,0.338523,
atm,0.338523,
atrophied,0.338523,
attractively,0.338523,
backwater,0.338523,
bagpipe,0.338523,
ballistics,0.338523,
ballooning,0.338523,
barkeep,0.338523,
bauble,0.338523,
beefy,0.338523,
befouled,0.338523,
belittling,0.338523,
blatancy,0.338523,
bloodlust,0.338523,
boastfully,0.338523,
booster,0.338523,
bootlegging,0.338523,
chomp,0.338523,
chump,0.338523,
citywide,0.338523,
classless,0.338523,
clinically,0.338523,
clothesline,0.338523,
coco,0.338523,
coincidental,0.338523,
colonized,0.338523,
conceptualization,0.338523,
conciseness,0.338523,
confessor,0.338523,
conscript,0.338523,
conservationist,0.338523,
conspiratorial,0.338523,
corona,0.338523,
crassness,0.338523,
crestfallen,0.338523,
crisply,0.338523,
croupier,0.338523,
crypt,0.338523,
cuisine,0.338523,
deflated,0.338523,
dejectedly,0.338523,
demandingly,0.338523,
devotedly,0.338523,
dingo,0.338523,
directorship,0.338523,
insecticide,0.338523,
inset,0.338523,
intelligentsia,0.338523,
interconnectedness,0.338523,
interred,0.338523,
interrogator,0.338523,
introspection,0.338523,
irrationality,0.338523,
isolationism,0.338523,
jinx,0.338523,
jubilation,0.338523,
judgeship,0.338523,
kale,0.338523,
kamikaze,0.338523,
kava,0.338523,
kimono,0.338523,
kneecap,0.338523,
knockdown,0.338523,
landscaping,0.338523,
lashings,0.338523,
launcher,0.338523,
lifer,0.338523,
linden,0.338523,
lineman,0.338523,
linoleum,0.338523,
loincloth,0.338523,
longish,0.338523,
lovelorn,0.338523,
loyalist,0.338523,
lulu,0.338523,
menstruation,0.338523,
methodology,0.338523,c1
miffed,0.338523,
miscegenation,0.338523,
multidimensional,0.338523,
munch,0.338523,
municipality,0.338523,
nakedly,0.338523,
natty,0.338523,
necking,0.338523,
neurologist,0.338523,
neutron,0.338523,
niger,0.338523,
nihilism,0.338523,
nirvana,0.338523,
nitroglycerine,0.338523,
nostalgically,0.338523,
offstage,0.338523,
outclass,0.338523,
outpouring,0.338523,
overconfident,0.338523,
overeager,0.338523,
overexcited,0.338523,
pachinko,0.338523,
pacifier,0.338523,
pacifistic,0.338523,
palliative,0.338523,
pap,0.338523,
paranoiac,0.338523,
parenthetically,0.338523,
pariah,0.338523,
pedagogical,0.338523,
peddle,0.338523,
philanthropist,0.338523,
phosphorus,0.338523,
piddling,0.338523,
pithy,0.338523,
placating,0.338523,
pleasance,0.338523,
plundering,0.338523,
polarize,0.338523,
prepubescent,0.338523,
prerogative,0.338523,
presenter,0.338523,
privet,0.338523,
procrastination,0.338523,
professorship,0.338523,
pronto,0.338523,
protectively,0.338523,
provocatively,0.338523,
psychoanalyst,0.338523,
publically,0.338523,
purveyor,0.338523,
pyre,0.338523,
quintet,0.338523,
raucously,0.338523,
reawaken,0.338523,
recruiter,0.338523,
reevaluation,0.338523,
regalia,0.338523,
reliability,0.338523,c1
remarry,0.338523,
reportage,0.338523,
retell,0.338523,
rifling,0.338523,
rightist,0.338523,
roadster,0.338523,
ruckus,0.338523,
sacrament,0.338523,
saintliness,0.338523,
salesgirl,0.338523,
salivate,0.338523,
satirically,0.338523,
saver,0.338523,
saxophonist,0.338523,
scintillating,0.338523,
scion,0.338523,
scorecard,0.338523,
screechy,0.338523,
scriptural,0.338523,
selflessness,0.338523,
serenade,0.338523,
sewn,0.338523,
shag,0.338523,
shill,0.338523,
shimmer,0.338523,c1
shipboard,0.338523,
shivery,0.338523,
shrillness,0.338523,
sideline,0.338523,c1
sidewinder,0.338523,
sizzling,0.338523,
smog,0.338523,
smokescreen,0.338523,
soldering,0.338523,
solipsism,0.338523,
souffle,0.338523,
spacesuit,0.338523,
spatter,0.338523,
spellbound,0.338523,
spiraling,0.338523,
splashy,0.338523,
sputter,0.338523,
stagecoach,0.338523,
stationmaster,0.338523,
statuette,0.338523,
stickler,0.338523,
stirringly,0.338523,
stodgy,0.338523,
storefront,0.338523,
strangulation,0.338523,
stratosphere,0.338523,
subjectivity,0.338523,
surreptitious,0.338523,
survivalist,0.338523,
svelte,0.338523,
switchblade,0.338523,
synergism,0.338523,
synthesize,0.338523,
syringe,0.338523,
tactically,0.338523,
tuneful,0.338523,
unauthentic,0.338523,
uncommunicative,0.338523,
undifferentiated,0.338523,
unglamorous,0.338523,
uninvited,0.338523,
unlicensed,0.338523,
pushy,0.336523,
quincy,0.336523,
reptilian,0.336523,
romania,0.336523,
sade,0.336523,
sahara,0.336523,
salinger,0.336523,
schlesinger,0.336523,
scummy,0.336523,
shang,0.336523,
shite,0.336523,
skateboarding,0.336523,
sprite,0.336523,
spunk,0.336523,
sputtering,0.336523,
stendhal,0.336523,
swashbuckling,0.336523,
turpin,0.336523,
uncontrollably,0.336523,
uncovering,0.336523,
activist,0.336523,b2
archetypal,0.336523,
assassinate,0.336523,
banality,0.336523,
beatles,0.336523,
berkeley,0.336523,
bethlehem,0.336523,
climatic,0.336523,
comeuppance,0.336523,
concoction,0.336523,
connecticut,0.336523,
contraption,0.336523,
coolidge,0.336523,
dahl,0.336523,
dalmatian,0.336523,
danish,0.336523,
demeaning,0.336523,
depardieu,0.336523,
diatribe,0.336523,
digitally,0.336523,
untalented,0.336523,
ustinov,0.336523,
vatican,0.336523,
victorian,0.336523,c1
wellington,0.336523,
wyoming,0.336523,
xavier,0.336523,
camembert,0.336523,
cassandra,0.336523,
catatonic,0.336523,
tandy,0.336523,
tarantula,0.336523,
tati,0.336523,
tectonic,0.336523,
dominic,0.336523,
dorian,0.336523,
empathize,0.336523,
fleming,0.336523,
frederick,0.336523,
gambler,0.336523,
genetics,0.336523,c1
goatee,0.336523,
grandpa,0.336523,c1
granny,0.336523,c1
gruesomely,0.336523,
halle,0.336523,
hampshire,0.336523,
hasidic,0.336523,
hawaii,0.336523,
herbert,0.336523,
hobbes,0.336523,
humankind,0.336523,
isaac,0.336523,
jacobi,0.336523,
junket,0.336523,
kris,0.336523,
larch,0.336523,
missouri,0.336523,
morton,0.336523,
muslim,0.336523,b1
noel,0.336523,
nsa,0.336523,
plausibility,0.336523,
psychosis,0.336523,
joyless,0.333317,
laziness,0.333317,
tirade,0.333317,
radiantly,0.333317,
steele,0.333317,
bladed,0.333317,
execrable,0.333317,
dissipate,0.330111,
edification,0.330111,
engross,0.330111,
enthrall,0.330111,
fissure,0.330111,
flogging,0.330111,
foible,0.330111,
forger,0.330111,
glutton,0.330111,
gushing,0.330111,
gutenberg,0.330111,
heretic,0.330111,
highness,0.330111,c1
hurtful,0.330111,
impartially,0.330111,
inaugurate,0.330111,
rapacious,0.330111,
ravine,0.330111,
slink,0.330111,
smartness,0.330111,
springy,0.330111,
stealthy,0.330111,
journalistic,0.330111,
luckless,0.330111,
monarchy,0.330111,
obdurate,0.330111,
preternatural,0.330111,
vapors,0.330111,
wad,0.330111,
bumpkin,0.330111,
charades,0.330111,
trespassing,0.330111,
trigonometry,0.330111,
accuser,0.330111,
adulterer,0.330111,
airing,0.330111,
corpulent,0.330111,
cub,0.330111,
absorbent,0.31559,
acetaminophen,0.31559,
adh,0.31559,
adventurism,0.31559,
aeronautics,0.31559,
ai,0.31559,c1
airfreight,0.31559,
airtight,0.31559,
allegation,0.31559,c1
alluvial,0.31559,
als,0.31559,
amd,0.31559,
angina,0.31559,
annul,0.31559,
antagonise,0.31559,
antimicrobial,0.31559,
appendix,0.31559,
arco,0.31559,
arequipa,0.31559,
arithmetically,0.31559,
armoured,0.31559,
arroba,0.31559,
assembler,0.31559,
attache,0.31559,
avionics,0.31559,
backdoor,0.31559,
backstop,0.31559,
bacterium,0.31559,
ballpark,0.31559,
barite,0.31559,
bedevil,0.31559,
bellwether,0.31559,
biannual,0.31559,
bilaterally,0.31559,
bolivian,0.31559,
bottler,0.31559,
boutique,0.31559,
bridesmaid,0.31559,
bulgur,0.31559,
chokepoint,0.31559,
chromite,0.31559,
clampdown,0.31559,
closeout,0.31559,
collaborative,0.31559,c1
comparability,0.31559,
compartmentalised,0.31559,
computerization,0.31559,
conditionality,0.31559,
confectionary,0.31559,
conjuncture,0.31559,
containership,0.31559,
contravention,0.31559,
convertibility,0.31559,
corned,0.31559,
cosponsor,0.31559,
crabmeat,0.31559,
crossbred,0.31559,
cyclone,0.31559,
dealership,0.31559,
dec,0.31559,
decontrol,0.31559,
deforestation,0.31559,
delimitation,0.31559,
depository,0.31559,
depreciate,0.31559,
derogation,0.31559,
dietitian,0.31559,
disadvantaged,0.31559,
insolvency,0.31559,
interconnection,0.31559,
interleukin,0.31559,
internationalisation,0.31559,
interpretive,0.31559,
intransigent,0.31559,
investigatory,0.31559,
invoice,0.31559,
isomerization,0.31559,
kerb,0.31559,
kilometre,0.31559,
kph,0.31559,
krone,0.31559,
laggard,0.31559,
landlocked,0.31559,
licenced,0.31559,
lifo,0.31559,
logos,0.31559,
merchandiser,0.31559,
meteorology,0.31559,
mideast,0.31559,
minicomputer,0.31559,
mirage,0.31559,
misappropriation,0.31559,
misreading,0.31559,
misstate,0.31559,
mons,0.31559,
mothball,0.31559,
motorway,0.31559,
multilaterally,0.31559,
multiprocessor,0.31559,
nationalisation,0.31559,
nationalization,0.31559,
newsagent,0.31559,
nicaragua,0.31559,
niobium,0.31559,
nonbelligerent,0.31559,
nonproductive,0.31559,
normalisation,0.31559,
obligate,0.31559,
offeror,0.31559,
offload,0.31559,
organise,0.31559,
ov,0.31559,
overcautious,0.31559,
overfly,0.31559,
panhandle,0.31559,
para,0.31559,
paralyse,0.31559,
paring,0.31559,
paroxysm,0.31559,
partitioning,0.31559,
payables,0.31559,
peabody,0.31559,
peeved,0.31559,
pellet,0.31559,
peptic,0.31559,
personalize,0.31559,
petal,0.31559,c1
picul,0.31559,
pid,0.31559,
pipework,0.31559,
plateful,0.31559,
platelet,0.31559,
pneumatic,0.31559,
pollard,0.31559,
portend,0.31559,
prawn,0.31559,
predominate,0.31559,
preemptive,0.31559,
principled,0.31559,
privatize,0.31559,
provincially,0.31559,
publicise,0.31559,
publicize,0.31559,
disbarment,0.31559,
disequilibrium,0.31559,
diskette,0.31559,
disqualification,0.31559,
doable,0.31559,
docking,0.31559,
downplay,0.31559,
downsize,0.31559,
downswing,0.31559,
dramatise,0.31559,
durian,0.31559,
earmark,0.31559,c1
effervescence,0.31559,
emulator,0.31559,
entrenchment,0.31559,
entrepot,0.31559,
epicentre,0.31559,
equalisation,0.31559,
escudo,0.31559,
ese,0.31559,
eurodollar,0.31559,
excavator,0.31559,
extendable,0.31559,
eyewash,0.31559,
feb,0.31559,
fiberboard,0.31559,
fiberoptic,0.31559,
filtration,0.31559,
fivefold,0.31559,
fixings,0.31559,
flak,0.31559,
flashpoint,0.31559,
floatation,0.31559,
formalise,0.31559,
fragility,0.31559,
fraudulently,0.31559,
freshwater,0.31559,
fruiting,0.31559,
fsb,0.31559,
gazette,0.31559,
goldfield,0.31559,
granule,0.31559,
grid,0.31559,c1
guidepost,0.31559,
hairdressing,0.31559,
hake,0.31559,
haying,0.31559,
hectolitre,0.31559,
hemorrhagic,0.31559,
homebuilder,0.31559,
hosiery,0.31559,
housecleaning,0.31559,
hypertension,0.31559,
imbalanced,0.31559,
immorally,0.31559,
immunological,0.31559,
impounding,0.31559,
indemnification,0.31559,
inequitable,0.31559,
inexpensively,0.31559,
infective,0.31559,
infringe,0.31559,
inpatient,0.31559,
puree,0.31559,
qatar,0.31559,
rattan,0.31559,
recirculation,0.31559,
reconfirm,0.31559,
refocus,0.31559,
regularize,0.31559,
rejuvenation,0.31559,
remediation,0.31559,
renege,0.31559,
repossession,0.31559,
reprocess,0.31559,
rescission,0.31559,
reseed,0.31559,
resettle,0.31559,
resiliency,0.31559,
resurge,0.31559,
reusable,0.31559,
revamp,0.31559,
revers,0.31559,
reversionary,0.31559,
ribavirin,0.31559,
riskiness,0.31559,
riverside,0.31559,
rothschild,0.31559,
roughage,0.31559,
sandbank,0.31559,
santos,0.31559,
sealant,0.31559,
shakeout,0.31559,
shakeup,0.31559,
sheeting,0.31559,
silage,0.31559,
simulator,0.31559,
skidder,0.31559,
smallholder,0.31559,
somatotropin,0.31559,
specialise,0.31559,
spillover,0.31559,
stagflation,0.31559,
standardised,0.31559,
standardization,0.31559,
statistic,0.31559,
stearin,0.31559,
steelworker,0.31559,
sterilise,0.31559,
stonewall,0.31559,
stopes,0.31559,
storey,0.31559,
subcontract,0.31559,
subsidence,0.31559,
subsidization,0.31559,
superannuation,0.31559,
superfund,0.31559,
superoxide,0.31559,
sweetening,0.31559,
swingeing,0.31559,
tael,0.31559,
taft,0.31559,
twinjet,0.31559,
twinned,0.31559,
unacceptably,0.31559,
uncoated,0.31559,
uncouple,0.31559,
undershot,0.31559,
unevenly,0.31559,
uneventfully,0.31559,
unfavorably,0.31559,
unfavourably,0.31559,
unflappable,0.31559,
unfunded,0.31559,
unprocessed,0.31559,
unq,0.31559,
unrepresentative,0.31559,
unsaleable,0.31559,
unscheduled,0.31559,
unsmoothed,0.31559,
unwashed,0.31559,
unwrapped,0.31559,
uric,0.31559,
utensil,0.31559,c1
vaccinate,0.31559,
venturesome,0.31559,
voiding,0.31559,
wean,0.31559,
weill,0.31559,
burlington,0.31559,
calvary,0.31559,
campeche,0.31559,
canola,0.31559,
caracas,0.31559,
carcinogenic,0.31559,
cardiology,0.31559,
cassava,0.31559,
catalase,0.31559,
catchment,0.31559,
catchword,0.31559,
categorised,0.31559,
ceding,0.31559,
centralising,0.31559,
chairwoman,0.31559,
chancy,0.31559,
changeover,0.31559,
marbling,0.31559,
mechanised,0.31559,
megabit,0.31559,
tehran,0.31559,
telecommunication,0.31559,
tenderloin,0.31559,
tetra,0.31559,
thermoset,0.31559,
thundershower,0.31559,
toiletry,0.31559,
toluene,0.31559,
tomography,0.31559,
transferability,0.31559,
transferable,0.31559,
transferrable,0.31559,
transnational,0.31559,
transporter,0.31559,
cad,0.310883,
manipulator,0.310883,
fistful,0.310883,
heft,0.310883,
immerse,0.310883,c1
adroitly,0.310883,
cohort,0.310883,c1
iris,0.310883,
skeptic,0.310883,
unceremoniously,0.310883,
quicksand,0.307677,
scowl,0.307677,c1
smutty,0.307677,
spiritless,0.307677,
squint,0.307677,
strangling,0.307677,
unclothed,0.307677,
uninhabited,0.307677,
barrister,0.307677,
copulation,0.307677,
wafer,0.307677,
carrion,0.307677,
charnel,0.307677,
madden,0.307677,
encore,0.307677,
fowler,0.307677,
fretful,0.307677,
gentlewoman,0.307677,
graft,0.307677,c1
journeyman,0.307677,
naughtiness,0.307677,
pelt,0.307677,
insemination,0.290449,
instancy,0.290449,
instillation,0.290449,
insulator,0.290449,
insuperably,0.290449,
insurgence,0.290449,
integrative,0.290449,
interceptor,0.290449,
interconnected,0.290449,
interdepartmental,0.290449,
interlocutor,0.290449,
intermeshed,0.290449,
intermolecular,0.290449,
interpretable,0.290449,
interpretative,0.290449,
interrelationship,0.290449,
interspecies,0.290449,
interviewee,0.290449,
intimal,0.290449,
intradepartmental,0.290449,
intramuscularly,0.290449,
intrapulmonary,0.290449,
introjected,0.290449,
invalidism,0.290449,
inveigh,0.290449,
invitational,0.290449,
iodinate,0.290449,
iodination,0.290449,
iodoprotein,0.290449,
iridium,0.290449,
irredentism,0.290449,
irreducible,0.290449,
irreparably,0.290449,
irreversibly,0.290449,
irritant,0.290449,
isolationistic,0.290449,
isothermal,0.290449,
itemization,0.290449,
ivy-covered,0.290449,
jag,0.290449,
jaggedly,0.290449,
jakes,0.290449,
jalopy,0.290449,
jet-black,0.290449,
jigger,0.290449,
jitterbug,0.290449,
jocose,0.290449,
jotting,0.290449,
juju,0.290449,
junior-grade,0.290449,
juridical,0.290449,
jurisprudentially,0.290449,
kayo,0.290449,
kazoo,0.290449,
kegful,0.290449,
kenning,0.290449,
keno,0.290449,
kerchief,0.290449,
khaki,0.290449,
killable,0.290449,
kiloton,0.290449,
kindliness,0.290449,
kinesthetically,0.290449,
kittenish,0.290449,
klaxon,0.290449,
knackwurst,0.290449,
knee-deep,0.290449,
knife-edge,0.290449,
knifelike,0.290449,
knock-down,0.290449,
knuckleball,0.290449,
koan,0.290449,
kob,0.290449,
kraut,0.290449,
kwashiorkor,0.290449,
labile,0.290449,
lacerate,0.290449,
lacerated,0.290449,
lanthanum,0.290449,
lapidary,0.290449,
largesse,0.290449,
larval,0.290449,
last-ditch,0.290449,
lathe,0.290449,
law-abiding,0.290449,
law-breaking,0.290449,
lay-up,0.290449,
layette,0.290449,
laze,0.290449,
leafed,0.290449,
leafhopper,0.290449,
leaflet,0.290449,
leathered,0.290449,
leavening,0.290449,
lebensraum,0.290449,
lecher,0.290449,
left-of-center,0.290449,
leftfield,0.290449,
legation,0.290449,
legato,0.290449,
leggy,0.290449,
legibility,0.290449,
leguminous,0.290449,
leitmotif,0.290449,
leitmotiv,0.290449,
lengthily,0.290449,
less-traveled,0.290449,
lethality,0.290449,
letterhead,0.290449,
levitation,0.290449,
lexicostatistic,0.290449,
libelous,0.290449,
libertarian,0.290449,c1
lidless,0.290449,
life-and-death,0.290449,
life-size,0.290449,
lifeblood,0.290449,
ligament,0.290449,
ligand,0.290449,
light-duty,0.290449,
light-hearted,0.290449,
light-mindedness,0.290449,
light-year,0.290449,
limbic,0.290449,
lineal,0.290449,
linguistically,0.290449,
liniment,0.290449,
liter,0.290449,
lithograph,0.290449,
litterbug,0.290449,
little-known,0.290449,
livable,0.290449,
liveried,0.290449,
living-room,0.290449,
loader,0.290449,
lob,0.290449,
loblolly,0.290449,
lobscouse,0.290449,
lobster-backed,0.290449,
lobular,0.290449,
lobule,0.290449,
locker-room,0.290449,
lodgment,0.290449,
logarithm,0.290449,
logger,0.290449,
long-acting,0.290449,
long-bodied,0.290449,
long-chain,0.290449,
long-familiar,0.290449,
long-life,0.290449,
long-lived,0.290449,
long-shanked,0.290449,
longed-for,0.290449,
longitudinal,0.290449,
loose-jowled,0.290449,
lopsidedly,0.290449,
loquacity,0.290449,
loud-voiced,0.290449,
low-budget,0.290449,
low-ceilinged,0.290449,
low-lying,0.290449,
low-priced,0.290449,
low-sudsing,0.290449,
low-tension,0.290449,
low-voltage,0.290449,
lubricated,0.290449,
lumbar,0.290449,
luminescence,0.290449,
luminescent,0.290449,
luminosity,0.290449,
lummox,0.290449,
lumpish,0.290449,
lunchroom,0.290449,
lymphoma,0.290449,
lyophilized,0.290449,
mendacious,0.290449,
mercurial,0.290449,
meretricious,0.290449,
merry-go-round,0.290449,
merrymaking,0.290449,
mesenteric,0.290449,
metamorphic,0.290449,
metier,0.290449,
metis,0.290449,
metrazol,0.290449,
metronome,0.290449,
mezzo,0.290449,
miasmal,0.290449,
microorganism,0.290449,
microphoning,0.290449,
microscopical,0.290449,
microsomal,0.290449,
midstream,0.290449,
millenarianism,0.290449,
millinery,0.290449,
millivoltmeter,0.290449,
mineralogy,0.290449,
minter,0.290449,
misbranded,0.290449,
miscellany,0.290449,
miscount,0.290449,
misinformation,0.290449,
misinterpretation,0.290449,
misnomer,0.290449,
mispronunciation,0.290449,
misrelated,0.290449,
misty-eyed,0.290449,
miter,0.290449,
mitigation,0.290449,
mitral,0.290449,
modernistic,0.290449,
modish,0.290449,
moire,0.290449,
molar,0.290449,
moldboard,0.290449,
mollycoddle,0.290449,
monasticism,0.290449,
monaural,0.290449,
moneyed,0.290449,
moneymaking,0.290449,
monoclinic,0.290449,
monogamous,0.290449,
monograph,0.290449,
monolithic,0.290449,
monologist,0.290449,
mononuclear,0.290449,
monophonic,0.290449,
monopolization,0.290449,
moon-round,0.290449,
moon-splashed,0.290449,
moonlike,0.290449,
morgen,0.290449,
morphemic,0.290449,
morphologic,0.290449,
most-valuable,0.290449,
motet,0.290449,
moth-eaten,0.290449,
mother-in-law,0.290449,c1
mother-naked,0.290449,
motherhood,0.290449,c1
motional,0.290449,
motoring,0.290449,
mouth-watering,0.290449,
mucilage,0.290449,
mud-beplastered,0.290449,
muddleheaded,0.290449,
mudguard,0.290449,
muggy,0.290449,
mullah,0.290449,
multi-colored,0.290449,
multicolor,0.290449,
multicolored,0.290449,
multiple-choice,0.290449,
multipurpose,0.290449,
multistage,0.290449,
multivalent,0.290449,
multiversity,0.290449,
municipally,0.290449,
muscle-bound,0.290449,
musculature,0.290449,
musicality,0.290449,
mustachioed,0.290449,
mustiness,0.290449,
mutational,0.290449,
mycobacteria,0.290449,
mycology,0.290449,
myelofibrosis,0.290449,
myeloid,0.290449,
myocardium,0.290449,
myopia,0.290449,
myopic,0.290449,
myosin,0.290449,
naively,0.290449,
napped,0.290449,
narcosis,0.290449,
narrow-minded,0.290449,
narrowness,0.290449,
nascent,0.290449,
nationalize,0.290449,
nationhood,0.290449,
native-born,0.290449,
naturopath,0.290449,
navigable,0.290449,
near-blind,0.290449,
nearsighted,0.290449,
nebular,0.290449,
necromantic,0.290449,
necrotic,0.290449,
needled,0.290449,
negativism,0.290449,
neighborliness,0.290449,
neoliberal,0.290449,
neonatal,0.290449,
nettlesome,0.290449,
neuralgia,0.290449,
neurasthenic,0.290449,
neuritis,0.290449,
neuromuscular,0.290449,
neuron,0.290449,
neuronal,0.290449,
neuter,0.290449,
newel,0.290449,
newsstand,0.290449,
next-to-last,0.290449,
night-sight,0.290449,
nightdress,0.290449,
nighted,0.290449,
nightshirt,0.290449,
ninety-eight,0.290449,
ninety-five,0.290449,
no-goal,0.290449,
no-good,0.290449,
nodular,0.290449,
non-discrimination,0.290449,
non-white,0.290449,c1
nonchurchgoing,0.290449,
noncombatant,0.290449,
noncommissioned,0.290449,
nonconformist,0.290449,
nondriver,0.290449,
nonequivalence,0.290449,
nonequivalent,0.290449,
nonionic,0.290449,
nonliterary,0.290449,
nonmusical,0.290449,
nonobservant,0.290449,
nonoccurrence,0.290449,
nonparticulate,0.290449,
nonpayment,0.290449,
nonpoisonous,0.290449,
nonpolitical,0.290449,
nonracial,0.290449,
nonresident,0.290449,
nonsegregated,0.290449,
nonviolent,0.290449,
norethandrolone,0.290449,
normative,0.290449,
northernmost,0.290449,
nosebag,0.290449,
nucleated,0.290449,
nudism,0.290449,
nudist,0.290449,
nugget,0.290449,
nullify,0.290449,
nullity,0.290449,
numerological,0.290449,
numerology,0.290449,
nylon,0.290449,
objectiveness,0.290449,
obligational,0.290449,
oboist,0.290449,
obsessive-compulsive,0.290449,
obsidian,0.290449,
obverse,0.290449,
ocarina,0.290449,
occlusive,0.290449,
ocelot,0.290449,
ocher,0.290449,
octahedron,0.290449,
octoroon,0.290449,
odds-on,0.290449,
off-color,0.290449,
off-key,0.290449,
off-the-cuff,0.290449,
officialdom,0.290449,
ogress,0.290449,
ohmic,0.290449,
old-line,0.290449,
oleomargarine,0.290449,
oleophobic,0.290449,
olive-green,0.290449,
on-the-spot,0.290449,
once-over,0.290449,
one-horse,0.290449,
one-sixteenth,0.290449,
one-thousandth,0.290449,
one-way,0.290449,
one-year,0.290449,
onetime,0.290449,
open-air,0.290449,
open-collared,0.290449,
open-ended,0.290449,
open-minded,0.290449,
opportunism,0.290449,
optimization,0.290449,
orate,0.290449,
oratorio,0.290449,
orderliness,0.290449,
organismic,0.290449,
organizationally,0.290449,
origination,0.290449,
ornamentation,0.290449,
ornately,0.290449,
orthophosphate,0.290449,
oscillator,0.290449,
ossify,0.290449,
osteoporosis,0.290449,
ostinato,0.290449,
ouster,0.290449,
out-of-bounds,0.290449,
out-of-door,0.290449,
out-of-school,0.290449,
outclassed,0.290449,
outgrowth,0.290449,
outlawry,0.290449,
outpatient,0.290449,
over-the-counter,0.290449,
overactive,0.290449,
overage,0.290449,
overcurious,0.290449,
overeat,0.290449,
overemphasis,0.290449,
overexploitation,0.290449,
overexpose,0.290449,
overfeed,0.290449,
overfill,0.290449,
overheat,0.290449,
overheating,0.290449,
overland,0.290449,
overpressure,0.290449,
overprotection,0.290449,
oviform,0.290449,
pacer,0.290449,
paganism,0.290449,
pageantry,0.290449,
painlessly,0.290449,
paintbrush,0.290449,
pajama,0.290449,
palely,0.290449,
paleocortical,0.290449,
pandanus,0.290449,
panjandrum,0.290449,
pantheist,0.290449,
papery,0.290449,
papillary,0.290449,
paradigmatic,0.290449,
paragon,0.290449,
paralyze,0.290449,c1
paramagnet,0.290449,
paramilitary,0.290449,
parapsychology,0.290449,
parasite,0.290449,c1
paratroops,0.290449,
parisology,0.290449,
parquet,0.290449,
parsimony,0.290449,
particularistic,0.290449,
passer-by,0.290449,
passivity,0.290449,
pasteurization,0.290449,
pastness,0.290449,
pater,0.290449,
paternally,0.290449,
pathogenesis,0.290449,
pathologic,0.290449,
patina,0.290449,
patristic,0.290449,
paymaster,0.290449,
peaky,0.290449,
peasanthood,0.290449,
pedagogue,0.290449,
pedigreed,0.290449,
pegged-down,0.290449,
pellagra,0.290449,
pemmican,0.290449,
penciled,0.290449,
penicillin,0.290449,
penman,0.290449,
penurious,0.290449,
pepperoni,0.290449,
peptide,0.290449,
percolator,0.290449,
perfectibility,0.290449,
perfectionism,0.290449,
perfunctorily,0.290449,
perfusion,0.290449,
perilla,0.290449,
periodicity,0.290449,
periphrastic,0.290449,
permissibility,0.290449,
perpetration,0.290449,
persiflage,0.290449,
person-to-person,0.290449,
pervaporation,0.290449,
pervasively,0.290449,
philharmonic,0.290449,
phloem,0.290449,
phonetics,0.290449,
phonic,0.290449,
phosgene,0.290449,
phosphorescent,0.290449,
photo-offset,0.290449,
photomicrograph,0.290449,
photosensitive,0.290449,
physicalness,0.290449,
physiotherapist,0.290449,
pianism,0.290449,
pianistic,0.290449,
picayune,0.290449,
pictorially,0.290449,
piezoelectricity,0.290449,
pigeonhole,0.290449,
pigskin,0.290449,
piloting,0.290449,
pinball,0.290449,
pinhead,0.290449,
pinkish-white,0.290449,
pinochle,0.290449,
pint-sized,0.290449,
pityingly,0.290449,
pizzicato,0.290449,
place-kicker,0.290449,
planetoid,0.290449,
planoconcave,0.290449,
plantain,0.290449,
plasm,0.290449,
plasterer,0.290449,
plastically,0.290449,
platitudinous,0.290449,
playable,0.290449,
playroom,0.290449,
pleader,0.290449,
plenipotentiary,0.290449,
pliers,0.290449,
pluralism,0.290449,
pocket-size,0.290449,
podium,0.290449,
point-blank,0.290449,
polecat,0.290449,
polemical,0.290449,
polemics,0.290449,
policy-making,0.290449,
polio,0.290449,
politico,0.290449,
polka,0.290449,
polonaise,0.290449,
polybutene,0.290449,
polygynous,0.290449,
polymyositis,0.290449,
polyphosphate,0.290449,
polytonal,0.290449,
polyunsaturated,0.290449,
pomaded,0.290449,
pompously,0.290449,
pompousness,0.290449,
porcupines,0.290449,
portraiture,0.290449,
poseur,0.290449,
posseman,0.290449,
post-mortem,0.290449,
potentiometer,0.290449,
pothole,0.290449,
pound-foolish,0.290449,
powderpuff,0.290449,
powerfulness,0.290449,
prayerful,0.290449,
pre-emption,0.290449,
pre-existent,0.290449,
prechlorination,0.290449,
precipitin,0.290449,
precociously,0.290449,
precocity,0.290449,
precondition,0.290449,
precooked,0.290449,
predigested,0.290449,
predisposed,0.290449,
predomination,0.290449,
prefab,0.290449,
preliterate,0.290449,
preponderantly,0.290449,
prepupal,0.290449,
presentational,0.290449,
presentness,0.290449,
prestidigitator,0.290449,
presuppose,0.290449,
presupposition,0.290449,
prewar,0.290449,
prie-dieu,0.290449,
primates,0.290449,
primitivism,0.290449,
primping,0.290449,
printmaking,0.290449,
probabilistic,0.290449,
process-server,0.290449,
processional,0.290449,
procrastinate,0.290449,
prodding,0.290449,
prodigally,0.290449,
prognosticator,0.290449,
progressivism,0.290449,
prolongation,0.290449,
proneness,0.290449,
propitiate,0.290449,
proportionality,0.290449,
proportionally,0.290449,
propylthiouracil,0.290449,
prorate,0.290449,
proscribe,0.290449,
proscribed,0.290449,
prospering,0.290449,
protease,0.290449,
proteolytic,0.290449,
protozoan,0.290449,
provenance,0.290449,
psychopharmacological,0.290449,
psychopomp,0.290449,
psychosomatic,0.290449,
psychotherapeutic,0.290449,
puckish,0.290449,
pug-nosed,0.290449,
unmodified,0.290449,
unnameable,0.290449,
unnaturalness,0.290449,
unnourished,0.290449,
unpaintable,0.290449,
unperformed,0.290449,
unpicturesque,0.290449,
unplumbed,0.290449,
unproblematic,0.290449,
unprocurable,0.290449,
unprovocative,0.290449,
unqualifiedly,0.290449,
unquestioningly,0.290449,
unready,0.290449,
unrealism,0.290449,
unrealistically,0.290449,
unredeemed,0.290449,
unreflective,0.290449,
unrehearsed,0.290449,
unreliability,0.290449,
unscramble,0.290449,
unselfconsciousness,0.290449,
unselfishly,0.290449,
unservile,0.290449,
unsharpened,0.290449,
unsheathe,0.290449,
unshelled,0.290449,
unshielded,0.290449,
unsloped,0.290449,
unsmilingly,0.290449,
unsolder,0.290449,
unstilted,0.290449,
unstuck,0.290449,
unsupportable,0.290449,
unsurmountable,0.290449,
unteach,0.290449,
untenanted,0.290449,
unthaw,0.290449,
unthematic,0.290449,
untidiness,0.290449,
untracked,0.290449,
untrained,0.290449,
untreated,0.290449,
untrustworthiness,0.290449,
unutterably,0.290449,
unventilated,0.290449,
unwaveringly,0.290449,
unwire,0.290449,
unwomanly,0.290449,
unwrinkled,0.290449,
up-and-coming,0.290449,
upper-level,0.290449,
uppercut,0.290449,
upshot,0.290449,
urea,0.290449,
uremia,0.290449,
usefully,0.290449,
usurious,0.290449,
utopianism,0.290449,
vaccinating,0.290449,
vacuolated,0.290449,
value-system,0.290449,
vaporization,0.290449,
var.,0.290449,
varicolored,0.290449,
variegated,0.290449,
veiling,0.290449,
veldt,0.290449,
vellum,0.290449,
velour,0.290449,
velours,0.290449,
verandah,0.290449,
verboten,0.290449,
veridical,0.290449,
vertebrate,0.290449,
vesicular,0.290449,
vibes,0.290449,
vibrionic,0.290449,
vice-regent,0.290449,
vigilantism,0.290449,
vintner,0.290449,
viscometer,0.290449,
vise,0.290449,
viselike,0.290449,
viva,0.290449,
viz.,0.290449,
vocalic,0.290449,
vocalization,0.290449,
vocalize,0.290449,
vocationally,0.290449,
vociferously,0.290449,
voltmeter,0.290449,
volumetrically,0.290449,
vulcanized,0.290449,
vulpine,0.290449,
wage-earning,0.290449,
wainscoted,0.290449,
waist-length,0.290449,
walk-to,0.290449,
walk-up,0.290449,
walkover,0.290449,
wardroom,0.290449,
warm-blooded,0.290449,
warm-toned,0.290449,
warm-up,0.290449,
warmhearted,0.290449,
warranty,0.290449,
warty,0.290449,
washbasin,0.290449,
washboard,0.290449,
washbowl,0.290449,
washed-out,0.290449,
water-cooled,0.290449,
water-soluble,0.290449,
water-washed,0.290449,
waterline,0.290449,
waterproofing,0.290449,
way-out,0.290449,
weaning,0.290449,
weasel-worded,0.290449,
weatherstrip,0.290449,
weighting,0.290449,
weirdy,0.290449,
well-balanced,0.290449,
well-bound,0.290449,
well-bred,0.290449,
well-dressed,0.290449,
well-grooved,0.290449,
well-nigh,0.290449,
well-read,0.290449,
well-rounded,0.290449,
well-wishing,0.290449,
well-worn,0.290449,
wellbeing,0.290449,
westwards,0.290449,
wetness,0.290449,
whiskered,0.290449,
white-collar,0.290449,
whoosh,0.290449,
wide-awake,0.290449,
wide-cut,0.290449,
wide-eyed,0.290449,
wide-open,0.290449,
wifely,0.290449,
wiggle,0.290449,c1
wild-eyed,0.290449,
wildcatter,0.290449,
willfully,0.290449,
willowy,0.290449,
winding-clothes,0.290449,
windless,0.290449,
window-washing,0.290449,
windstorm,0.290449,
winnow,0.290449,
wire-haired,0.290449,
wisenheimer,0.290449,
woebegone,0.290449,
wolfishly,0.290449,
womb-to-tomb,0.290449,
woodcarver,0.290449,
woodgraining,0.290449,
woodshed,0.290449,
woolgather,0.290449,
woolly-headed,0.290449,
workday,0.290449,
workpiece,0.290449,
worktable,0.290449,
world-shattering,0.290449,
wormy,0.290449,
worn-out,0.290449,
worthlessness,0.290449,
wrongful,0.290449,
xenon,0.290449,
yachtsman,0.290449,
yawl,0.290449,
yaws,0.290449,
year-end,0.290449,
yearningly,0.290449,
yellow-bellied,0.290449,
yellow-brown,0.290449,
yellowed,0.290449,
yelping,0.290449,
yodel,0.290449,
yolk,0.290449,
yucca,0.290449,
zebra,0.290449,
zu,0.290449,
bulldoze,0.290449,
bumptious,0.290449,
bunkmate,0.290449,
bunter,0.290449,
burglarproof,0.290449,
burned-out,0.290449,
burr-headed,0.290449,
bursitis,0.290449,
buss,0.290449,
busyness,0.290449,
butterfat,0.290449,
butternut,0.290449,
cacao,0.290449,
cackly,0.290449,
cacophony,0.290449,
calcification,0.290449,
calculable,0.290449,
calfskin,0.290449,
caliche-topped,0.290449,
calligraphy,0.290449,
calloused,0.290449,
calorimetric,0.290449,
calumny,0.290449,
camp-made,0.290449,
campmate,0.290449,
candlewick,0.290449,
canonist,0.290449,
cantaloupe,0.290449,
cantonment,0.290449,
canyonside,0.290449,
capacitance,0.290449,
capercailzie,0.290449,
capsicum,0.290449,
captaincy,0.290449,
carabao,0.290449,
carbohydrate,0.290449,c1
carborundum,0.290449,
carcinoma,0.290449,
cardamom,0.290449,
cardiomegaly,0.290449,
careerism,0.290449,
carob,0.290449,
carven,0.290449,
cascades,0.290449,
case-by-case,0.290449,
case-hardened,0.290449,
casebook,0.290449,
cashed,0.290449,
cassocked,0.290449,
cast-iron,0.290449,
castigation,0.290449,
cataclysmic,0.290449,
catechize,0.290449,
cauliflower,0.290449,
causally,0.290449,
causative,0.290449,
cavort,0.290449,
celiac,0.290449,
censorial,0.290449,
centenary,0.290449,
centerline,0.290449,
centrality,0.290449,
centric,0.290449,
centrist,0.290449,
ceremonially,0.290449,
ceremoniously,0.290449,
cession,0.290449,
chafe,0.290449,
chainlike,0.290449,
chambered,0.290449,
chancel,0.290449,
chandelle,0.290449,
chassis,0.290449,
chaulmoogra,0.290449,
chaw,0.290449,
cheekbone,0.290449,
cheesecloth,0.290449,
chemise,0.290449,
chemist's,0.290449,
machinelike,0.290449,
mackinaw,0.290449,
macroscopically,0.290449,
maggoty,0.290449,
mah-jongg,0.290449,
make-believe,0.290449,
make-work,0.290449,
maladaptive,0.290449,
maladroit,0.290449,
malapropism,0.290449,
malediction,0.290449,
malfeasant,0.290449,
malignancy,0.290449,
malleable,0.290449,
malposed,0.290449,
malted,0.290449,
maltreat,0.290449,
man-to-man,0.290449,
mandamus,0.290449,
mandrel,0.290449,
maneuverability,0.290449,
manic-depressive,0.290449,
maniclike,0.290449,
mantic,0.290449,
mantrap,0.290449,
manumission,0.290449,
manzanita,0.290449,
marbleizing,0.290449,
marimba,0.290449,
marinade,0.290449,
martingale,0.290449,
mastic,0.290449,
mater,0.290449,
matsyendra,0.290449,
maturational,0.290449,
mauler,0.290449,
meaningfully,0.290449,
measurably,0.290449,
mechanist,0.290449,
mechanistic,0.290449,
medium-sized,0.290449,
megakaryocytic,0.290449,
melioration,0.290449,
melodically,0.290449,
meme,0.290449,
o'er,0.290449,
rock'n'roll,0.290449,
tam-o'-shanter,0.290449,
tamale,0.290449,
tamp,0.290449,
tamper,0.290449,
tangibly,0.290449,
tansy,0.290449,
tapdance,0.290449,
tapis,0.290449,
target-hunting,0.290449,
tarpon,0.290449,
taskmaster,0.290449,
taxpaying,0.290449,
teakettle,0.290449,
teakwood,0.290449,
teamster,0.290449,
teardrop,0.290449,
tektite,0.290449,
teleological,0.290449,
teleology,0.290449,
tempera,0.290449,
temporally,0.290449,
temporize,0.290449,
temptingly,0.290449,
tenebrous,0.290449,
tensed,0.290449,
tensional,0.290449,
tensionless,0.290449,
tenting,0.290449,
tenuously,0.290449,
terror-stricken,0.290449,
tertian,0.290449,
tetragonal,0.290449,
theatergoer,0.290449,
theatregoer,0.290449,
theistic,0.290449,
thereunder,0.290449,
thermally,0.290449,
thermistor,0.290449,
thermometric,0.290449,
thermopile,0.290449,
thermos,0.290449,
thermostatics,0.290449,
thesaurus,0.290449,
thiamin,0.290449,
thick-skulled,0.290449,
third-dimensionality,0.290449,
third-rate,0.290449,
thirty-eight,0.290449,
thirty-eighth,0.290449,
thirty-fourth,0.290449,
thirty-seven,0.290449,
thirty-sixth,0.290449,
thirty-three,0.290449,
thoriated,0.290449,
thousand-fold,0.290449,
thrombosed,0.290449,
thrombosis,0.290449,
thruway,0.290449,
thudding,0.290449,
thumbed,0.290449,
thyroidal,0.290449,
thyronine,0.290449,
thyrotoxic,0.290449,
thyrotrophin,0.290449,
tibialis,0.290449,
tidewater,0.290449,
tie-in,0.290449,
tilling,0.290449,
time-consuming,0.290449,
timepiece,0.290449,
timeworn,0.290449,
tipple,0.290449,
title-holder,0.290449,
titration,0.290449,
titter,0.290449,
to-do,0.290449,
tofu,0.290449,
togetherness,0.290449,
tokenish,0.290449,
tollgate,0.290449,
tollhouse,0.290449,
tongue-tied,0.290449,
toolmaker,0.290449,
top-heavy,0.290449,
top-notch,0.290449,
topographic,0.290449,
topsy-turvy,0.290449,
torsion,0.290449,
totalistic,0.290449,
toweling,0.290449,
toxin,0.290449,
trachea,0.290449,
traditionalistic,0.290449,
trammel,0.290449,
tramway,0.290449,
tranquilizer,0.290449,
transaminase,0.290449,
transcultural,0.290449,
transferral,0.290449,
transformer,0.290449,
transience,0.290449,
translucence,0.290449,
translucency,0.290449,
transmissible,0.290449,
transmittable,0.290449,
transoceanic,0.290449,
transplantable,0.290449,
transplanting,0.290449,
transposition,0.290449,
transversally,0.290449,
transversely,0.290449,
trapezoid,0.290449,
trawler,0.290449,
treadmill,0.290449,
treasonous,0.290449,
treelike,0.290449,
trestle,0.290449,
tricolor,0.290449,
trilled,0.290449,
trimester,0.290449,
triphosphopyridine,0.290449,
triple-crown,0.290449,
triplet,0.290449,
troika,0.290449,
trombonist,0.290449,
trompe-l'oeil,0.290449,
pungency,0.290449,
pungently,0.290449,
punster,0.290449,
puppyish,0.290449,
purism,0.290449,
purple-black,0.290449,
pussycat,0.290449,
put-upon,0.290449,
putout,0.290449,
putter,0.290449,
puzzlement,0.290449,
puzzler,0.290449,
pyorrhea,0.290449,
pyramidal,0.290449,
pyrophosphate,0.290449,
quadriceps,0.290449,
quadrillion,0.290449,
quadripartite,0.290449,
quaver,0.290449,
queasiness,0.290449,
quenching,0.290449,
querulously,0.290449,
questioningly,0.290449,
quick-drying,0.290449,
quick-frozen,0.290449,
quince,0.290449,
quintillion,0.290449,
radiocarbon,0.290449,
radiography,0.290449,
raffish,0.290449,
raftered,0.290449,
raggedness,0.290449,
railroader,0.290449,
railroading,0.290449,
rainless,0.290449,
rajah,0.290449,
rakish,0.290449,
rakishly,0.290449,
ramification,0.290449,
rancidity,0.290449,
randomization,0.290449,
ransacking,0.290449,
rapprochement,0.290449,
rarified,0.290449,
ratable,0.290449,
rateable,0.290449,
rattail,0.290449,
rattler,0.290449,
rawboned,0.290449,
razing,0.290449,
razor-sharp,0.290449,
razorback,0.290449,
re-creation,0.290449,
re-echo,0.290449,
re-emphasise,0.290449,
re-explore,0.290449,
re-introduction,0.290449,
readying,0.290449,
reagent,0.290449,
realness,0.290449,
reapportionment,0.290449,
rearguard,0.290449,
reassign,0.290449,
recalculation,0.290449,
recapitulate,0.290449,
reciprocate,0.290449,
recommence,0.290449,
recrimination,0.290449,
rectilinear,0.290449,
recurrently,0.290449,
recursive,0.290449,
recusant,0.290449,
red-blooded,0.290449,
red-faced,0.290449,
red-rimmed,0.290449,
rededicate,0.290449,
redheader,0.290449,
reducer,0.290449,
reenact,0.290449,
reexamination,0.290449,
refashion,0.290449,
referent,0.290449,
reflectance,0.290449,
reformism,0.290449,
refractive,0.290449,
refractory,0.290449,
refresher,0.290449,
regenerating,0.290449,
regimentation,0.290449,
regimented,0.290449,
registrar,0.290449,
regulative,0.290449,
regulator,0.290449,c1
reharmonization,0.290449,
reinterpret,0.290449,
relatedness,0.290449,
relational,0.290449,
relativism,0.290449,
relict,0.290449,
religiousness,0.290449,
removable,0.290449,
remuda,0.290449,
renal,0.290449,
replenishment,0.290449,
reproducibility,0.290449,
reproducibly,0.290449,
reprovingly,0.290449,
repudiate,0.290449,
reserpine,0.290449,
resettlement,0.290449,
residentially,0.290449,
resinlike,0.290449,
resiny,0.290449,
resistive,0.290449,
resourcefully,0.290449,
restaurateur,0.290449,
restively,0.290449,
restock,0.290449,
resurgent,0.290449,
resuspension,0.290449,
retch,0.290449,
retentiveness,0.290449,
retrogressive,0.290449,
retrovision,0.290449,
reverberation,0.290449,
reversibility,0.290449,
rf,0.290449,
rhenium,0.290449,
rheum,0.290449,
rhythmical,0.290449,
riboflavin,0.290449,
riffle,0.290449,
right-angled,0.290449,
right-handed,0.290449,
right-wing,0.290449,c1
rimless,0.290449,
ring-around-a-rosy,0.290449,
roadbed,0.290449,
roadhouse,0.290449,
rock-ribbed,0.290449,
rock-steady,0.290449,
rockbound,0.290449,
rodeo,0.290449,
roi,0.290449,
roofer,0.290449,
rooftree,0.290449,
roomful,0.290449,
rosebush,0.290449,
rotationally,0.290449,
rotenone,0.290449,
rotundity,0.290449,
rough-and-tumble,0.290449,
roughish,0.290449,
roughshod,0.290449,
round-bottom,0.290449,
round-eyed,0.290449,
round-faced,0.290449,
round-the-clock,0.290449,
rubdown,0.290449,
rubric,0.290449,
ruddiness,0.290449,
ruefulness,0.290449,
rummy,0.290449,
rumpus,0.290449,
run-of-the-mine,0.290449,
runabout,0.290449,
runt,0.290449,
rustproof,0.290449,
rutabaga,0.290449,
ruthenium,0.290449,
rutted,0.290449,
sacral,0.290449,
sacrosanct,0.290449,
safe-conduct,0.290449,
safekeeping,0.290449,
sago,0.290449,
sainthood,0.290449,
salable,0.290449,
salivary,0.290449,
saltbush,0.290449,
sambur,0.290449,
sana,0.290449,
sanatorium,0.290449,
sander,0.290449,
sang-froid,0.290449,
sangaree,0.290449,
sanguineous,0.290449,
sanhedrin,0.290449,
sarcolemmal,0.290449,
sari,0.290449,
sassing,0.290449,
saute,0.290449,
sauterne,0.290449,
sawed-off,0.290449,
say-so,0.290449,
sayonara,0.290449,
scabrous,0.290449,
scald,0.290449,
scarecrowish,0.290449,
scarify,0.290449,
scavenger,0.290449,
scherzo,0.290449,
scholastically,0.290449,
schooldays,0.290449,
schoolgirlish,0.290449,
schoolmate,0.290449,
sclerotic,0.290449,
scopes,0.290449,
scorcher,0.290449,
scratchiness,0.290449,
screenland,0.290449,
screw-loose,0.290449,
scrim,0.290449,
scrimmage,0.290449,
scrivener,0.290449,
scuff,0.290449,
scurrilous,0.290449,
seahorse,0.290449,
seaquake,0.290449,
second-class,0.290449,
sectarian,0.290449,
secularism,0.290449,
sedative,0.290449,
sedimentation,0.290449,
seedless,0.290449,
seersucker,0.290449,
seismograph,0.290449,
seismological,0.290449,
selectivity,0.290449,
self-aggrandisement,0.290449,
self-aggrandizement,0.290449,
self-analysis,0.290449,
self-assertion,0.290449,
self-awareness,0.290449,
self-conceited,0.290449,
self-consistent,0.290449,
self-criticism,0.290449,
self-effacement,0.290449,
self-effacing,0.290449,
self-enclosed,0.290449,
self-flagellation,0.290449,
self-insurance,0.290449,
self-locking,0.290449,
self-portrait,0.290449,
self-proclaimed,0.290449,
self-protection,0.290449,
self-reliance,0.290449,
self-restraint,0.290449,
self-rule,0.290449,
self-sacrificing,0.290449,
self-seeking,0.290449,
sellout,0.290449,
semi-processed,0.290449,
semiarid,0.290449,
semiautomatic,0.290449,
semiempirical,0.290449,
semipublic,0.290449,
semitrance,0.290449,
semitropical,0.290449,
senora,0.290449,
senselessly,0.290449,
sentimentalize,0.290449,
septation,0.290449,
septillion,0.290449,
septum,0.290449,
serge,0.290449,
serious-minded,0.290449,
serological,0.290449,
seventy-eight,0.290449,
seventy-fifth,0.290449,
seventy-five,0.290449,
seventy-four,0.290449,
seventy-six,0.290449,
seventy-two,0.290449,
severalty,0.290449,
sextillion,0.290449,
sforzando,0.290449,
shamefacedly,0.290449,
shamrock,0.290449,
shape-up,0.290449,
sharp-limbed,0.290449,
shatterproof,0.290449,
shiftless,0.290449,
shim,0.290449,
shipshape,0.290449,
shirtfront,0.290449,
shirtsleeve,0.290449,
shoelace,0.290449,
shoji,0.290449,
shopworn,0.290449,
short-range,0.290449,
shortsightedness,0.290449,
shoulder-to-shoulder,0.290449,
showerhead,0.290449,
shredder,0.290449,
shrilling,0.290449,
shuddery,0.290449,
shute,0.290449,
sickish,0.290449,
sickroom,0.290449,
sidelight,0.290449,
sifting,0.290449,
sightseeing,0.290449,
signal-to-noise,0.290449,
signboard,0.290449,
silicate,0.290449,
silver-gray,0.290449,
sind,0.290449,
single-foot,0.290449,
single-handed,0.290449,
single-lane,0.290449,
single-minded,0.290449,
single-spaced,0.290449,
sinkhole,0.290449,
sinuously,0.290449,
sinuousness,0.290449,
sinus,0.290449,
sit-down,0.290449,
sit-in,0.290449,
six-shooter,0.290449,
sixty-eight,0.290449,
sixty-nine,0.290449,
sizzle,0.290449,
skid,0.290449,c1
skillfulness,0.290449,
skylight,0.290449,
sl,0.290449,
sleeplessly,0.290449,
sleepwalker,0.290449,
slender-waisted,0.290449,
slim-waisted,0.290449,
slimed,0.290449,
slimly,0.290449,
slippage,0.290449,
slipstream,0.290449,
sloganeering,0.290449,
slopped,0.290449,
slovenliness,0.290449,
slow-moving,0.290449,
sluicing,0.290449,
small-scale,0.290449,
smithy,0.290449,
smoke-filled,0.290449,
smolderingly,0.290449,
smooching,0.290449,
smoothbore,0.290449,
snapper,0.290449,
snick,0.290449,
snips,0.290449,
snobbishly,0.290449,
snow-covered,0.290449,
snow-white,0.290449,
snuffer,0.290449,
soapsuds,0.290449,
soapy,0.290449,
sobbingly,0.290449,
sociality,0.290449,
socialize,0.290449,c1
sociologically,0.290449,
soft-shoe,0.290449,
soft-spoken,0.290449,
sold-out,0.290449,
soldierly,0.290449,
soldiery,0.290449,
solenoid,0.290449,
solicitousness,0.290449,
solid-state,0.290449,
solstice,0.290449,
solvency,0.290449,
soma,0.290449,
somersaulting,0.290449,
sommelier,0.290449,
somnolence,0.290449,
sonata,0.290449,
songbook,0.290449,
songful,0.290449,
sonogram,0.290449,
sonority,0.290449,
sophisticate,0.290449,
sopping,0.290449,
sops,0.290449,
sorption,0.290449,
soubriquet,0.290449,
soul-searching,0.290449,
soulfully,0.290449,
soundproof,0.290449,
soutane,0.290449,
south-central,0.290449,
space-time,0.290449,
spangle,0.290449,
spectrometric,0.290449,
spectrophotometer,0.290449,
speculatively,0.290449,
speedometer,0.290449,
spic,0.290449,
spidery,0.290449,
spinnability,0.290449,
splenetic,0.290449,
splintery,0.290449,
spray-dried,0.290449,
spread-out,0.290449,
spreader,0.290449,
square-built,0.290449,
squashy,0.290449,
squawk,0.290449,
squeamishness,0.290449,
squelched,0.290449,
squirting,0.290449,
stableman,0.290449,
stager,0.290449,
staginess,0.290449,
state-supported,0.290449,
stateless,0.290449,
statesmanlike,0.290449,
stator,0.290449,
steelmaker,0.290449,
stenography,0.290449,
stepchild,0.290449,
steprelationship,0.290449,
stereophonic,0.290449,
sternal,0.290449,
sternum,0.290449,
stickpin,0.290449,
stiff-backed,0.290449,
stochastic,0.290449,
stone-blind,0.290449,
stone-gray,0.290449,
stoneware,0.290449,
stormbound,0.290449,
straight-backed,0.290449,
straight-out,0.290449,
strait-laced,0.290449,
stratify,0.290449,
straw-colored,0.290449,
streamer,0.290449,
streamliner,0.290449,
stretcher,0.290449,
stringently,0.290449,
stuck-up,0.290449,
stylemark,0.290449,
sub-assembly,0.290449,
subatomic,0.290449,
subbing,0.290449,
sublease,0.290449,
subliterary,0.290449,
sublunary,0.290449,
subnormal,0.290449,
subrogation,0.290449,
subroutine,0.290449,
subservience,0.290449,
substantiation,0.290449,
substratum,0.290449,
subsurface,0.290449,
suburbanized,0.290449,
suffocation,0.290449,
sugared,0.290449,
suitability,0.290449,
sumac,0.290449,
summarization,0.290449,
sunbaked,0.290449,
sunbonnet,0.290449,
sunspot,0.290449,
suntan,0.290449,
supercritical,0.290449,
superego,0.290449,
superlunary,0.290449,
supernatant,0.290449,
supernormal,0.290449,
superposition,0.290449,
supersensitive,0.290449,
superstructure,0.290449,
supinely,0.290449,
supplanting,0.290449,
supranational,0.290449,
sure-enough,0.290449,
surfactant,0.290449,
suzerainty,0.290449,
swami,0.290449,
swath,0.290449,
sweatband,0.290449,
sweepingly,0.290449,
sweet-faced,0.290449,
sweetish,0.290449,
swift-footed,0.290449,
swingy,0.290449,
switch-hitter,0.290449,
sycophantic,0.290449,
syllabicity,0.290449,
symbolical,0.290449,
synchronism,0.290449,
synchronize,0.290449,
synergistic,0.290449,
synonymy,0.290449,
syntactic,0.290449,
syntactical,0.290449,
syntactically,0.290449,
systemic,0.290449,
tableland,0.290449,
tabulate,0.290449,
tactlessness,0.290449,
tactually,0.290449,
taffy,0.290449,
tailor-make,0.290449,
talismanic,0.290449,
tall-growing,0.290449,
troopship,0.290449,
trotter,0.290449,
trouble-free,0.290449,
troubleshooter,0.290449,
truculence,0.290449,
true-false,0.290449,
trumped-up,0.290449,
trusteeship,0.290449,
trustfully,0.290449,
trustingly,0.290449,
tsh,0.290449,
tt,0.290449,
tuba,0.290449,
tube-nosed,0.290449,
tulle,0.290449,
tunefulness,0.290449,
tunelessly,0.290449,
turbofan,0.290449,
turnery,0.290449,
turnoff,0.290449,
turntable,0.290449,
tuxedoed,0.290449,
twenty-eighth,0.290449,
twenty-fifth,0.290449,
twenty-nine,0.290449,
twirlingly,0.290449,
two-by-four,0.290449,
two-dimensional,0.290449,
two-lane,0.290449,
two-part,0.290449,
two-step,0.290449,
two-timing,0.290449,
two-way,0.290449,
two-year-old,0.290449,
typescript,0.290449,
typewriting,0.290449,
typographic,0.290449,
typology,0.290449,
ultramarine,0.290449,
ultramodern,0.290449,
ultrasonically,0.290449,
unabridged,0.290449,
unachievable,0.290449,
unaggressive,0.290449,
unalienable,0.290449,
unambiguity,0.290449,
unasterisked,0.290449,
unbalance,0.290449,
unblushing,0.290449,
unburdened,0.290449,
uncaused,0.290449,
uncertified,0.290449,
uncluttered,0.290449,
uncolored,0.290449,
uncombable,0.290449,
uncomplainingly,0.290449,
unconditioned,0.290449,
uncousinly,0.290449,
uncritically,0.290449,
uncurled,0.290449,
undecorated,0.290449,
undedicated,0.290449,
undemocratic,0.290449,
underarm,0.290449,
underclassman,0.290449,
underclothes,0.290449,
undereducated,0.290449,
underrate,0.290449,
undersize,0.290449,
undersized,0.290449,
understructure,0.290449,
undertow,0.290449,
undimmed,0.290449,
undreamed,0.290449,
undreamt,0.290449,
unequaled,0.290449,
unexpended,0.290449,
unfertile,0.290449,
unfertilized,0.290449,
unfrosted,0.290449,
ungratified,0.290449,
unguided,0.290449,
unheeding,0.290449,
unhook,0.290449,
unidirectional,0.290449,
unimpassioned,0.290449,
unimpeachably,0.290449,
unimposing,0.290449,
uninitiate,0.290449,
uninjectable,0.290449,
uninominal,0.290449,
univalent,0.290449,
universalistic,0.290449,
universalize,0.290449,
unlaced,0.290449,
unlamented,0.290449,
unliterary,0.290449,
unlovely,0.290449,
unmalicious,0.290449,
unmated,0.290449,
unmeritorious,0.290449,
unmethodical,0.290449,
abbey,0.290449,
abbot,0.290449,
abjection,0.290449,
ablated,0.290449,
abreaction,0.290449,
abridgment,0.290449,
abscissa,0.290449,
absenteeism,0.290449,
absorbency,0.290449,
absorber,0.290449,
absorptive,0.290449,
abstractedness,0.290449,
abstractionism,0.290449,
abstractive,0.290449,
abstractly,0.290449,
accede,0.290449,
accenting,0.290449,
accentual,0.290449,
accompanist,0.290449,
acculturation,0.290449,
acid-fast,0.290449,
acidulous,0.290449,
acolyte,0.290449,
acoustic,0.290449,c1
acoustically,0.290449,
acoustics,0.290449,
acquisitiveness,0.290449,
across-the-board,0.290449,
actinometer,0.290449,
actuate,0.290449,
ad-lib,0.290449,
adapter,0.290449,
add-on,0.290449,
adduce,0.290449,
adjudicate,0.290449,
admiringly,0.290449,
adroitness,0.290449,
advantageously,0.290449,
adventitious,0.290449,
adverbial,0.290449,
advisedly,0.290449,
aegis,0.290449,
aeon,0.290449,
aerate,0.290449,
aerobic,0.290449,
aeronautical,0.290449,
affectingly,0.290449,
afferent,0.290449,
afghan,0.290449,c1
after-hours,0.290449,
agilely,0.290449,
agitator,0.290449,
agleam,0.290449,
agnomen,0.290449,
aide-de-camp,0.290449,
air-conditioned,0.290449,
air-to-surface,0.290449,
airflow,0.290449,
airlift,0.290449,
airspeed,0.290449,
aku,0.290449,
algebraic,0.290449,
alizarin,0.290449,
all-inclusive,0.290449,
all-knowing,0.290449,
all-night,0.290449,
all-purpose,0.290449,
all-round,0.290449,
all-victorious,0.290449,
all-weather,0.290449,
allegro,0.290449,
alligatored,0.290449,
alliteration,0.290449,
alliterative,0.290449,
allot,0.290449,
allusiveness,0.290449,
alphabetic,0.290449,
alphabetized,0.290449,
altruism,0.290449,
altruistically,0.290449,
alundum,0.290449,
alveolus,0.290449,
amalgamated,0.290449,
amanuensis,0.290449,
amateurishness,0.290449,
amatory,0.290449,
ambidextrous,0.290449,
ambulatory,0.290449,
amide,0.290449,
amino,0.290449,
ammoniac,0.290449,
ammonium,0.290449,
amorist,0.290449,
amphibology,0.290449,
amphitheater,0.290449,
anachronistically,0.290449,
anaerobic,0.290449,
anaesthesia,0.290449,
anagram,0.290449,
analogously,0.290449,
analytically,0.290449,
analyticity,0.290449,
analyzable,0.290449,
anaplasmosis,0.290449,
anastomosis,0.290449,
anastomotic,0.290449,
anatomic,0.290449,
anchorite,0.290449,
anchovy,0.290449,
anesthetic,0.290449,
anhydrous,0.290449,
aniline,0.290449,
animism,0.290449,
anion,0.290449,
aniseikonic,0.290449,
anisotropy,0.290449,
anomic,0.290449,
anomie,0.290449,
anorthic,0.290449,
anteater,0.290449,
anthropomorphic,0.290449,
anti-semite,0.290449,
anticipatory,0.290449,
anticoagulation,0.290449,
antiphonal,0.290449,
antiredeposition,0.290449,
antithetical,0.290449,
anyplace,0.290449,
apocryphal,0.290449,
apologist,0.290449,
appanage,0.290449,
appareled,0.290449,
apparency,0.290449,
appeasing,0.290449,
appellant,0.290449,
applejack,0.290449,
applicator,0.290449,
apportion,0.290449,
aptness,0.290449,
aqua-lung,0.290449,
arabesque,0.290449,
arabic,0.290449,c1
arak,0.290449,
arboreal,0.290449,
archaism,0.290449,
archdiocese,0.290449,
archeological,0.290449,
architectonic,0.290449,
arcus,0.290449,
argot,0.290449,
argumentation,0.290449,
aristocratically,0.290449,
arithmetical,0.290449,
armament,0.290449,
arnica,0.290449,
arteriosclerosis,0.290449,
artfulness,0.290449,
aseptic,0.290449,
ash-blonde,0.290449,
asocial,0.290449,
assertiveness,0.290449,
astringency,0.290449,
astuteness,0.290449,
asymmetry,0.290449,
asymptotic,0.290449,
asymptotically,0.290449,
atavistic,0.290449,
atheromatous,0.290449,
atomisation,0.290449,
atonally,0.290449,
authenticator,0.290449,
autobiographic,0.290449,
avidity,0.290449,
awe-inspiring,0.290449,
axially,0.290449,
axiological,0.290449,
axiom,0.290449,
babel,0.290449,
baby-sitter,0.290449,c1
babyhood,0.290449,
backbend,0.290449,
badgering,0.290449,
badminton,0.290449,
baklava,0.290449,
balkiness,0.290449,
ball-hawking,0.290449,
balletomane,0.290449,
baneful,0.290449,
baptistery,0.290449,
barbecued,0.290449,
barbital,0.290449,
barbiturate,0.290449,
barefooted,0.290449,
bargain-priced,0.290449,
barium,0.290449,
barnstormer,0.290449,
barometric,0.290449,
baroness,0.290449,
barony,0.290449,
baroreceptor,0.290449,
barrack,0.290449,
bassinet,0.290449,
bathos,0.290449,
battle-ax,0.290449,
battlefront,0.290449,
beaded,0.290449,
beadsman,0.290449,
beady,0.290449,
beardless,0.290449,
beardown,0.290449,
beat-up,0.290449,
beatification,0.290449,
bebop,0.290449,
bedfast,0.290449,
bedground,0.290449,
bedlam,0.290449,
bedstraw,0.290449,
beefsteak,0.290449,
beggary,0.290449,
beige,0.290449,
belatedly,0.290449,
bellicosity,0.290449,
belligerently,0.290449,
beneficence,0.290449,
beryllium,0.290449,
besmirch,0.290449,
best-known,0.290449,
best-selling,0.290449,c1
bestubbled,0.290449,
betrayer,0.290449,
betrothal,0.290449,
bevel,0.290449,
bewhiskered,0.290449,
bewilderedly,0.290449,
bibliographical,0.290449,
bibliography,0.290449,
bicameral,0.290449,
bicarbonate,0.290449,
biconcave,0.290449,
biennial,0.290449,
bifocal,0.290449,
big-boned,0.290449,
big-chested,0.290449,
big-shouldered,0.290449,
big-ticket,0.290449,
bigoted,0.290449,
bilharziasis,0.290449,
bilinear,0.290449,
bimolecular,0.290449,
bimonthly,0.290449,
binuclear,0.290449,
biologic,0.290449,
biologically,0.290449,
biophysicist,0.290449,
biracial,0.290449,
birdbath,0.290449,
bishopry,0.290449,
biter,0.290449,
black-haired,0.290449,
black-market,0.290449,
blanketed,0.290449,
blazon,0.290449,
blockhouse,0.290449,
blood-filled,0.290449,
bloodroot,0.290449,
blowfish,0.290449,
blown-up,0.290449,
blowup,0.290449,
blue-collar,0.290449,
bluefish,0.290449,
bluestocking,0.290449,
bluing,0.290449,
blustery,0.290449,
bodybuilding,0.290449,
bolo,0.290449,
bongo,0.290449,
bonheur,0.290449,
booklet,0.290449,
bookshelf,0.290449,c1
bootlegger,0.290449,
borax,0.290449,
borer,0.290449,
botulinum,0.290449,
boucle,0.290449,
bouffe,0.290449,
boxed-in,0.290449,
boxy,0.290449,
braggadocio,0.290449,
brainwashing,0.290449,
bratwurst,0.290449,
brazenness,0.290449,
brazier,0.290449,
bride-gift,0.290449,
bridgework,0.290449,
brindle,0.290449,
brocaded,0.290449,
broil,0.290449,
broken-backed,0.290449,
broken-down,0.290449,
bronchiolar,0.290449,
bronchiolitis,0.290449,
brown-black,0.290449,
brushlike,0.290449,
brushwork,0.290449,
brusquely,0.290449,
buckskins,0.290449,
bucolic,0.290449,
bugler,0.290449,
chignon,0.290449,
chinked,0.290449,
chipper,0.290449,
chive,0.290449,
chives,0.290449,
chlorothiazide,0.290449,
chlorpromazine,0.290449,
cholelithiasis,0.290449,
cholinesterase,0.290449,
choosy,0.290449,
chromatogram,0.290449,
chumminess,0.290449,
churchly,0.290449,
chutney,0.290449,
cigaret,0.290449,
circumlocution,0.290449,
city-bred,0.290449,
cladding,0.290449,
clairvoyance,0.290449,
clamshell,0.290449,
clannish,0.290449,
clannishness,0.290449,
classificatory,0.290449,
clattery,0.290449,
clean-shaven,0.290449,
clerking,0.290449,
clincher,0.290449,
clonic,0.290449,
closed-circuit,0.290449,
clothesbrush,0.290449,
clothier,0.290449,
cloture,0.290449,
clucking,0.290449,
co-author,0.290449,c1
co-op,0.290449,
co-ordinate,0.290449,
co-ordinated,0.290449,
co-star,0.290449,
coalesced,0.290449,
coalescence,0.290449,
coaxial,0.290449,
cobblestone,0.290449,
coccidioidomycosis,0.290449,
coccidiosis,0.290449,
cockatoo,0.290449,
cockeyed,0.290449,
codified,0.290449,
coexist,0.290449,
coexistent,0.290449,
cognate,0.290449,
coiffure,0.290449,
colchicum,0.290449,
cold-blooded,0.290449,
cold-bloodedly,0.290449,
collarbone,0.290449,
colonialist,0.290449,
colonnaded,0.290449,
coltish,0.290449,
combinable,0.290449,
cometary,0.290449,
commercialism,0.290449,
commissary,0.290449,
commonness,0.290449,
communistic,0.290449,
communize,0.290449,
compassionately,0.290449,
compatriot,0.290449,
complainant,0.290449,
comport,0.290449,
comportment,0.290449,
compositional,0.290449,
compote,0.290449,
compressibility,0.290449,
computational,0.290449,
concertina,0.290449,
condemnatory,0.290449,
condenser,0.290449,
congenital,0.290449,
conjugation,0.290449,
consanguineous,0.290449,
conscionable,0.290449,
conserves,0.290449,
consonance,0.290449,
constatation,0.290449,
consular,0.290449,
contaminate,0.290449,
contaminating,0.290449,
continuo,0.290449,
contortion,0.290449,
contrabass,0.290449,
convexity,0.290449,
cookfire,0.290449,
coolheaded,0.290449,
copywriter,0.290449,
corduroy,0.290449,
corduroys,0.290449,
cornbread,0.290449,
cornstarch,0.290449,
corporeality,0.290449,
corpuscular,0.290449,
corrode,0.290449,
corsage,0.290449,
cortically,0.290449,
corticotropin,0.290449,
cosec,0.290449,
cosily,0.290449,
cost-plus,0.290449,
costive,0.290449,
cotillion,0.290449,
cotter,0.290449,
cottonmouth,0.290449,
counter-drill,0.290449,
counterchallenge,0.290449,
counterman,0.290449,
counterproposal,0.290449,
courtliness,0.290449,
cowling,0.290449,
cowpuncher,0.290449,
coyly,0.290449,
crabapple,0.290449,
crabbed,0.290449,
crackpot,0.290449,
crafter,0.290449,
crasher,0.290449,
crawlspace,0.290449,
crease,0.290449,c1
creche,0.290449,
credulousness,0.290449,
creedal,0.290449,
cremate,0.290449,
crisscrossed,0.290449,
croak,0.290449,
crochet,0.290449,
crocked,0.290449,
crocketed,0.290449,
cross-cultural,0.290449,
cross-examination,0.290449,
cross-eyed,0.290449,
cross-fertilization,0.290449,
crossways,0.290449,
crowbait,0.290449,
crudity,0.290449,
crumbly,0.290449,
crus,0.290449,
cryostat,0.290449,
cryptographic,0.290449,
crystallite,0.290449,
crystallize,0.290449,
crystallography,0.290449,
cubbyhole,0.290449,
cuckoo-bumblebee,0.290449,
cumin,0.290449,
cumulate,0.290449,
curative,0.290449,
curettage,0.290449,
currant,0.290449,
curtained,0.290449,
curtness,0.290449,
curvaceously,0.290449,
custodial,0.290449,
custom-make,0.290449,
cut-and-dried,0.290449,
cutting-edge,0.290449,
cyclohexanol,0.290449,
cyclorama,0.290449,
cytolysis,0.290449,
dandily,0.290449,
danseur,0.290449,
dark-blue,0.290449,
dark-brown,0.290449,
dark-gray,0.290449,
dark-green,0.290449,
dark-skinned,0.290449,
datum,0.290449,
daunt,0.290449,
daybed,0.290449,
daydreaming,0.290449,
de-iodinase,0.290449,
de-iodinate,0.290449,
de-iodination,0.290449,
deactivation,0.290449,
dead-end,0.290449,
deadened,0.290449,
decentralization,0.290449,
decentralizing,0.290449,
decertify,0.290449,
declamatory,0.290449,
decolletage,0.290449,
decompression,0.290449,
decorativeness,0.290449,
dedifferentiated,0.290449,
deep-eyed,0.290449,
defeatism,0.290449,
deformational,0.290449,
dehumanize,0.290449,
dehydrated,0.290449,
dehydration,0.290449,
deification,0.290449,
delectation,0.290449,
delimit,0.290449,
delphic,0.290449,
deltoid,0.290449,
deluxe,0.290449,
demander,0.290449,
demineralization,0.290449,
demon-ridden,0.290449,
demoralization,0.290449,
demoralizing,0.290449,
denominationally,0.290449,
densitometry,0.290449,
dentistry,0.290449,
departmental,0.290449,
derangement,0.290449,
derisively,0.290449,
derogate,0.290449,
derriere,0.290449,
desecrated,0.290449,
desecration,0.290449,
desegregate,0.290449,
desuetude,0.290449,
desynchronizing,0.290449,
determinable,0.290449,
determinant,0.290449,
determinative,0.290449,
determinism,0.290449,
detractor,0.290449,
detribalize,0.290449,
devisee,0.290449,
devotional,0.290449,
dewy-eyed,0.290449,
diachronic,0.290449,
diagnosable,0.290449,
dialectical,0.290449,
dialectically,0.290449,
diathermy,0.290449,
diathesis,0.290449,
dichondra,0.290449,
dictatorial,0.290449,
diddle,0.290449,
diffusely,0.290449,
digitalis,0.290449,
digitalization,0.290449,
dignify,0.290449,
dinghy,0.290449,
dining-room,0.290449,
dinnerware,0.290449,
diocese,0.290449,
directivity,0.290449,
disapprovingly,0.290449,
disarranged,0.290449,
disassembly,0.290449,
discoid,0.290449,
disconcert,0.290449,
discursiveness,0.290449,
discussant,0.290449,
disfavor,0.290449,
disharmony,0.290449,
dishonored,0.290449,
dishwater,0.290449,
disillusioning,0.290449,
disintegrative,0.290449,
dispensary,0.290449,
dispossession,0.290449,
disproportionately,0.290449,
disputable,0.290449,
disqualify,0.290449,
dissenter,0.290449,
distortable,0.290449,
distributive,0.290449,
disturber,0.290449,
disunion,0.290449,
disunited,0.290449,
diverging,0.290449,
divertimento,0.290449,
dizzily,0.290449,
do-gooder,0.290449,
doctrinally,0.290449,
dog-eared,0.290449,
doghouse,0.290449,
dogleg,0.290449,
dogtrot,0.290449,
dogwood,0.290449,
door-to-door,0.290449,
double-crosser,0.290449,
double-crossing,0.290449,
double-glaze,0.290449,
doubleheader,0.290449,
dourly,0.290449,
doweling,0.290449,
down-and-out,0.290449,
draftee,0.290449,
dragger,0.290449,
draughty,0.290449,
drawn-out,0.290449,
dreamless,0.290449,
dried-out,0.290449,
dried-up,0.290449,
drudgery,0.290449,
drugless,0.290449,
dry-dock,0.290449,
dry-eyed,0.290449,
dualism,0.290449,
duffer,0.290449,
dunk,0.290449,c1
duplex,0.290449,
duplicable,0.290449,
dyeing,0.290449,
dynamical,0.290449,
dynamically,0.290449,
dysentery,0.290449,
dysplasia,0.290449,
earthenware,0.290449,
edematous,0.290449,
edentulous,0.290449,
edgewise,0.290449,
editorialist,0.290449,
editorship,0.290449,
effloresce,0.290449,
effluvium,0.290449,
effusive,0.290449,
egalitarianism,0.290449,
egghead,0.290449,
eggshell,0.290449,
eidetic,0.290449,
eighty-five,0.290449,
eighty-four,0.290449,
eighty-nine,0.290449,
eighty-one,0.290449,
eject,0.290449,
elan,0.290449,
elbowing,0.290449,
electrocardiogram,0.290449,
electromagnet,0.290449,
electromagnetism,0.290449,
electrophorus,0.290449,
electrotherapist,0.290449,
ell,0.290449,
ellipsoid,0.290449,
eluate,0.290449,
elusiveness,0.290449,
embezzle,0.290449,
embossed,0.290449,
emotionality,0.290449,
emphysematous,0.290449,
empower,0.290449,c1
enamel,0.290449,
encephalitis,0.290449,
enchained,0.290449,
encyclopedic,0.290449,
end-to-end,0.290449,
endogamous,0.290449,
endogenous,0.290449,
endosperm,0.290449,
endothelial,0.290449,
enduringly,0.290449,
enormity,0.290449,
enterotoxemia,0.290449,
enterprisingly,0.290449,
entranceway,0.290449,
enunciate,0.290449,
enunciation,0.290449,
enviably,0.290449,
enviously,0.290449,
eosinophilic,0.290449,
epicyclical,0.290449,
epigrammatic,0.290449,
epistolatory,0.290449,
epitomize,0.290449,
epoch-making,0.290449,
equalization,0.290449,
equalize,0.290449,
equipotent,0.290449,
ergotropic,0.290449,
erysipelas,0.290449,
erythroid,0.290449,
espousal,0.290449,
etymological,0.290449,
eucalyptus,0.290449,
eugenic,0.290449,
eulogize,0.290449,
eutectic,0.290449,
evaluative,0.290449,
evaporative,0.290449,
evensong,0.290449,
evidential,0.290449,
evocation,0.290449,
ex-gambler,0.290449,
ex-mayor,0.290449,
exalting,0.290449,
exasperatingly,0.290449,
excelsior,0.290449,
excoriate,0.290449,
excretion,0.290449,
excursus,0.290449,
exhaustible,0.290449,
exhaustively,0.290449,
exogamous,0.290449,
exothermic,0.290449,
expectable,0.290449,
experimentalism,0.290449,
explicitness,0.290449,
explosively,0.290449,
expository,0.290449,
expressible,0.290449,
expressiveness,0.290449,
expunge,0.290449,
expurgation,0.290449,
extemporize,0.290449,
extern,0.290449,
externalization,0.290449,
extralegal,0.290449,
extraneousness,0.290449,
exultantly,0.290449,
eye-deceiving,0.290449,
eyelid,0.290449,
eyepiece,0.290449,
facetiously,0.290449,
fadeout,0.290449,
fail-safe,0.290449,
faker,0.290449,
fancier,0.290449,
fancy-free,0.290449,
fantasist,0.290449,
fantods,0.290449,
far-famed,0.290449,
far-flung,0.290449,
far-off,0.290449,
far-out,0.290449,
fascinatingly,0.290449,
fast-growing,0.290449,
fat-soluble,0.290449,
fauteuil,0.290449,
fawn-colored,0.290449,
featherbedding,0.290449,
fecund,0.290449,
fecundity,0.290449,
federalize,0.290449,
fenugreek,0.290449,
ferment,0.290449,
fermenting,0.290449,
fetishize,0.290449,
feudalism,0.290449,
feudalistic,0.290449,
fibrocalcific,0.290449,
fictive,0.290449,
fiefdom,0.290449,
fieldstone,0.290449,
fifty-fifty,0.290449,
fifty-four,0.290449,
fifty-nine,0.290449,
fifty-one,0.290449,
fifty-three,0.290449,
fifty-two,0.290449,
figural,0.290449,
filagree,0.290449,
filbert,0.290449,
fill-in,0.290449,
fine-grained,0.290449,
fine-tooth,0.290449,
finger-paint,0.290449,
fingerprinting,0.290449,
finial,0.290449,
finicky,0.290449,
fire-resistant,0.290449,
firebug,0.290449,
firecracker,0.290449,
firsthand,0.290449,
fishpond,0.290449,
five-fold,0.290449,
flagellated,0.290449,
flagellation,0.290449,
flageolet,0.290449,
flagrantly,0.290449,
flat-footed,0.290449,
flat-topped,0.290449,
flathead,0.290449,
flatiron,0.290449,
flautist,0.290449,
fleawort,0.290449,
flier,0.290449,
floater,0.290449,
flocculation,0.290449,
floe,0.290449,
floodlight,0.290449,
floodlit,0.290449,
floorshow,0.290449,
fluorescein,0.290449,
fluorine,0.290449,
fluting,0.290449,
flyaway,0.290449,
focally,0.290449,
fogged,0.290449,
follicular,0.290449,
follow-through,0.290449,
fontanel,0.290449,
footbridge,0.290449,
foothill,0.290449,
forcefulness,0.290449,
foreleg,0.290449,
forthrightly,0.290449,
forty-eight,0.290449,
forty-fifth,0.290449,
forward-moving,0.290449,
foully,0.290449,
fountainhead,0.290449,
four-fold,0.290449,
four-sided,0.290449,
fractious,0.290449,
frambesia,0.290449,
frangipani,0.290449,
fraternisation,0.290449,
fraternize,0.290449,
free-for-all,0.290449,
frenziedly,0.290449,
frilly,0.290449,
frowzy,0.290449,
frugally,0.290449,
fruitfully,0.290449,
fruitfulness,0.290449,
full-blown,0.290449,
full-bodied,0.290449,
full-clad,0.290449,
full-dress,0.290449,
full-of-the-moon,0.290449,
fulminate,0.290449,
functionalism,0.290449,
fundamentalism,0.290449,
fur-piece,0.290449,
furtive,0.290449,
furtively,0.290449,
fuselage,0.290449,
fusiform,0.290449,
fussily,0.290449,
fusty,0.290449,
fuzzed,0.290449,
gabardine,0.290449,
gainful,0.290449,
gallbladder,0.290449,
galled,0.290449,
gallstone,0.290449,
galvanism,0.290449,
gangling,0.290449,
gangplank,0.290449,
gargle,0.290449,
garishness,0.290449,
garnet,0.290449,
gastronomy,0.290449,
gauche,0.290449,
gaucherie,0.290449,
gazelle,0.290449,
gegenschein,0.290449,
general-purpose,0.290449,
generalist,0.290449,
gentian,0.290449,
geometrically,0.290449,
geopolitical,0.290449,
germinal,0.290449,
gesticulating,0.290449,
ghostlike,0.290449,
gibe,0.290449,
giblet,0.290449,
gild,0.290449,
gimbaled,0.290449,
ginkgo,0.290449,
give-and-take,0.290449,
givenness,0.290449,
glanders,0.290449,
glandular,0.290449,
glass-like,0.290449,
glassless,0.290449,
glaucoma,0.290449,
glissade,0.290449,
globetrotter,0.290449,
glottal,0.290449,
glottochronology,0.290449,
gonne,0.290449,
governmentally,0.290449,
gowned,0.290449,
grade-constructed,0.290449,
graining,0.290449,
grammatically,0.290449,
grandstand,0.290449,
granulocytic,0.290449,
grassfire,0.290449,
grassland,0.290449,
gratifyingly,0.290449,
graybeard,0.290449,
grey-haired,0.290449,
gristmill,0.290449,
grits,0.290449,
grooming,0.290449,
grounder,0.290449,
guar,0.290449,
guaranty,0.290449,
guardhouse,0.290449,
gullet,0.290449,
gullibility,0.290449,
gumming,0.290449,
gunflint,0.290449,
gusher,0.290449,
guzzle,0.290449,
gymnast,0.290449,
gynecological,0.290449,
gyration,0.290449,
haberdashery,0.290449,
hacksaw,0.290449,
haddock,0.290449,
haggle,0.290449,
hailstorm,0.290449,
hair-raising,0.290449,
half-brother,0.290449,
half-heartedly,0.290449,
half-life,0.290449,
half-light,0.290449,
half-sister,0.290449,
half-witted,0.290449,
halfhearted,0.290449,
halftime,0.290449,
hallucinating,0.290449,
hand-crafted,0.290449,
hand-hewn,0.290449,
hand-me-down,0.290449,
handhold,0.290449,
handless,0.290449,
handmade,0.290449,
handshake,0.290449,
hard-bitten,0.290449,
hard-nosed,0.290449,
hard-to-please,0.290449,
hardbake,0.290449,
hardboard,0.290449,
harmonization,0.290449,
harpsichord,0.290449,
harpsichordist,0.290449,
head-in-the-clouds,0.290449,
headboard,0.290449,
headdress,0.290449,
headlinese,0.290449,
headroom,0.290449,
headstand,0.290449,
heat-absorbing,0.290449,
heatedly,0.290449,
heavy-armed,0.290449,
heavy-duty,0.290449,
heavy-handed,0.290449,
hecatomb,0.290449,
hel,0.290449,
heliocentric,0.290449,
hell-for-leather,0.290449,
hellfire,0.290449,
hemispherical,0.290449,
hemolytic,0.290449,
hermeneutics,0.290449,
hero-worship,0.290449,
herpetologist,0.290449,
herpetology,0.290449,
herringbone,0.290449,
hexagon,0.290449,
hi-fi,0.290449,
high-backed,0.290449,
high-class,0.290449,
high-interest,0.290449,
high-minded,0.290449,
high-power,0.290449,
high-resolution,0.290449,
high-stepped,0.290449,
high-sudsing,0.290449,
high-topped,0.290449,
high-up,0.290449,
high-velocity,0.290449,
high-voltage,0.290449,
highboard,0.290449,
highboy,0.290449,
highwayman,0.290449,
hindquarters,0.290449,
hipline,0.290449,
histology,0.290449,
historicism,0.290449,
hit-and-run,0.290449,
hitless,0.290449,
hoarseness,0.290449,
hobble,0.290449,
hollowness,0.290449,
hollowware,0.290449,
hollyhock,0.290449,
homebound,0.290449,
homefolk,0.290449,
homesickness,0.290449,
homogenization,0.290449,
honeycombed,0.290449,
honky-tonk,0.290449,
honoree,0.290449,
hookworm,0.290449,
hooliganism,0.290449,
hoosegow,0.290449,
hopscotch,0.290449,
horn-rimmed,0.290449,
horse-trail,0.290449,
horseflesh,0.290449,
horsehair,0.290449,
hot-blooded,0.290449,
housebreaking,0.290449,
housebroken,0.290449,
housepaint,0.290449,
hoydenish,0.290449,
humiliatingly,0.290449,
huskiness,0.290449,
hutment,0.290449,
hyalinization,0.290449,
hydrated,0.290449,
hydraulically,0.290449,
hydraulics,0.290449,
hydrostatic,0.290449,
hydrous,0.290449,
hyperbolically,0.290449,
hypercellularity,0.290449,
hyperfine,0.290449,
hyperplasia,0.290449,
hypertrophied,0.290449,
hypervelocity,0.290449,
hypoactive,0.290449,
hypoadrenocorticism,0.290449,
hypocellularity,0.290449,
hypophyseal,0.290449,
hypophysectomised,0.290449,
hypostatization,0.290449,
hypothalamically,0.290449,
hypothyroidism,0.290449,
hysterectomy,0.290449,
ice-cold,0.290449,
iconoclasm,0.290449,
ideational,0.290449,
ideologist,0.290449,
idiomatic,0.290449,
igneous,0.290449,
ileum,0.290449,
iliac,0.290449,
illumine,0.290449,
illusionary,0.290449,
imbibe,0.290449,
imbroglio,0.290449,
imitative,0.290449,
imminence,0.290449,
immodesty,0.290449,
immunization,0.290449,
immunoelectrophoresis,0.290449,
impartation,0.290449,
imperishable,0.290449,
impiety,0.290449,
implantation,0.290449,
implausibly,0.290449,
important-looking,0.290449,
importunately,0.290449,
impotency,0.290449,
in-fighting,0.290449,
in-person,0.290449,
inactivity,0.290449,
inadvisable,0.290449,
inapt,0.290449,
inbreeding,0.290449,
incapacity,0.290449,
incautious,0.290449,
incertain,0.290449,
incinerator,0.290449,
incipience,0.290449,
incise,0.290449,
incisiveness,0.290449,
incomprehension,0.290449,
inconspicuous,0.290449,
incontrovertible,0.290449,
incorruptibility,0.290449,
incursion,0.290449,
indefinity,0.290449,
indigent,0.290449,
indiscriminating,0.290449,
individuation,0.290449,
indoctrination,0.290449,
industrialism,0.290449,
industrially,0.290449,
ineffectively,0.290449,
ineffectiveness,0.290449,
ineluctable,0.290449,
inescapably,0.290449,
infarct,0.290449,
infarction,0.290449,
infest,0.290449,
infinitive,0.290449,
infirmary,0.290449,
informality,0.290449,
infraction,0.290449,
infuriation,0.290449,
ingestion,0.290449,
inhabitation,0.290449,
inhalation,0.290449,
inharmonious,0.290449,
inhomogeneous,0.290449,
inquisitor,0.290449,
dominique,0.288448,
drifter,0.288448,
durham,0.288448,
empathetic,0.288448,
enamored,0.288448,
fab,0.288448,
fantastical,0.288448,
farrell,0.288448,
godard,0.288448,
hairdo,0.288448,
harding,0.288448,
homoerotic,0.288448,
horta,0.288448,
hungarian,0.288448,
iffy,0.288448,
inanity,0.288448,
ingenue,0.288448,
rapper,0.288448,
raunch,0.288448,
razzle,0.288448,
reprise,0.288448,
ricardo,0.288448,
richelieu,0.288448,
ridiculousness,0.288448,
ripper,0.288448,
saxon,0.288448,
scriptwriter,0.288448,
scruffy,0.288448,
sculptress,0.288448,
serra,0.288448,
shootout,0.288448,
singleton,0.288448,
sissy,0.288448,
sketchy,0.288448,
soviets,0.288448,
stamper,0.288448,
stepdaughter,0.288448,
stepfather,0.288448,c1
stevens,0.288448,
stifler,0.288448,
stylistically,0.288448,
swordfish,0.288448,
taco,0.288448,c1
ulterior,0.288448,
johnston,0.288448,
kafka,0.288448,
karloff,0.288448,
kent,0.288448,
kgb,0.288448,
knox,0.288448,
kooky,0.288448,
lebanese,0.288448,
liven,0.288448,
livingston,0.288448,
loopy,0.288448,
loren,0.288448,
lorraine,0.288448,
lorre,0.288448,
lovemaking,0.288448,
lowbrow,0.288448,
lugosi,0.288448,
lydia,0.288448,
monroe,0.288448,
montgomery,0.288448,
mush,0.288448,
mushy,0.288448,c1
naomi,0.288448,
oddball,0.288448,
omaha,0.288448,
orlando,0.288448,
overuse,0.288448,
overzealous,0.288448,
picky,0.288448,c1
pleaser,0.288448,
poe,0.288448,
pooch,0.288448,
primate,0.288448,
psychedelic,0.288448,
unwavering,0.288448,
vancouver,0.288448,
violator,0.288448,
vonnegut,0.288448,
voyeuristic,0.288448,
wb,0.288448,
welsh,0.288448,
winslow,0.288448,
yakuza,0.288448,
zen,0.288448,
bungee,0.288448,
burma,0.288448,
canaan,0.288448,
caroline,0.288448,
casanova,0.288448,
cathartic,0.288448,
champ,0.288448,c1
cheeky,0.288448,
machismo,0.288448,
mafioso,0.288448,
malaysia,0.288448,
manchurian,0.288448,
mayo,0.288448,
megalomaniac,0.288448,
tearjerker,0.288448,
teaser,0.288448,
tribune,0.288448,
adrenalin,0.288448,
alumnus,0.288448,c1
asia,0.288448,
babysitting,0.288448,
belgian,0.288448,
birdcage,0.288448,
brazilian,0.288448,c1
condone,0.288448,
cram,0.288448,c1
diana,0.288448,
cramped,0.285242,
crony,0.285242,
dazzlingly,0.285242,
interminably,0.285242,
llama,0.285242,
omnipresent,0.285242,
impulsively,0.285242,
inky,0.285242,
purr,0.285242,
shoeless,0.285242,
sleight,0.285242,
soliloquy,0.285242,
subvert,0.285242,
swoon,0.285242,
uninformed,0.285242,
captivate,0.285242,
transfixed,0.285242,
unobstructed,0.282036,
unpersuadable,0.282036,
unsounded,0.282036,
untainted,0.282036,
untasted,0.282036,
untutored,0.282036,
unwearied,0.282036,
upbraid,0.282036,
vertebra,0.282036,
vouch,0.282036,
wainscot,0.282036,
warder,0.282036,
weal,0.282036,
bunting,0.282036,
calamus,0.282036,
carnally,0.282036,
cassia,0.282036,
castaway,0.282036,
cautiousness,0.282036,
cavil,0.282036,
madder,0.282036,
malignity,0.282036,
mammon,0.282036,
mantelpiece,0.282036,
tare,0.282036,
tendinous,0.282036,
terribleness,0.282036,
thresh,0.282036,
tierce,0.282036,
tinned,0.282036,
tranquilly,0.282036,
trice,0.282036,
disconsolate,0.282036,
disdainfully,0.282036,
disport,0.282036,
dispossess,0.282036,
disproportion,0.282036,
distill,0.282036,
dreamily,0.282036,
drudge,0.282036,
dulcimer,0.282036,
dyspepsia,0.282036,
eddy,0.282036,
efflux,0.282036,
egress,0.282036,
eightpence,0.282036,
emulation,0.282036,
enamour,0.282036,
encircling,0.282036,
equinoctial,0.282036,
erring,0.282036,
estimable,0.282036,
exhalation,0.282036,
fagged,0.282036,
ferrule,0.282036,
festoon,0.282036,
forewarn,0.282036,
forsooth,0.282036,
fortieth,0.282036,
fount,0.282036,
gape,0.282036,
gibberish,0.282036,
glade,0.282036,
globular,0.282036,
gluttonous,0.282036,
gouty,0.282036,
habergeon,0.282036,
harrow,0.282036,
hatter,0.282036,
heartiness,0.282036,
hermitage,0.282036,
horridly,0.282036,
ignominy,0.282036,
importunity,0.282036,
inelegant,0.282036,
insatiate,0.282036,
acuteness,0.282036,
adulteress,0.282036,
affright,0.282036,
allude,0.282036,
amiability,0.282036,
apostleship,0.282036,
apprehensiveness,0.282036,
asperity,0.282036,
auger,0.282036,
barrow,0.282036,
basketful,0.282036,
belike,0.282036,
betroth,0.282036,
bilious,0.282036,
blacken,0.282036,
blackguard,0.282036,
blanch,0.282036,
blessedness,0.282036,
bodiless,0.282036,
bray,0.282036,
broiling,0.282036,
chicha,0.282036,
clapper,0.282036,
coffer,0.282036,
comfortless,0.282036,
concourse,0.282036,
concupiscence,0.282036,
conjurer,0.282036,
crape,0.282036,
criminologist,0.282036,
cushioned,0.282036,
dawdling,0.282036,
debouch,0.282036,
deform,0.282036,
despiteful,0.282036,
dexterously,0.282036,
dicotyledonous,0.282036,
insensibility,0.282036,
insensibly,0.282036,
inseparably,0.282036,
insipidity,0.282036,
jamming,0.282036,
kiln,0.282036,
largeness,0.282036,
latchet,0.282036,
lintel,0.282036,
litigious,0.282036,
locke,0.282036,
loiter,0.282036,
lubber,0.282036,
miry,0.282036,
mischance,0.282036,
mizen,0.282036,
mizzen,0.282036,
monomania,0.282036,
mossy,0.282036,
oakum,0.282036,
obediently,0.282036,
ofttimes,0.282036,
optimist,0.282036,
overmuch,0.282036,
palmy,0.282036,
parry,0.282036,
pathway,0.282036,c1
peruse,0.282036,
pessimist,0.282036,
petticoat,0.282036,
phrenology,0.282036,
piratical,0.282036,
plaint,0.282036,
plat,0.282036,
plowman,0.282036,
poky,0.282036,
potsherd,0.282036,
precipitately,0.282036,
propitiation,0.282036,
prosperously,0.282036,
ransomed,0.282036,
rashly,0.282036,
recline,0.282036,
relapse,0.282036,
remorselessly,0.282036,
reverently,0.282036,
sackbut,0.282036,
sagaciously,0.282036,
sanely,0.282036,
sardius,0.282036,
sceptic,0.282036,
scrawl,0.282036,
serried,0.282036,
sevens,0.282036,
shirr,0.282036,
sinew,0.282036,
slantingly,0.282036,
slighting,0.282036,
sociably,0.282036,
sorrowfully,0.282036,
sorrowing,0.282036,
spasmodically,0.282036,
spikenard,0.282036,
spue,0.282036,
starlit,0.282036,
supernal,0.282036,
sycamore,0.282036,
synod,0.282036,
tablecloth,0.282036,
troubadour,0.282036,
tumultuously,0.282036,
turnip,0.282036,
unctuousness,0.282036,
undignified,0.282036,
unexampled,0.282036,
unfaltering,0.282036,
unfrequented,0.282036,
ungenerous,0.282036,
ungodliness,0.282036,
unkindly,0.282036,
unloose,0.282036,
unloosen,0.282036,
unmerited,0.282036,
regina,0.262808,
scrappy,0.262808,
seance,0.262808,
shearer,0.262808,
spiritualist,0.262808,
baring,0.262808,
behemoth,0.262808,
cloaked,0.262808,
concoct,0.262808,
crusty,0.262808,
uproarious,0.262808,
torturing,0.262808,
transparently,0.262808,
firth,0.262808,
flake,0.262808,c1
frisky,0.262808,
hallucination,0.262808,
israel,0.262808,
lite,0.262808,
looker,0.262808,
ludicrously,0.262808,
menagerie,0.262808,
moo,0.262808,
nonchalantly,0.262808,
publicist,0.262808,
legible,0.259602,
lodger,0.259602,
misused,0.259602,
muchness,0.259602,
ob,0.259602,
omnivorous,0.259602,
opal,0.259602,
overpower,0.259602,
pennyworth,0.259602,
pew,0.259602,c1
phallic,0.259602,
ply,0.259602,
portent,0.259602,
pugnacious,0.259602,
unwieldy,0.259602,
usurper,0.259602,
vastness,0.259602,
zodiac,0.259602,
manfully,0.259602,
matted,0.259602,
tamer,0.259602,
timorous,0.259602,
toed,0.259602,
transpose,0.259602,
purplish,0.259602,
regent,0.259602,
reprimand,0.259602,c1
repulse,0.259602,
revengeful,0.259602,
ruffle,0.259602,
scamp,0.259602,
sentimentally,0.259602,
sheepishly,0.259602,
sloth,0.259602,
soiree,0.259602,
spasmodic,0.259602,
unintelligent,0.259602,
adoring,0.259602,
apoplectic,0.259602,
argent,0.259602,
behest,0.259602,
boastful,0.259602,
cobbling,0.259602,
compunction,0.259602,
constellation,0.259602,c1
debased,0.259602,
deciphered,0.259602,
deprecating,0.259602,
dispirited,0.259602,
dissolute,0.259602,
drape,0.259602,c1
endear,0.259602,
expressively,0.259602,
garnish,0.259602,c1
handcuff,0.259602,c1
harlequin,0.259602,
hideousness,0.259602,
docudrama,0.240374,
domingo,0.240374,
dork,0.240374,
downer,0.240374,
egyptian,0.240374,b2
extraordinaire,0.240374,
extravaganza,0.240374,
fabulously,0.240374,
fairytale,0.240374,
fax,0.240374,c1
flawlessly,0.240374,
followup,0.240374,
gardner,0.240374,
goofball,0.240374,
grungy,0.240374,
guinevere,0.240374,
handheld,0.240374,
hendrix,0.240374,
hijinks,0.240374,
hindu,0.240374,c1
hitchhiker,0.240374,
hiv,0.240374,
hogget,0.240374,
iconic,0.240374,
imf,0.240374,
implausibility,0.240374,
punctuate,0.240374,
pyle,0.240374,
quandary,0.240374,
ragtag,0.240374,
referential,0.240374,
resonate,0.240374,c1
robertson,0.240374,
rodgers,0.240374,
roswell,0.240374,
rube,0.240374,
saddam,0.240374,
scatological,0.240374,
sexpot,0.240374,
siam,0.240374,
sleepwalk,0.240374,
snicker,0.240374,
socialite,0.240374,
sociopath,0.240374,
songwriter,0.240374,
soppy,0.240374,
spanner,0.240374,
stardust,0.240374,
steamy,0.240374,
steerage,0.240374,
strobe,0.240374,
sw,0.240374,
swat,0.240374,c1
talon,0.240374,
ulysses,0.240374,
unabashedly,0.240374,
iowa,0.240374,
kicker,0.240374,
klutz,0.240374,
korean,0.240374,b2
laughton,0.240374,
lea,0.240374,
lindsay,0.240374,
milano,0.240374,
misfit,0.240374,
mopes,0.240374,
morocco,0.240374,
motivational,0.240374,
moviegoer,0.240374,
mutation,0.240374,c1
nebbish,0.240374,
negativity,0.240374,
norma,0.240374,
olympic,0.240374,c1
oversexed,0.240374,
pauline,0.240374,
peek,0.240374,c1
peppy,0.240374,
pharaoh,0.240374,
pied,0.240374,
piggy,0.240374,
plucky,0.240374,
preachy,0.240374,
predilection,0.240374,
pretentiousness,0.240374,
protector,0.240374,
protestant,0.240374,c1
proximo,0.240374,
unrelentingly,0.240374,
unsinkable,0.240374,
unsubtle,0.240374,
utah,0.240374,
var,0.240374,
verona,0.240374,
videocassette,0.240374,
viola,0.240374,
virginal,0.240374,
voyeurism,0.240374,
wainwright,0.240374,
whitney,0.240374,
wizardry,0.240374,
woodward,0.240374,
yankee,0.240374,c1
yellowstone,0.240374,
zaire,0.240374,
campion,0.240374,
cassie,0.240374,
catholicism,0.240374,
cello,0.240374,
chaja,0.240374,
chandler,0.240374,
manhunt,0.240374,
mantegna,0.240374,
marian,0.240374,
masochistic,0.240374,
meir,0.240374,
memorably,0.240374,
tammy,0.240374,
tappan,0.240374,
teresa,0.240374,
texan,0.240374,
throwback,0.240374,
timeline,0.240374,c1
tod,0.240374,
abel,0.240374,
adaption,0.240374,
alaska,0.240374,
alberta,0.240374,
anal,0.240374,
aphrodite,0.240374,
arabia,0.240374,
argo,0.240374,
arthurian,0.240374,
ashton,0.240374,
aurelius,0.240374,
balthazar,0.240374,
bankable,0.240374,
baptist,0.240374,c1
barf,0.240374,
basil,0.240374,
bb,0.240374,
bender,0.240374,
benton,0.240374,
billionaire,0.240374,c1
brits,0.240374,
buffoonish,0.240374,
churn,0.240374,c1
coliseum,0.240374,
colleen,0.240374,
creepiness,0.240374,
crock,0.240374,
cutout,0.240374,
cyborg,0.240374,
dane,0.240374,
demille,0.240374,
agonizingly,0.237168,
ambient,0.237168,
ardently,0.237168,
aria,0.237168,
blankness,0.237168,
brest,0.237168,
coney,0.237168,
deadening,0.237168,
irritate,0.237168,c1
kink,0.237168,
knell,0.237168,
laudable,0.237168,
merman,0.237168,
middling,0.237168,
moor,0.237168,
nitrous,0.237168,
obstetrics,0.237168,
pensively,0.237168,
pox,0.237168,
progenitor,0.237168,
dissect,0.237168,
emmet,0.237168,
equinox,0.237168,
exterminated,0.237168,
famously,0.237168,
flighty,0.237168,
frailty,0.237168,
frying,0.237168,
funk,0.237168,
genitals,0.237168,
grandchild,0.237168,c1
grossness,0.237168,
guffaw,0.237168,
guiltily,0.237168,
gymnasium,0.237168,
handedness,0.237168,
harbinger,0.237168,
hullo,0.237168,
saintly,0.237168,
skulking,0.237168,
snipe,0.237168,
stunted,0.237168,
tam,0.237168,
twirl,0.237168,
uncompleted,0.237168,
unmasking,0.237168,
unperturbed,0.237168,
voracious,0.237168,
tediousness,0.237168,
unsound,0.214733,
untamed,0.214733,
venting,0.214733,
warlock,0.214733,
windswept,0.214733,
wittiness,0.214733,
woodbine,0.214733,
busybody,0.214733,
tastefully,0.214733,
duplicity,0.214733,
enquirer,0.214733,
eulogy,0.214733,
extort,0.214733,
geyser,0.214733,
gluttony,0.214733,
guillotine,0.214733,
hone,0.214733,
hugger,0.214733,
hypochondriac,0.214733,
impersonator,0.214733,
incognito,0.214733,
acme,0.214733,
bitingly,0.214733,
blurt,0.214733,
boardroom,0.214733,
breech,0.214733,
civilisation,0.214733,
cleaver,0.214733,
confection,0.214733,
derisive,0.214733,
didactic,0.214733,
jupiter,0.214733,
kindhearted,0.214733,
menacingly,0.214733,
monogamy,0.214733,
oboe,0.214733,
outshine,0.214733,
pandemonium,0.214733,
plaything,0.214733,
primordial,0.214733,
pulpy,0.214733,
puncture,0.214733,c1
ritualistic,0.214733,
rote,0.214733,
scotch,0.214733,
sender,0.214733,
smut,0.214733,
spousal,0.214733,
sufi,0.214733,
suggestively,0.214733,
undeserving,0.214733,
punctilious,0.211527,
pureness,0.211527,
quaintly,0.211527,
quaker,0.211527,c1
quarto,0.211527,
queerly,0.211527,
quenchless,0.211527,
quid,0.211527,
rase,0.211527,
ravishment,0.211527,
reasonableness,0.211527,
redound,0.211527,
reproachful,0.211527,
retrench,0.211527,
revile,0.211527,
sapience,0.211527,
saunter,0.211527,
schoolfellow,0.211527,
seemly,0.211527,
servility,0.211527,
shabbiness,0.211527,
shad,0.211527,
sharer,0.211527,
sheathed,0.211527,
sheepfold,0.211527,
showery,0.211527,
shrivel,0.211527,
si,0.211527,
sirloin,0.211527,
slightingly,0.211527,
snugness,0.211527,
soapstone,0.211527,
splutter,0.211527,
squareness,0.211527,
stammer,0.211527,
stripling,0.211527,
stubbs,0.211527,
sublimity,0.211527,
suet,0.211527,
sundial,0.211527,
superstitiously,0.211527,
sweetbread,0.211527,
tabor,0.211527,
turbaned,0.211527,
turbid,0.211527,
turtledove,0.211527,
unbecoming,0.211527,
uncivilized,0.211527,
unconsciousness,0.211527,
unconsumed,0.211527,
undecipherable,0.211527,
undervalue,0.211527,
unembarrassed,0.211527,
ungraciously,0.211527,
abstractedly,0.211527,
acceptation,0.211527,
accustom,0.211527,
agate,0.211527,
aggregated,0.211527,
aliment,0.211527,
amethyst,0.211527,
antediluvian,0.211527,
appal,0.211527,
appertain,0.211527,
arrowroot,0.211527,
ascendency,0.211527,
assur,0.211527,
astir,0.211527,
avow,0.211527,
babyish,0.211527,
backgammon,0.211527,
bally,0.211527,
bareheaded,0.211527,
barrenness,0.211527,
bashfulness,0.211527,
bawl,0.211527,
beaked,0.211527,
belie,0.211527,
benignant,0.211527,
benumbed,0.211527,
bier,0.211527,
bittern,0.211527,
blamable,0.211527,
blustering,0.211527,
boisterously,0.211527,
bosh,0.211527,
brickkiln,0.211527,
briny,0.211527,
broadcloth,0.211527,
chivalric,0.211527,
churl,0.211527,
cicerone,0.211527,
circumnavigation,0.211527,
clamber,0.211527,
cleanliness,0.211527,
clew,0.211527,
cockatrice,0.211527,
cogitation,0.211527,
comprehensiveness,0.211527,
contemn,0.211527,
contrariwise,0.211527,
conundrum,0.211527,
cookery,0.211527,
correlative,0.211527,
corroded,0.211527,
cravat,0.211527,
crier,0.211527,
crossness,0.211527,
curtsey,0.211527,
custard,0.211527,
deferential,0.211527,
deific,0.211527,
dejected,0.211527,
deliciousness,0.211527,
demigod,0.211527,
demur,0.211527,
deputation,0.211527,
despising,0.211527,
despitefully,0.211527,
dimmer,0.211527,
unpretending,0.211527,
unrivalled,0.211527,
unsavoury,0.211527,
unsay,0.211527,
unshaken,0.211527,
unspotted,0.211527,
untaught,0.211527,
untrodden,0.211527,
unworldly,0.211527,
unworthily,0.211527,
urbanity,0.211527,
vicissitude,0.211527,
viol,0.211527,
wantonly,0.211527,
wend,0.211527,
wheedling,0.211527,
whelp,0.211527,
whin,0.211527,
whitebait,0.211527,
whiten,0.211527,
whitish,0.211527,
windpipe,0.211527,
bulrush,0.211527,
calabash,0.211527,
cantabile,0.211527,
capsizing,0.211527,
carouse,0.211527,
caulking,0.211527,
cavalcade,0.211527,
centripetal,0.211527,
changeful,0.211527,
maim,0.211527,
manhandle,0.211527,
mannerly,0.211527,
mastership,0.211527,
mayhap,0.211527,
mazy,0.211527,
teacup,0.211527,
tempering,0.211527,
termes,0.211527,
thatch,0.211527,
thoughtlessness,0.211527,
throated,0.211527,
ticklish,0.211527,
tittle,0.211527,
toothache,0.211527,
trellis,0.211527,
triune,0.211527,
disconsolately,0.211527,
dishevel,0.211527,
dismantled,0.211527,
disrespectfully,0.211527,
distinctness,0.211527,
dooryard,0.211527,
drowse,0.211527,
dubiously,0.211527,
duellist,0.211527,
dumbly,0.211527,
effeminacy,0.211527,
effrontery,0.211527,
ejaculation,0.211527,
embalm,0.211527,
embower,0.211527,
embroiderer,0.211527,
emetic,0.211527,
emigrant,0.211527,
engrave,0.211527,
enormousness,0.211527,
enshrine,0.211527,
entangle,0.211527,
envenom,0.211527,
equable,0.211527,
especial,0.211527,
espy,0.211527,
exactitude,0.211527,
execration,0.211527,
expostulation,0.211527,
extenuation,0.211527,
extortioner,0.211527,
exult,0.211527,
eyeless,0.211527,
factious,0.211527,
fainthearted,0.211527,
faintness,0.211527,
familiarized,0.211527,
famish,0.211527,
fearlessness,0.211527,
fencer,0.211527,
festivity,0.211527,
fife,0.211527,
flagon,0.211527,
flatterer,0.211527,
flay,0.211527,
fleetness,0.211527,
fleshly,0.211527,
folio,0.211527,
forsaking,0.211527,
forwardness,0.211527,
fourfold,0.211527,
fourpence,0.211527,
fraternal,0.211527,
freewoman,0.211527,
frontispiece,0.211527,
futurity,0.211527,
gainsay,0.211527,
gam,0.211527,
gaslight,0.211527,
geniality,0.211527,
gestation,0.211527,
glazier,0.211527,
gloominess,0.211527,
goblet,0.211527,
gouge,0.211527,
grotto,0.211527,
handbreadth,0.211527,
heedlessness,0.211527,
helianthus,0.211527,
helve,0.211527,
herbage,0.211527,
hereabout,0.211527,
hereof,0.211527,
hie,0.211527,
hornbill,0.211527,
humourist,0.211527,
huntsman,0.211527,
idolatrous,0.211527,
ignominious,0.211527,
imbecility,0.211527,
immoveable,0.211527,
impenitent,0.211527,
impertinently,0.211527,
impetuously,0.211527,
inclose,0.211527,
inconsiderately,0.211527,
inconstant,0.211527,
incorporeal,0.211527,
indistinctness,0.211527,
indite,0.211527,
inheritor,0.211527,
inquiringly,0.211527,
intimation,0.211527,
intrepidity,0.211527,
irrelevantly,0.211527,
isinglass,0.211527,
isthmus,0.211527,
jeer,0.211527,
jollity,0.211527,
juggler,0.211527,
kinswoman,0.211527,
knapsack,0.211527,
knave,0.211527,
knobbed,0.211527,
lade,0.211527,
lawfully,0.211527,
lawlessness,0.211527,
littleness,0.211527,
loadstone,0.211527,
lowliness,0.211527,
lowness,0.211527,
milch,0.211527,
monotonously,0.211527,
morbidness,0.211527,
mountaineer,0.211527,
mown,0.211527,
muteness,0.211527,
narwhale,0.211527,
neighbourly,0.211527,
nethermost,0.211527,
newness,0.211527,
nitre,0.211527,
nonchalance,0.211527,
noontide,0.211527,
nowise,0.211527,
nurseryman,0.211527,
nutriment,0.211527,
opine,0.211527,
outwards,0.211527,
overgrowth,0.211527,
overhear,0.211527,c1
paine,0.211527,
palsied,0.211527,
panoply,0.211527,
parturition,0.211527,
peerage,0.211527,
pelisse,0.211527,
pendulous,0.211527,
perceptibly,0.211527,
persuadable,0.211527,
plenteousness,0.211527,
ploughman,0.211527,
poltroon,0.211527,
pommel,0.211527,
portcullis,0.211527,
prate,0.211527,
presentment,0.211527,
presumptive,0.211527,
principality,0.211527,
profligate,0.211527,
psalmody,0.211527,
interracial,0.192299,
inventiveness,0.192299,
irishman,0.192299,
irritatingly,0.192299,
irs,0.192299,
isaiah,0.192299,
israeli,0.192299,b2
jefferson,0.192299,
jeremiah,0.192299,
jerusalem,0.192299,
jive,0.192299,
jnr,0.192299,
johns,0.192299,
kellogg,0.192299,
knockout,0.192299,
ladybug,0.192299,
lem,0.192299,
linz,0.192299,
lisbon,0.192299,
loki,0.192299,
lotte,0.192299,
lout,0.192299,
lowell,0.192299,
lowlife,0.192299,
middleweight,0.192299,
minimalist,0.192299,
mishmash,0.192299,
molestation,0.192299,
monstrously,0.192299,
multifaceted,0.192299,
neanderthal,0.192299,
neptune,0.192299,
newark,0.192299,
newfoundland,0.192299,
nietzsche,0.192299,
normandy,0.192299,
nosy,0.192299,
nova,0.192299,
nuke,0.192299,c1
obstetrician,0.192299,
obtuse,0.192299,
ohio,0.192299,
oklahoma,0.192299,
omega,0.192299,
osborne,0.192299,
outrageousness,0.192299,
overplay,0.192299,
oxymoron,0.192299,
paramedic,0.192299,
pentecostal,0.192299,
periscope,0.192299,
perversion,0.192299,
phenomenally,0.192299,
pontificate,0.192299,
poof,0.192299,
postmodern,0.192299,
pothead,0.192299,
priestley,0.192299,
princeton,0.192299,
procreate,0.192299,
promisingly,0.192299,
prospector,0.192299,
pudgy,0.192299,
pulitzer,0.192299,
unoriginality,0.192299,
vamp,0.192299,
verne,0.192299,
vulcan,0.192299,
welch,0.192299,
whimsy,0.192299,
wiccan,0.192299,
wildfire,0.192299,
woodenly,0.192299,
workplace,0.192299,c1
wormhole,0.192299,
y2k,0.192299,
zed,0.192299,
zippy,0.192299,
burgess,0.192299,
burroughs,0.192299,
byron,0.192299,
caesar,0.192299,
cain,0.192299,
carnegie,0.192299,
chaser,0.192299,
checkout,0.192299,
macaulay,0.192299,
madame,0.192299,c1
maestro,0.192299,c1
makeover,0.192299,
mangle,0.192299,
maniacally,0.192299,
mao,0.192299,
mara,0.192299,
marxist,0.192299,c1
masseuse,0.192299,
matte,0.192299,
meander,0.192299,
melancholic,0.192299,
teary,0.192299,
teller,0.192299,
tellingly,0.192299,
tiff,0.192299,
titillation,0.192299,
toby,0.192299,
puppeteer,0.192299,
queasy,0.192299,
quotable,0.192299,
quotient,0.192299,
rainforest,0.192299,
rambunctious,0.192299,
rangoon,0.192299,
ranting,0.192299,
rasputin,0.192299,
reeve,0.192299,
reich,0.192299,
remaking,0.192299,
repairman,0.192299,
rhodes,0.192299,
risque,0.192299,
rosary,0.192299,
sadomasochism,0.192299,
saigon,0.192299,
sanitized,0.192299,
satirize,0.192299,
savant,0.192299,
schmaltzy,0.192299,
scrutinize,0.192299,
selma,0.192299,
showtime,0.192299,
sikh,0.192299,
silverware,0.192299,
simian,0.192299,
sleepwalking,0.192299,
smattering,0.192299,
sniveling,0.192299,
spall,0.192299,
spew,0.192299,
spiffy,0.192299,
splattering,0.192299,
spock,0.192299,
spook,0.192299,
stella,0.192299,
stevenson,0.192299,
strangle,0.192299,c1
sunderland,0.192299,
swill,0.192299,
swordplay,0.192299,
talentless,0.192299,
turkish,0.192299,c1
unmemorable,0.192299,
albania,0.192299,
albanian,0.192299,
amateurishly,0.192299,
amphibian,0.192299,
andrews,0.192299,
antarctica,0.192299,
arlington,0.192299,
atf,0.192299,
athos,0.192299,
auschwitz,0.192299,
austrian,0.192299,c1
bach,0.192299,
backfire,0.192299,
baddie,0.192299,
barcelona,0.192299,
beethoven,0.192299,
beijing,0.192299,
bemused,0.192299,
berserk,0.192299,
bigwig,0.192299,
bingo,0.192299,c1
blather,0.192299,
bombast,0.192299,
bombshell,0.192299,
bookie,0.192299,
boulle,0.192299,
bowman,0.192299,
bratty,0.192299,
brill,0.192299,
brussels,0.192299,
chernobyl,0.192299,
cherokee,0.192299,c1
cincinnati,0.192299,
colonization,0.192299,
colorado,0.192299,
columbine,0.192299,
columbo,0.192299,
coven,0.192299,
crosby,0.192299,
cunningham,0.192299,
curmudgeon,0.192299,
czech,0.192299,
daredevil,0.192299,
dastardly,0.192299,
dayton,0.192299,
dea,0.192299,
decrepit,0.192299,
delicatessen,0.192299,
denmark,0.192299,
depressive,0.192299,
destructiveness,0.192299,
dinky,0.192299,
dobson,0.192299,
draco,0.192299,
dreyfus,0.192299,
drool,0.192299,c1
dropout,0.192299,
duality,0.192299,
duplicitous,0.192299,
easter,0.192299,c1
edginess,0.192299,
embellish,0.192299,
endearingly,0.192299,
enforcer,0.192299,
englishman,0.192299,
epa,0.192299,
episodic,0.192299,
epstein,0.192299,
erica,0.192299,
erstwhile,0.192299,
eviction,0.192299,
exterminator,0.192299,
fellatio,0.192299,
fink,0.192299,
firefighter,0.192299,c1
fitzgerald,0.192299,
fizzle,0.192299,
footloose,0.192299,
foreplay,0.192299,
foxy,0.192299,
franco,0.192299,
freud,0.192299,
frumpy,0.192299,
fugly,0.192299,
gabby,0.192299,
gamely,0.192299,
gator,0.192299,
gielgud,0.192299,
ginseng,0.192299,
gish,0.192299,
glengarry,0.192299,
glitz,0.192299,
gnosis,0.192299,
goof,0.192299,c1
grimy,0.192299,
groovy,0.192299,
gunfight,0.192299,
hades,0.192299,
hallucinatory,0.192299,
hardball,0.192299,
hawkins,0.192299,
hershey,0.192299,
hess,0.192299,
homophobe,0.192299,
hoopla,0.192299,
houseboat,0.192299,
howler,0.192299,
humdrum,0.192299,
imbue,0.192299,
impregnate,0.192299,
infiltrate,0.192299,
discordant,0.189093,
dishonourable,0.189093,
dogging,0.189093,
dolefully,0.189093,
egotistic,0.189093,
enigmatical,0.189093,
enlivening,0.189093,
exhilaration,0.189093,
extortion,0.189093,
famished,0.189093,
fervid,0.189093,
fervour,0.189093,
fewest,0.189093,
flaps,0.189093,
flinch,0.189093,
flippancy,0.189093,
furrier,0.189093,
greediness,0.189093,
hurrah,0.189093,
indecency,0.189093,
indiscretion,0.189093,
inroad,0.189093,
rascally,0.189093,
rosette,0.189093,
rudiments,0.189093,
sac,0.189093,
scorpion,0.189093,
scurrying,0.189093,
sleeplessness,0.189093,
sleigh,0.189093,c1
spry,0.189093,
striker,0.189093,
sweats,0.189093,
tyrannic,0.189093,
undiscerning,0.189093,
ix,0.189093,
jabbering,0.189093,
jailbird,0.189093,
jubilee,0.189093,
lameness,0.189093,
lamppost,0.189093,
libidinous,0.189093,
lifelessly,0.189093,
limestone,0.189093,
mews,0.189093,
mislead,0.189093,
motherless,0.189093,
musty,0.189093,
nomadic,0.189093,
odoriferous,0.189093,
omnipresence,0.189093,
ostrich,0.189093,
outlast,0.189093,
overtaking,0.189093,
passer,0.189093,
pencilled,0.189093,
prehensile,0.189093,
premeditated,0.189093,
prescient,0.189093,
pretension,0.189093,
prig,0.189093,
prostration,0.189093,
unmitigated,0.189093,
unpolished,0.189093,
unspeakably,0.189093,
waft,0.189093,
waster,0.189093,
wearer,0.189093,
whisker,0.189093,
wren,0.189093,
cabby,0.189093,
masterless,0.189093,
materialist,0.189093,
tiara,0.189093,
agnostic,0.189093,
almanac,0.189093,
amour,0.189093,
analyse,0.189093,
baboon,0.189093,
bead,0.189093,c1
bravo,0.189093,c1
clarion,0.189093,
clownish,0.189093,
coterie,0.189093,
cypher,0.189093,
demesne,0.189093,
despondence,0.189093,
devotee,0.189093,
agape,0.166658,
amuck,0.166658,
assiduously,0.166658,
attar,0.166658,
awestruck,0.166658,
beater,0.166658,
billowy,0.166658,
briar,0.166658,
contort,0.166658,
cranium,0.166658,
crowbar,0.166658,
cutlery,0.166658,
decoy,0.166658,
denizen,0.166658,
insinuate,0.166658,
invective,0.166658,
languidly,0.166658,
loudness,0.166658,
lugubrious,0.166658,
nauseous,0.166658,c1
oasis,0.166658,
obituary,0.166658,
overdrive,0.166658,
overstay,0.166658,
passionless,0.166658,
disingenuous,0.166658,
disorganised,0.166658,
drake,0.166658,
enlisting,0.166658,
entertainingly,0.166658,
exemplary,0.166658,
flaccid,0.166658,
gawk,0.166658,
grime,0.166658,
hypnotism,0.166658,
imprison,0.166658,c1
incoherence,0.166658,
inquisitiveness,0.166658,
quadrangle,0.166658,
raccoon,0.166658,
resuscitation,0.166658,
retrospection,0.166658,
schemer,0.166658,
seasick,0.166658,
sherbet,0.166658,
snub,0.166658,
spattering,0.166658,
stupefied,0.166658,
unforgiving,0.166658,
unsentimental,0.166658,
unsparing,0.166658,
vat,0.166658,
vibrate,0.166658,c1
viceroy,0.166658,
weakling,0.166658,
wherewithal,0.166658,
witless,0.166658,
woodman,0.166658,
bulldog,0.166658,
caddy,0.166658,
chameleon,0.166658,
maya,0.166658,
tassel,0.166658,
teeter,0.166658,
thievery,0.166658,
tomfoolery,0.166658,
toothless,0.166658,
toying,0.166658,
urinate,0.144224,
vaughan,0.144224,
venue,0.144224,c1
vii,0.144224,
vixen,0.144224,
voyeur,0.144224,
waller,0.144224,
warlord,0.144224,
watts,0.144224,
weber,0.144224,
webster,0.144224,
westerner,0.144224,
wether,0.144224,
whacking,0.144224,
whatnot,0.144224,
wheezy,0.144224,
whitey,0.144224,
whitman,0.144224,
willpower,0.144224,
wisconsin,0.144224,
wisecrack,0.144224,
wizened,0.144224,
workaday,0.144224,
yemen,0.144224,
yugoslavia,0.144224,
zeus,0.144224,
zhou,0.144224,
bulldozer,0.144224,
bulletproof,0.144224,
bumble,0.144224,
bummer,0.144224,c1
businesswoman,0.144224,
calvinist,0.144224,
cantonese,0.144224,
captor,0.144224,
cartwright,0.144224,
caustic,0.144224,
ceo,0.144224,b2
certifiable,0.144224,
chapman,0.144224,
mackenzie,0.144224,
madcap,0.144224,
magma,0.144224,
mandala,0.144224,
mansfield,0.144224,
marley,0.144224,
marrakech,0.144224,
marseilles,0.144224,
marx,0.144224,
maryland,0.144224,
mascot,0.144224,
maugham,0.144224,
mayer,0.144224,
mccarthy,0.144224,
meany,0.144224,
mei,0.144224,
tantric,0.144224,
tarnish,0.144224,
tatum,0.144224,
techie,0.144224,
technicality,0.144224,
telepathic,0.144224,
tennessee,0.144224,
titillate,0.144224,
tolkien,0.144224,
torah,0.144224,
touchingly,0.144224,
tourette,0.144224,
townie,0.144224,
trainee,0.144224,
transylvania,0.144224,
dishwasher,0.144224,c1
disneyland,0.144224,
disorienting,0.144224,
dissected,0.144224,
dollop,0.144224,
dorado,0.144224,
dory,0.144224,
doss,0.144224,
doubtlessly,0.144224,
dousing,0.144224,
duckling,0.144224,
dweeb,0.144224,
dysfunction,0.144224,
eiffel,0.144224,
elgar,0.144224,
emile,0.144224,
emmy,0.144224,
emotive,0.144224,
empathic,0.144224,
engulf,0.144224,
eponymous,0.144224,
escapee,0.144224,
ethnicity,0.144224,c1
eventful,0.144224,
excalibur,0.144224,
extremist,0.144224,c1
exude,0.144224,
feminism,0.144224,
feral,0.144224,
fistfight,0.144224,
foiling,0.144224,
freewheeling,0.144224,
garfield,0.144224,
geneva,0.144224,
gershwin,0.144224,
gestate,0.144224,
gi,0.144224,c1
girard,0.144224,
goateed,0.144224,
gobs,0.144224,
goodall,0.144224,
granddaddy,0.144224,
greek,0.144224,b2
groucho,0.144224,
grouchy,0.144224,
guggenheim,0.144224,
gunpoint,0.144224,
hairstyle,0.144224,
hammett,0.144224,
hanky,0.144224,
harrier,0.144224,
hassidic,0.144224,
haywire,0.144224,
heartache,0.144224,c1
hebrew,0.144224,c1
hemingway,0.144224,
hesse,0.144224,
hispanic,0.144224,b2
honcho,0.144224,
hoover,0.144224,
houseman,0.144224,
hoyle,0.144224,
huffing,0.144224,
humanoid,0.144224,
humourless,0.144224,
humourous,0.144224,
hun,0.144224,
hungary,0.144224,
hutchinson,0.144224,
hyena,0.144224,
illinois,0.144224,
imam,0.144224,
impish,0.144224,
inauspicious,0.144224,
aa,0.144224,
aaa,0.144224,
abbe,0.144224,
abo,0.144224,
ac,0.144224,c1
acupuncture,0.144224,
adoptive,0.144224,
affordable,0.144224,c1
aftertaste,0.144224,
amarillo,0.144224,
ambiguously,0.144224,
amok,0.144224,
ang,0.144224,
antarctic,0.144224,
antsy,0.144224,
antwerp,0.144224,
arabian,0.144224,
archeologist,0.144224,
archetype,0.144224,
archival,0.144224,
argentina,0.144224,
armada,0.144224,
asimov,0.144224,
astrophysicist,0.144224,
backseat,0.144224,
backtrack,0.144224,
bai,0.144224,
barbet,0.144224,
barroom,0.144224,
bart,0.144224,
bastille,0.144224,
bellhop,0.144224,
bennett,0.144224,
bicentennial,0.144224,
bidet,0.144224,
bigfoot,0.144224,
blaster,0.144224,
bloomington,0.144224,
blurb,0.144224,
bollocks,0.144224,
bonehead,0.144224,
bonkers,0.144224,
bootleg,0.144224,
boozing,0.144224,
bowel,0.144224,c1
brainiac,0.144224,
brittany,0.144224,
brogue,0.144224,
buddhism,0.144224,
buddhist,0.144224,c1
budgie,0.144224,
chimera,0.144224,
christianity,0.144224,c1
cityscape,0.144224,
claudius,0.144224,
cleopatra,0.144224,
cleveland,0.144224,
clive,0.144224,
clumsiness,0.144224,
clutter,0.144224,c1
cody,0.144224,
cohn,0.144224,
coitus,0.144224,
cola,0.144224,
columbian,0.144224,
commandeer,0.144224,
constance,0.144224,
copland,0.144224,
cora,0.144224,
coruscant,0.144224,
costa,0.144224,
cristal,0.144224,
crudeness,0.144224,
culinary,0.144224,
cyril,0.144224,
daunting,0.144224,
decapitate,0.144224,
deconstruction,0.144224,
dehumanization,0.144224,
descendent,0.144224,
detox,0.144224,
dharma,0.144224,
insultingly,0.144224,
intro,0.144224,
ishmael,0.144224,
ishtar,0.144224,
islamic,0.144224,b2
izzard,0.144224,
jagger,0.144224,
jailbreak,0.144224,
jansen,0.144224,
jaunt,0.144224,
jettison,0.144224,
jinks,0.144224,
joystick,0.144224,
junkyard,0.144224,
kafkaesque,0.144224,
ki,0.144224,
kitschy,0.144224,
kkk,0.144224,
krasner,0.144224,
krypton,0.144224,
ky,0.144224,
laconic,0.144224,
lamely,0.144224,
leery,0.144224,
leftovers,0.144224,
lei,0.144224,
lesseps,0.144224,
lilith,0.144224,
loeb,0.144224,
logan,0.144224,
loutish,0.144224,
lovell,0.144224,
lovesick,0.144224,
lsd,0.144224,
mi,0.144224,
minion,0.144224,
mired,0.144224,
misadventure,0.144224,
mistreated,0.144224,
molester,0.144224,
moll,0.144224,
moralizing,0.144224,
mosh,0.144224,
motorbike,0.144224,
motormouth,0.144224,
narcissistic,0.144224,
nexus,0.144224,
ney,0.144224,
nickelodeon,0.144224,
nit,0.144224,
noggin,0.144224,
norse,0.144224,
oaf,0.144224,
oakley,0.144224,
obnoxiously,0.144224,
obscenely,0.144224,
odessa,0.144224,
olympia,0.144224,
olympics,0.144224,c1
oppressively,0.144224,
orca,0.144224,
oregon,0.144224,
organizer,0.144224,c1
orion,0.144224,
otis,0.144224,
outsmart,0.144224,
outtake,0.144224,
overact,0.144224,
overdo,0.144224,c1
paleontologist,0.144224,
pander,0.144224,
parrish,0.144224,
pasadena,0.144224,
pbs,0.144224,
pecker,0.144224,
pennsylvania,0.144224,
pepsi,0.144224,
percy,0.144224,
picasso,0.144224,
pinon,0.144224,
pinter,0.144224,
pizzazz,0.144224,
playbook,0.144224,
plaza,0.144224,c1
pleasurable,0.144224,
plethora,0.144224,
pm,0.144224,b1
poignance,0.144224,
poltergeist,0.144224,
polynesian,0.144224,
pongo,0.144224,
portland,0.144224,
potemkin,0.144224,
pow,0.144224,
prance,0.144224,
pretentiously,0.144224,
prozac,0.144224,
pygmalion,0.144224,
pyrotechnics,0.144224,
quint,0.144224,
racer,0.144224,
raspy,0.144224,
ravel,0.144224,
redux,0.144224,
reggae,0.144224,
regretfully,0.144224,
repetitiveness,0.144224,
respighi,0.144224,
reuben,0.144224,
rev,0.144224,
revitalizing,0.144224,
rhapsody,0.144224,
rio,0.144224,
risible,0.144224,
rittenhouse,0.144224,
rivera,0.144224,
rolf,0.144224,
rotterdam,0.144224,
rowan,0.144224,
rya,0.144224,
safecracker,0.144224,
salomon,0.144224,
samaritan,0.144224,
samoan,0.144224,
satanic,0.144224,
satisfyingly,0.144224,
savoy,0.144224,
schmaltz,0.144224,
schmuck,0.144224,
schumann,0.144224,
scratcher,0.144224,
seductress,0.144224,
semitic,0.144224,
seville,0.144224,
sexiness,0.144224,
shawnee,0.144224,
shoveler,0.144224,
shrift,0.144224,
sinbad,0.144224,
singapore,0.144224,
skater,0.144224,
skinner,0.144224,
slicing,0.144224,
slog,0.144224,
sloppiness,0.144224,
smalley,0.144224,
smiley,0.144224,
smuggler,0.144224,
smugly,0.144224,
snippet,0.144224,
snobby,0.144224,
snooty,0.144224,
sociopathic,0.144224,
sofia,0.144224,
solomon,0.144224,
spastic,0.144224,
splatter,0.144224,
sportscaster,0.144224,
squalor,0.144224,
squandering,0.144224,
stagy,0.144224,
stereotypically,0.144224,
stodge,0.144224,
stooge,0.144224,
stravinsky,0.144224,
streetwise,0.144224,
strikeout,0.144224,
subculture,0.144224,
subtitle,0.144224,
supremacist,0.144224,
suture,0.144224,
symbiosis,0.144224,
synchronicity,0.144224,
taiwanese,0.144224,
turgid,0.144224,
tutelage,0.144224,
umpteenth,0.144224,
unambitious,0.144224,
unblinking,0.144224,
uncharacteristically,0.144224,
unexceptional,0.144224,
pyramidical,0.141018,
quail,0.141018,
quintessence,0.141018,
quoin,0.141018,
rapine,0.141018,
rapturously,0.141018,
rectory,0.141018,
refulgent,0.141018,
regale,0.141018,
regardful,0.141018,
repine,0.141018,
reprover,0.141018,
restorer,0.141018,
reticule,0.141018,
retrace,0.141018,
reverentially,0.141018,
revolutionist,0.141018,
rhetorical,0.141018,
ribband,0.141018,
riposte,0.141018,
roamer,0.141018,
ruggedness,0.141018,
rushy,0.141018,
sardonically,0.141018,
saturate,0.141018,
savageness,0.141018,
scaramouch,0.141018,
sceptred,0.141018,
scoot,0.141018,
scraggy,0.141018,
seascape,0.141018,
seaward,0.141018,
sedge,0.141018,
seedsman,0.141018,
seine,0.141018,
selvedge,0.141018,
sentimentalist,0.141018,
sepulchral,0.141018,
seraphic,0.141018,
sere,0.141018,
settee,0.141018,
sheeny,0.141018,
sheepcote,0.141018,
shrewdness,0.141018,
signification,0.141018,
signor,0.141018,
silks,0.141018,
sills,0.141018,
silversmith,0.141018,
simultaneousness,0.141018,
sirrah,0.141018,
sisterly,0.141018,
skylark,0.141018,
slumbrous,0.141018,
smarting,0.141018,
smutch,0.141018,
snivel,0.141018,
solicitously,0.141018,
solitarily,0.141018,
sottish,0.141018,
soundless,0.141018,
souse,0.141018,
southerly,0.141018,
spangled,0.141018,
spelt,0.141018,
spendthrift,0.141018,
spile,0.141018,
spiritous,0.141018,
spiritualism,0.141018,
spitefully,0.141018,
spoliation,0.141018,
spool,0.141018,
sprain,0.141018,
spurn,0.141018,
stammerer,0.141018,
stander,0.141018,
stanza,0.141018,
starless,0.141018,
steadying,0.141018,
steerer,0.141018,
stilly,0.141018,
stockinged,0.141018,
stoical,0.141018,
stomacher,0.141018,
stouthearted,0.141018,
subconsciousness,0.141018,
subsiding,0.141018,
suffocate,0.141018,c1
sultan,0.141018,
sumptuously,0.141018,
sunbeam,0.141018,
superlatively,0.141018,
supping,0.141018,
suppliant,0.141018,
surlily,0.141018,
swash,0.141018,
swathing,0.141018,
trowel,0.141018,
trustful,0.141018,
tusk,0.141018,
tusked,0.141018,
tyrannous,0.141018,
tyro,0.141018,
unapparent,0.141018,
unbending,0.141018,
unbolted,0.141018,
uncheerful,0.141018,
unclad,0.141018,
uncomely,0.141018,
unconquered,0.141018,
uncouthness,0.141018,
undiscoverable,0.141018,
undismayed,0.141018,
undulation,0.141018,
unfearing,0.141018,
unlearn,0.141018,
unlighted,0.141018,
unmannerly,0.141018,
unmeasured,0.141018,
unmerciful,0.141018,
abaft,0.141018,
abominably,0.141018,
abominate,0.141018,
absentminded,0.141018,
abstemious,0.141018,
abstruse,0.141018,
acceptably,0.141018,
accordant,0.141018,
acquittance,0.141018,
affably,0.141018,
affaire,0.141018,
aglow,0.141018,
agone,0.141018,
amativeness,0.141018,
amphitheatre,0.141018,
angelical,0.141018,
annihilating,0.141018,
anomalously,0.141018,
apish,0.141018,
apoplexy,0.141018,
apostate,0.141018,
appall,0.141018,
appellative,0.141018,
archangelic,0.141018,
archly,0.141018,
argosy,0.141018,
artificer,0.141018,
artlessness,0.141018,
askant,0.141018,
aslope,0.141018,
aspersion,0.141018,
assenting,0.141018,
assuage,0.141018,
atheistical,0.141018,
attestation,0.141018,
avowal,0.141018,
babbler,0.141018,
backwardness,0.141018,
backwoodsman,0.141018,
bagging,0.141018,
banqueting,0.141018,
baronetcy,0.141018,
barrowful,0.141018,
bated,0.141018,
battlement,0.141018,
bdellium,0.141018,
beanstalk,0.141018,
bearskin,0.141018,
bedclothes,0.141018,
beggarly,0.141018,
begrimed,0.141018,
behindhand,0.141018,
bellied,0.141018,
benefactress,0.141018,
benevolently,0.141018,
betoken,0.141018,
bituminous,0.141018,
blab,0.141018,
blackish,0.141018,
blameable,0.141018,
blear,0.141018,
blueness,0.141018,
boggy,0.141018,
bondmaid,0.141018,
braggart,0.141018,
brahmin,0.141018,
brandish,0.141018,
brinded,0.141018,
brokenhearted,0.141018,
bruit,0.141018,
choler,0.141018,
chrysalis,0.141018,
churchwarden,0.141018,
churlish,0.141018,
circumstantial,0.141018,
citadel,0.141018,
clamorously,0.141018,
clanging,0.141018,
clangor,0.141018,
clews,0.141018,
cloister,0.141018,
commiseration,0.141018,
commodious,0.141018,
commonalty,0.141018,
companionableness,0.141018,
complacence,0.141018,
complacently,0.141018,
concurring,0.141018,
conduce,0.141018,
confoundedly,0.141018,
conical,0.141018,
conjectural,0.141018,
connatural,0.141018,
conscientiously,0.141018,
constabulary,0.141018,
contemptibly,0.141018,
convulse,0.141018,
copestone,0.141018,
copiousness,0.141018,
coronet,0.141018,
corruptly,0.141018,
counterpoise,0.141018,
countersign,0.141018,
cousinly,0.141018,
cranial,0.141018,
crockery,0.141018,
crookedly,0.141018,
crossly,0.141018,
crusted,0.141018,
cupidity,0.141018,
curbstone,0.141018,
cuttle,0.141018,
cuttlefish,0.141018,
daffodil,0.141018,
daintiness,0.141018,
dandified,0.141018,
dauntlessness,0.141018,
dayspring,0.141018,
debase,0.141018,
decamp,0.141018,
decrepitude,0.141018,
dehumanized,0.141018,
deign,0.141018,
delineate,0.141018,
delusive,0.141018,
designedly,0.141018,
desirableness,0.141018,
devilry,0.141018,
diabolism,0.141018,
diapason,0.141018,
digression,0.141018,
dilatory,0.141018,
unobjectionable,0.141018,
unobservant,0.141018,
unostentatious,0.141018,
unpitying,0.141018,
unpolluted,0.141018,
unprejudiced,0.141018,
unquenchable,0.141018,
unrewarded,0.141018,
unsatiable,0.141018,
unsleeping,0.141018,
unsteadiness,0.141018,
unsullied,0.141018,
unthankful,0.141018,
unthinkingly,0.141018,
untranslatable,0.141018,
untying,0.141018,
unutterable,0.141018,
unwarrantably,0.141018,
unwary,0.141018,
urbane,0.141018,
urchin,0.141018,
vacuity,0.141018,
vaunt,0.141018,
vauntingly,0.141018,
venturous,0.141018,
vertu,0.141018,
vesper,0.141018,
vestment,0.141018,
vindictively,0.141018,
vindictiveness,0.141018,
violoncello,0.141018,
viscount,0.141018,
vivaciously,0.141018,
vole,0.141018,
volubility,0.141018,
volubly,0.141018,
voracity,0.141018,
waggish,0.141018,
washerwoman,0.141018,
watchtower,0.141018,
watercourse,0.141018,
waxwork,0.141018,
weeny,0.141018,
weeper,0.141018,
wellspring,0.141018,
whang,0.141018,
wheaten,0.141018,
wheedle,0.141018,
whelm,0.141018,
whetstone,0.141018,
whizz,0.141018,
wilfulness,0.141018,
wineglass,0.141018,
witchery,0.141018,
wolfish,0.141018,
worthily,0.141018,
yaw,0.141018,
yew,0.141018,
buoyantly,0.141018,
burgher,0.141018,
burnish,0.141018,
buttonhole,0.141018,
buzzard,0.141018,
calendula,0.141018,
calumnious,0.141018,
calve,0.141018,
cambric,0.141018,
candelabra,0.141018,
cankerous,0.141018,
caroling,0.141018,
casuistry,0.141018,
caulk,0.141018,
causeless,0.141018,
causeway,0.141018,
cetacea,0.141018,
chafed,0.141018,
champaign,0.141018,
changeless,0.141018,
malefactor,0.141018,
maliciousness,0.141018,
manslayer,0.141018,
manufactory,0.141018,
marge,0.141018,
marl,0.141018,
marlingspike,0.141018,
marshy,0.141018,
mattock,0.141018,
mealy,0.141018,
meanly,0.141018,
mellowing,0.141018,
tamely,0.141018,
tasselled,0.141018,
tatter,0.141018,
teak,0.141018,
tearless,0.141018,
teetotaller,0.141018,
tenantry,0.141018,
tenderhearted,0.141018,
tendon,0.141018,
testator,0.141018,
tester,0.141018,
thereabout,0.141018,
throe,0.141018,
tippet,0.141018,
toilette,0.141018,
topsail,0.141018,
tranquillize,0.141018,
transcendentalism,0.141018,
trencher,0.141018,
trident,0.141018,
disburden,0.141018,
discoloration,0.141018,
discompose,0.141018,
disfavour,0.141018,
disfigure,0.141018,
disincline,0.141018,
disinherited,0.141018,
disinterestedness,0.141018,
disjoin,0.141018,
dispraise,0.141018,
dissemble,0.141018,
distaff,0.141018,
disused,0.141018,
dle,0.141018,
dogmatize,0.141018,
dolorous,0.141018,
dote,0.141018,
doxology,0.141018,
draggled,0.141018,
dray,0.141018,
dreaminess,0.141018,
drear,0.141018,
drowsiness,0.141018,
dumpling,0.141018,
effulgence,0.141018,
effulgent,0.141018,
eightieth,0.141018,
eld,0.141018,
electioneering,0.141018,
embellishment,0.141018,
emblematical,0.141018,
embrocation,0.141018,
endwise,0.141018,
entree,0.141018,
enumerate,0.141018,
environ,0.141018,
epical,0.141018,
epigram,0.141018,
equipage,0.141018,
equipt,0.141018,
equivocation,0.141018,
ergo,0.141018,
ermine,0.141018,
escalade,0.141018,
evanescent,0.141018,
evildoer,0.141018,
extrication,0.141018,
exultant,0.141018,
eyrie,0.141018,
fatalism,0.141018,
ferule,0.141018,
fetich,0.141018,
fetor,0.141018,
fickleness,0.141018,
fiddler,0.141018,
firebrand,0.141018,
fitter,0.141018,
fledge,0.141018,
flinty,0.141018,
flit,0.141018,
flummery,0.141018,
foment,0.141018,
footlights,0.141018,
fornicator,0.141018,
forswear,0.141018,
forswearing,0.141018,
fossiliferous,0.141018,
freshet,0.141018,
fruitage,0.141018,
fume,0.141018,c1
funereal,0.141018,
furtherance,0.141018,
gaff,0.141018,
gambol,0.141018,
gatherer,0.141018,
genteelly,0.141018,
ghostliness,0.141018,
gilding,0.141018,
giraffe,0.141018,
gnarl,0.141018,
gnash,0.141018,
gnat,0.141018,
gooseberry,0.141018,
gorse,0.141018,
gospels,0.141018,
gourmand,0.141018,
greaves,0.141018,
greenhorn,0.141018,
grenadier,0.141018,
grog,0.141018,
guardianship,0.141018,
guileful,0.141018,
habitant,0.141018,
haft,0.141018,
hale,0.141018,
halibut,0.141018,
halloo,0.141018,
handspike,0.141018,
harangue,0.141018,
harvestman,0.141018,
hatband,0.141018,
hatefulness,0.141018,
hauteur,0.141018,
heedfully,0.141018,
heedfulness,0.141018,
heedlessly,0.141018,
hereupon,0.141018,
hillock,0.141018,
hindermost,0.141018,
hoard,0.141018,
hod,0.141018,
hogshead,0.141018,
horrify,0.141018,c1
hullabaloo,0.141018,
humorousness,0.141018,
humpbacked,0.141018,
hungrily,0.141018,
hyacinth,0.141018,
hypertext,0.141018,
ideality,0.141018,
idolater,0.141018,
iliad,0.141018,
illimitable,0.141018,
immutably,0.141018,
imp,0.141018,
impeach,0.141018,
importunate,0.141018,
importune,0.141018,
impotently,0.141018,
imprecate,0.141018,
imputable,0.141018,
inaudibly,0.141018,
incivility,0.141018,
incommode,0.141018,
inconsolable,0.141018,
incumbrance,0.141018,
indecorous,0.141018,
indelicacy,0.141018,
indescribably,0.141018,
indigence,0.141018,
indistinctly,0.141018,
indorsement,0.141018,
ineffectually,0.141018,
inestimable,0.141018,
inextinguishable,0.141018,
inflaming,0.141018,
inflexibly,0.141018,
ingathering,0.141018,
inhabitable,0.141018,
inkstand,0.141018,
innoxious,0.141018,
inquisitively,0.141018,
inspiriting,0.141018,
intercede,0.141018,
interdiction,0.141018,
intermit,0.141018,
intermix,0.141018,
interstice,0.141018,
investiture,0.141018,
ironwork,0.141018,
irreproachable,0.141018,
jacinth,0.141018,
jamb,0.141018,
jeering,0.141018,
jocularity,0.141018,
jointed,0.141018,
joyfulness,0.141018,
kindling,0.141018,
kingship,0.141018,
kinsfolk,0.141018,
kith,0.141018,
knead,0.141018,
landless,0.141018,
lanyard,0.141018,
lapwing,0.141018,
lateness,0.141018,
learnedly,0.141018,
leaved,0.141018,
lectern,0.141018,
leech,0.141018,
leonine,0.141018,
lexicographer,0.141018,
likening,0.141018,
limn,0.141018,
listlessness,0.141018,
loafing,0.141018,
loftily,0.141018,
loftiness,0.141018,
logician,0.141018,
lowermost,0.141018,
lyre,0.141018,
middlemost,0.141018,
misanthropic,0.141018,
misrule,0.141018,
moccasin,0.141018,
mourner,0.141018,
mow,0.141018,c1
mummery,0.141018,
munition,0.141018,
musketry,0.141018,
muskiness,0.141018,
mutable,0.141018,
mutinous,0.141018,
nasturtium,0.141018,
navvy,0.141018,
neigh,0.141018,
niggard,0.141018,
ninepins,0.141018,
obstinately,0.141018,
obviate,0.141018,
odium,0.141018,
odorless,0.141018,
onanist,0.141018,
oozy,0.141018,
opiate,0.141018,
opprobrious,0.141018,
orbicular,0.141018,
orlop,0.141018,
ostentation,0.141018,
outermost,0.141018,
overladen,0.141018,
painfulness,0.141018,
pallidness,0.141018,
palter,0.141018,
parch,0.141018,
passant,0.141018,
paternity,0.141018,
patrimony,0.141018,
patronised,0.141018,
peevish,0.141018,
peevishly,0.141018,
pendent,0.141018,
penknife,0.141018,
phiz,0.141018,
phrenological,0.141018,
phrenologist,0.141018,
physic,0.141018,
picturesquely,0.141018,
picturesqueness,0.141018,
piebald,0.141018,
pigmy,0.141018,
pinion,0.141018,
piquet,0.141018,
pitchy,0.141018,
plaguy,0.141018,
plaintively,0.141018,
plait,0.141018,
plumping,0.141018,
porthole,0.141018,
postmaster,0.141018,
precipitancy,0.141018,
predestinate,0.141018,
prepossessing,0.141018,
prescience,0.141018,
presentiment,0.141018,
pressman,0.141018,
privation,0.141018,
proboscis,0.141018,
prodigiously,0.141018,
profanely,0.141018,
proffer,0.141018,
promiscuously,0.141018,
proofread,0.141018,
prophetical,0.141018,
proselyte,0.141018,
proverbially,0.141018,
puissance,0.141018,
pulverize,0.141018,
inundation,0.118584,
irascible,0.118584,
jaffa,0.118584,
jailer,0.118584,
jeweller,0.118584,
keystone,0.118584,
lascivious,0.118584,
laugher,0.118584,
lecherous,0.118584,
licentious,0.118584,
lifter,0.118584,
lightheaded,0.118584,
lisp,0.118584,
literati,0.118584,
lucent,0.118584,
lucifer,0.118584,
lunching,0.118584,
luridly,0.118584,
midriff,0.118584,
miserly,0.118584,
modernist,0.118584,
monger,0.118584,
moonstruck,0.118584,
motionlessly,0.118584,
mousetrap,0.118584,
mover,0.118584,
muffle,0.118584,
mugger,0.118584,
mystically,0.118584,
mystifying,0.118584,
narrate,0.118584,
neglectful,0.118584,
nincompoop,0.118584,
ninny,0.118584,
nonentity,0.118584,
nonplussed,0.118584,
obtrusive,0.118584,
opulence,0.118584,
overpass,0.118584,
palatial,0.118584,
pedlar,0.118584,
penning,0.118584,
personify,0.118584,
pervious,0.118584,
phallus,0.118584,
platonic,0.118584,
potion,0.118584,c1
pounce,0.118584,
predestination,0.118584,
prefecture,0.118584,
presumable,0.118584,
primer,0.118584,
prizefighter,0.118584,
proletarian,0.118584,
unopposed,0.118584,
unquestioned,0.118584,
unquestioning,0.118584,
unsocial,0.118584,
unsubstantial,0.118584,
untraceable,0.118584,
vegetarianism,0.118584,
vicariously,0.118584,
visor,0.118584,
webbed,0.118584,
welder,0.118584,
whisk,0.118584,
withers,0.118584,
wooing,0.118584,
zephyr,0.118584,
businesslike,0.118584,
buttercup,0.118584,
callow,0.118584,
canticle,0.118584,
capriciously,0.118584,
madwoman,0.118584,
mandible,0.118584,
manifesto,0.118584,
marriageable,0.118584,
teapot,0.118584,
temperamentally,0.118584,
terseness,0.118584,
testy,0.118584,
tormentor,0.118584,
tourniquet,0.118584,
tram,0.118584,
tributary,0.118584,
quay,0.118584,
ramshackle,0.118584,
recast,0.118584,
regicide,0.118584,
repelling,0.118584,
repulsively,0.118584,
resuscitate,0.118584,
revere,0.118584,
reverential,0.118584,
reverting,0.118584,
rood,0.118584,
roundish,0.118584,
royally,0.118584,
ruination,0.118584,
sawyer,0.118584,
sayers,0.118584,
scalper,0.118584,
scrabble,0.118584,
screamer,0.118584,
scurry,0.118584,
shard,0.118584,
sheepish,0.118584,
shire,0.118584,
sinker,0.118584,
slaver,0.118584,
sled,0.118584,c1
snarl,0.118584,c1
snobbishness,0.118584,
snooze,0.118584,
solidifying,0.118584,
soothsayer,0.118584,
sordidness,0.118584,
soured,0.118584,
soused,0.118584,
sphinx,0.118584,
spiritualistic,0.118584,
strangles,0.118584,
subordination,0.118584,
sunburned,0.118584,
supernaturally,0.118584,
sycophant,0.118584,
sympathiser,0.118584,
trudge,0.118584,
typist,0.118584,
unassailable,0.118584,
unconsidered,0.118584,
unconventionality,0.118584,
undeterred,0.118584,
undirected,0.118584,
unexpressed,0.118584,
unfaithfulness,0.118584,
uninviting,0.118584,
unloving,0.118584,
accost,0.118584,
alpine,0.118584,
anthem,0.118584,
anus,0.118584,
apprise,0.118584,
apropos,0.118584,
argumentative,0.118584,
ascension,0.118584,
asthmatic,0.118584,
barbarity,0.118584,
baseness,0.118584,
beelzebub,0.118584,
bewilder,0.118584,
blare,0.118584,
bleakness,0.118584,
bookshop,0.118584,
bossy,0.118584,
bracken,0.118584,
churchman,0.118584,
civilised,0.118584,
claptrap,0.118584,
climber,0.118584,
coagulate,0.118584,
cobble,0.118584,
confusedly,0.118584,
contrastingly,0.118584,
couplet,0.118584,
craftily,0.118584,
cul,0.118584,
cyclic,0.118584,
daze,0.118584,
deaden,0.118584,
deafness,0.118584,
defenceless,0.118584,
defensively,0.118584,
densely,0.118584,
deride,0.118584,
deserter,0.118584,
diabolically,0.118584,
disapproving,0.118584,
disuse,0.118584,
doddering,0.118584,
douse,0.118584,
droning,0.118584,
drubbing,0.118584,
elucidate,0.118584,
emanate,0.118584,
entombment,0.118584,
epilepsy,0.118584,
expending,0.118584,
extinguishing,0.118584,
facetiousness,0.118584,
fanged,0.118584,
fatalistic,0.118584,
fidget,0.118584,
flexibly,0.118584,
foolery,0.118584,
fop,0.118584,
furred,0.118584,
gauzy,0.118584,
genuineness,0.118584,
giddily,0.118584,
gloat,0.118584,
gloating,0.118584,
greenery,0.118584,
hankering,0.118584,
headfirst,0.118584,
herculean,0.118584,
honk,0.118584,c1
hopefulness,0.118584,
hummer,0.118584,
icily,0.118584,
illegible,0.118584,
immobile,0.118584,
imparting,0.118584,
impolite,0.118584,
impulsiveness,0.118584,
incompetency,0.118584,
indubitably,0.118584,
informer,0.118584,
inhumanity,0.118584,
discotheque,0.0961494,
dislikable,0.0961494,
dismissive,0.0961494,
disorientation,0.0961494,
dodo,0.0961494,
dollhouse,0.0961494,
doofus,0.0961494,
doppelganger,0.0961494,
dostoevsky,0.0961494,
dreamworld,0.0961494,
dressmaker,0.0961494,
drippy,0.0961494,
dropper,0.0961494,
dubya,0.0961494,
duffle,0.0961494,
dukas,0.0961494,
dullard,0.0961494,
dumbfounded,0.0961494,
earthling,0.0961494,
eatery,0.0961494,
ebola,0.0961494,
effervescent,0.0961494,
electrocution,0.0961494,
eliot,0.0961494,
elisa,0.0961494,
elitism,0.0961494,
ellsworth,0.0961494,
emcee,0.0961494,
emerson,0.0961494,
emote,0.0961494,
empowerment,0.0961494,
endemic,0.0961494,
energize,0.0961494,
entrancing,0.0961494,
environmentalist,0.0961494,
environmentally,0.0961494,
erie,0.0961494,
ernst,0.0961494,
esquire,0.0961494,
esther,0.0961494,
ethnically,0.0961494,
euro,0.0961494,c1
ev,0.0961494,
excitable,0.0961494,
exorcism,0.0961494,
exploitive,0.0961494,
extracurricular,0.0961494,
fandom,0.0961494,
fay,0.0961494,
feces,0.0961494,
ferdinand,0.0961494,
fess,0.0961494,
fetishist,0.0961494,
fiendishly,0.0961494,
fiji,0.0961494,
filmdom,0.0961494,
fittingly,0.0961494,
flabbergasted,0.0961494,
flamenco,0.0961494,
flasher,0.0961494,
flavorful,0.0961494,
fleabag,0.0961494,
flemish,0.0961494,
floored,0.0961494,
florence,0.0961494,
freebie,0.0961494,
freelance,0.0961494,c1
freudian,0.0961494,
friedman,0.0961494,
frizzy,0.0961494,
ga,0.0961494,
gaelic,0.0961494,
gar,0.0961494,
garbageman,0.0961494,
gayness,0.0961494,
geezer,0.0961494,
geiger,0.0961494,
getup,0.0961494,
ghoulish,0.0961494,
gladstone,0.0961494,
glazer,0.0961494,
glob,0.0961494,
goddard,0.0961494,
goddaughter,0.0961494,
golan,0.0961494,
goliath,0.0961494,
gook,0.0961494,
goon,0.0961494,
graininess,0.0961494,
greaser,0.0961494,
grilling,0.0961494,
groaner,0.0961494,
grouch,0.0961494,
grouse,0.0961494,
grump,0.0961494,
gu,0.0961494,
guadalcanal,0.0961494,
gulliver,0.0961494,
hairstylist,0.0961494,
hallucinogenic,0.0961494,
hammerhead,0.0961494,
hammerstein,0.0961494,
hampton,0.0961494,
handily,0.0961494,
hangout,0.0961494,
hanoi,0.0961494,
hanover,0.0961494,
harebrained,0.0961494,
harmonica,0.0961494,
harrisburg,0.0961494,
hashish,0.0961494,
hasidim,0.0961494,
hathaway,0.0961494,
hawaiian,0.0961494,
hawking,0.0961494,
hays,0.0961494,
heartthrob,0.0961494,
hepburn,0.0961494,
heretical,0.0961494,
hijack,0.0961494,
hilly,0.0961494,
himalayas,0.0961494,
hippo,0.0961494,
hiroshima,0.0961494,
hirschfeld,0.0961494,
hitchhike,0.0961494,
hobbs,0.0961494,
holographic,0.0961494,
homey,0.0961494,
homophobic,0.0961494,
horne,0.0961494,
horniness,0.0961494,
housewarming,0.0961494,
hua,0.0961494,
humorist,0.0961494,
hydra,0.0961494,
hypnotize,0.0961494,
iago,0.0961494,
idaho,0.0961494,
ike,0.0961494,
illogic,0.0961494,
illogically,0.0961494,
imbecilic,0.0961494,
implode,0.0961494,
impressionable,0.0961494,
inaccurately,0.0961494,
inanely,0.0961494,
incapacitate,0.0961494,
incompetently,0.0961494,
indianapolis,0.0961494,
infomercial,0.0961494,
informercial,0.0961494,
innately,0.0961494,
puppetry,0.0961494,
pushkin,0.0961494,
pyrotechnic,0.0961494,
quarantined,0.0961494,
quebec,0.0961494,
quirkiness,0.0961494,
rabies,0.0961494,
racoon,0.0961494,
rama,0.0961494,
ramona,0.0961494,
ramses,0.0961494,
ratchet,0.0961494,
ratty,0.0961494,
ravaged,0.0961494,
ravaging,0.0961494,
reachable,0.0961494,
rebelliousness,0.0961494,
recharge,0.0961494,
recognisable,0.0961494,
reconstructive,0.0961494,
redding,0.0961494,
reentry,0.0961494,
reflexivity,0.0961494,
regressive,0.0961494,
regretful,0.0961494,
regurgitation,0.0961494,
reinvent,0.0961494,
reminisce,0.0961494,
resoundingly,0.0961494,
revitalized,0.0961494,
richmond,0.0961494,
ringmaster,0.0961494,
ritz,0.0961494,
ritzy,0.0961494,
robespierre,0.0961494,
rollerblading,0.0961494,
romanian,0.0961494,
romanov,0.0961494,
roomie,0.0961494,
roping,0.0961494,
rosewood,0.0961494,
rota,0.0961494,
rumba,0.0961494,
salem,0.0961494,
salsa,0.0961494,
salvageable,0.0961494,
sami,0.0961494,
santiago,0.0961494,
saturn,0.0961494,
sauna,0.0961494,
scarab,0.0961494,
scattershot,0.0961494,
schmeer,0.0961494,
schoolchild,0.0961494,
scotsman,0.0961494,
seamy,0.0961494,
seductively,0.0961494,
selflessly,0.0961494,
seltzer,0.0961494,
semite,0.0961494,
sexism,0.0961494,
sexploitation,0.0961494,
shakespearian,0.0961494,
sheffield,0.0961494,
shlock,0.0961494,
shogun,0.0961494,
shortcoming,0.0961494,
shostakovich,0.0961494,
sickeningly,0.0961494,
sidesplitting,0.0961494,
sierra,0.0961494,
sightless,0.0961494,
silva,0.0961494,
silverstein,0.0961494,
sioux,0.0961494,
sisterhood,0.0961494,
siva,0.0961494,
sketchily,0.0961494,
skew,0.0961494,
slapdash,0.0961494,
sliminess,0.0961494,
smidgen,0.0961494,
smooch,0.0961494,
smorgasbord,0.0961494,
smugness,0.0961494,
snide,0.0961494,
snowbell,0.0961494,
speakeasy,0.0961494,
spiel,0.0961494,
spindly,0.0961494,
sprites,0.0961494,
spurting,0.0961494,
squarish,0.0961494,
squiggly,0.0961494,
squinty,0.0961494,
ss,0.0961494,
stabile,0.0961494,
stakeout,0.0961494,
standoffish,0.0961494,
steinberg,0.0961494,
stewing,0.0961494,
stillborn,0.0961494,
stogie,0.0961494,
stomp,0.0961494,c1
storybook,0.0961494,
streisand,0.0961494,
strindberg,0.0961494,
stunner,0.0961494,
stupendously,0.0961494,
subterfuge,0.0961494,
sully,0.0961494,
sumo,0.0961494,
swain,0.0961494,
swashbuckler,0.0961494,
swedish,0.0961494,c1
swish,0.0961494,
switzerland,0.0961494,
tabasco,0.0961494,
tagalong,0.0961494,
tai,0.0961494,
talbot,0.0961494,
talmud,0.0961494,
troublemaker,0.0961494,c1
truffaut,0.0961494,
trumping,0.0961494,
tugboat,0.0961494,
tyke,0.0961494,
tylenol,0.0961494,
umpteen,0.0961494,
unappetizing,0.0961494,
unbeaten,0.0961494,
uncannily,0.0961494,
uncomplicated,0.0961494,
unconvincingly,0.0961494,
underage,0.0961494,
underdevelopment,0.0961494,
understudy,0.0961494,
undies,0.0961494,
unforgivingly,0.0961494,
unidentifiable,0.0961494,
insomniac,0.0961494,
internment,0.0961494,
interpol,0.0961494,
intertwine,0.0961494,
inuit,0.0961494,
invigorate,0.0961494,
invincibility,0.0961494,
iraqi,0.0961494,c1
iridescent,0.0961494,
islam,0.0961494,b2
itchy,0.0961494,c1
jackhammer,0.0961494,
jacksonville,0.0961494,
jell,0.0961494,
jellyfish,0.0961494,
jena,0.0961494,
jensen,0.0961494,
jibe,0.0961494,
jigsaw,0.0961494,
jingoistic,0.0961494,
jonah,0.0961494,
joplin,0.0961494,
joyce,0.0961494,
judah,0.0961494,
juggernaut,0.0961494,
jukebox,0.0961494,
jungian,0.0961494,
junky,0.0961494,
karma,0.0961494,
kinfolk,0.0961494,
kitsch,0.0961494,
klan,0.0961494,
kleenex,0.0961494,
koch,0.0961494,
kroon,0.0961494,
labyrinthine,0.0961494,
lackey,0.0961494,
laguna,0.0961494,
lanai,0.0961494,
lassie,0.0961494,
legless,0.0961494,
lifelessness,0.0961494,
liverpool,0.0961494,
loewi,0.0961494,
lohan,0.0961494,
loony,0.0961494,
lorry,0.0961494,
loudmouth,0.0961494,
lowry,0.0961494,
lu,0.0961494,
luftwaffe,0.0961494,
luger,0.0961494,
lund,0.0961494,
lyons,0.0961494,
meredith,0.0961494,
mescaline,0.0961494,
messily,0.0961494,
messiness,0.0961494,
midsection,0.0961494,
migraine,0.0961494,c1
minah,0.0961494,
mindlessly,0.0961494,
mindlessness,0.0961494,
misbegotten,0.0961494,
miscarriage,0.0961494,c1
miscue,0.0961494,
misdeed,0.0961494,
misdirection,0.0961494,
mishandle,0.0961494,
misspelling,0.0961494,
missus,0.0961494,
mistreatment,0.0961494,
moat,0.0961494,
mongo,0.0961494,
montenegro,0.0961494,
monterey,0.0961494,
moonshiner,0.0961494,
moroccan,0.0961494,
morph,0.0961494,
motivator,0.0961494,
motown,0.0961494,
mufti,0.0961494,
muhammad,0.0961494,
mussolini,0.0961494,
nashville,0.0961494,
neophyte,0.0961494,
nero,0.0961494,
newbie,0.0961494,
newswoman,0.0961494,
niggling,0.0961494,
nightlife,0.0961494,
nightspot,0.0961494,
nile,0.0961494,
nm,0.0961494,
nuptials,0.0961494,
nutcase,0.0961494,
nutter,0.0961494,
nympho,0.0961494,
oahu,0.0961494,
obsess,0.0961494,c1
oddness,0.0961494,
oed,0.0961494,
ogle,0.0961494,
oilrig,0.0961494,
olivier,0.0961494,
ology,0.0961494,
olympian,0.0961494,c1
ontario,0.0961494,
opportunist,0.0961494,
orangutan,0.0961494,
originator,0.0961494,
ortega,0.0961494,
orwell,0.0961494,
ouija,0.0961494,
overabundance,0.0961494,
overemotional,0.0961494,
overexposure,0.0961494,
overlord,0.0961494,
overreaching,0.0961494,
overstuffed,0.0961494,
oxford,0.0961494,
padre,0.0961494,
padua,0.0961494,
pakistan,0.0961494,
pakistani,0.0961494,c1
palestinian,0.0961494,b2
pandora,0.0961494,
parasail,0.0961494,
parisian,0.0961494,
parlay,0.0961494,
parr,0.0961494,
parsee,0.0961494,
partygoer,0.0961494,
payload,0.0961494,
pd,0.0961494,
pedophilia,0.0961494,
pejorative,0.0961494,
penitentiary,0.0961494,
pericles,0.0961494,
perkiness,0.0961494,
permeating,0.0961494,
persia,0.0961494,
petersburg,0.0961494,
peyote,0.0961494,
phi,0.0961494,
philanderer,0.0961494,
phobic,0.0961494,
pickett,0.0961494,
pigeonholing,0.0961494,
pileup,0.0961494,
pinky,0.0961494,
pittsburgh,0.0961494,
plagiarized,0.0961494,
plato,0.0961494,
pointlessly,0.0961494,
pointlessness,0.0961494,
polygamy,0.0961494,
poon,0.0961494,
popsicle,0.0961494,
portuguese,0.0961494,c1
postage,0.0961494,
prehistory,0.0961494,
preposterously,0.0961494,
prissy,0.0961494,
privates,0.0961494,
profoundness,0.0961494,
projectionist,0.0961494,
prude,0.0961494,
psychedelia,0.0961494,
puking,0.0961494,
pummel,0.0961494,
unnerved,0.0961494,
unprintable,0.0961494,
unredeemable,0.0961494,
unrepentantly,0.0961494,
unsurprising,0.0961494,
uppity,0.0961494,
ute,0.0961494,
vela,0.0961494,
vendetta,0.0961494,
venetian,0.0961494,
verbose,0.0961494,
vergil,0.0961494,
vidal,0.0961494,
vie,0.0961494,
vienna,0.0961494,
villainess,0.0961494,
villard,0.0961494,
vip,0.0961494,
virgo,0.0961494,
wagnerian,0.0961494,
waikiki,0.0961494,
wally,0.0961494,
wanker,0.0961494,
warhol,0.0961494,
washout,0.0961494,
waterlogged,0.0961494,
wbn,0.0961494,
weil,0.0961494,
welshman,0.0961494,
wessex,0.0961494,
wham,0.0961494,
wharton,0.0961494,
whimsically,0.0961494,
whitlow,0.0961494,
whoopee,0.0961494,
wichita,0.0961494,
wilkes,0.0961494,
wimpy,0.0961494,
wino,0.0961494,
wiseacre,0.0961494,
wittily,0.0961494,
woozy,0.0961494,
wordplay,0.0961494,
workaholic,0.0961494,
xvi,0.0961494,
yale,0.0961494,
yamamoto,0.0961494,
yawner,0.0961494,
yemeni,0.0961494,
yin,0.0961494,
yucky,0.0961494,
zimmer,0.0961494,
zinger,0.0961494,
bungle,0.0961494,
burner,0.0961494,c1
burping,0.0961494,
busby,0.0961494,
busload,0.0961494,
butte,0.0961494,
cabot,0.0961494,
cajun,0.0961494,
calais,0.0961494,
calder,0.0961494,
cambodia,0.0961494,
cannibalize,0.0961494,
canton,0.0961494,
capote,0.0961494,
carrere,0.0961494,
carson,0.0961494,
casserole,0.0961494,
catatonia,0.0961494,
caterer,0.0961494,
caucasian,0.0961494,c1
chablis,0.0961494,
chalkboard,0.0961494,
characterisation,0.0961494,
chauvinistic,0.0961494,
cheapskate,0.0961494,
macguffin,0.0961494,
machete,0.0961494,
machiavellian,0.0961494,
mademoiselle,0.0961494,
makin,0.0961494,
manchu,0.0961494,
mandrake,0.0961494,
mariachi,0.0961494,
matronly,0.0961494,
mawkishness,0.0961494,
mcgraw,0.0961494,
mcpherson,0.0961494,
md,0.0961494,
meanie,0.0961494,
medic,0.0961494,
melbourne,0.0961494,
tasmania,0.0961494,
tautly,0.0961494,
tawdriness,0.0961494,
technobabble,0.0961494,
teenaged,0.0961494,
telekinesis,0.0961494,
telltale,0.0961494,
temperamental,0.0961494,
templar,0.0961494,
tentacled,0.0961494,
terrorise,0.0961494,
thusly,0.0961494,
ti,0.0961494,
tia,0.0961494,
tiberius,0.0961494,
tic,0.0961494,
titan,0.0961494,
tnt,0.0961494,
tollbooth,0.0961494,
toolbox,0.0961494,
torrential,0.0961494,
toughly,0.0961494,
toulouse,0.0961494,
trashiness,0.0961494,
treacly,0.0961494,
trekker,0.0961494,
trier,0.0961494,
triton,0.0961494,
triumvirate,0.0961494,
abuser,0.0961494,
abuzz,0.0961494,
abysmally,0.0961494,
academia,0.0961494,
achiever,0.0961494,
achilles,0.0961494,
actualization,0.0961494,
addictive,0.0961494,
ade,0.0961494,
adjuster,0.0961494,
alabama,0.0961494,
allah,0.0961494,
ambience,0.0961494,
amnesiac,0.0961494,
amon,0.0961494,
amos,0.0961494,
andersen,0.0961494,
animatronics,0.0961494,
anser,0.0961494,
antihero,0.0961494,
appetizer,0.0961494,
arachnid,0.0961494,
arcadia,0.0961494,
arguable,0.0961494,
armstrong,0.0961494,
arse,0.0961494,
artifact,0.0961494,c1
ashe,0.0961494,
assimilating,0.0961494,
assuredness,0.0961494,
astaire,0.0961494,
astor,0.0961494,
audaciously,0.0961494,
augustus,0.0961494,
aussie,0.0961494,
awol,0.0961494,
az,0.0961494,
backpedal,0.0961494,
badlands,0.0961494,
balderdash,0.0961494,
banzai,0.0961494,
barker,0.0961494,
bavarian,0.0961494,
bazooka,0.0961494,
belfast,0.0961494,
bemusement,0.0961494,
bennet,0.0961494,
beret,0.0961494,
berkshire,0.0961494,
bikers,0.0961494,
billionth,0.0961494,
biochemist,0.0961494,
birdhouse,0.0961494,
bitchiness,0.0961494,
blistering,0.0961494,
bloodletting,0.0961494,
blotter,0.0961494,
bluegrass,0.0961494,
boathouse,0.0961494,
bobcat,0.0961494,
bombard,0.0961494,
bombay,0.0961494,
boomer,0.0961494,
bouncer,0.0961494,
boyishly,0.0961494,
bozo,0.0961494,
bradley,0.0961494,
braga,0.0961494,
bragg,0.0961494,
brahma,0.0961494,
brainchild,0.0961494,
braun,0.0961494,
breadwinner,0.0961494,
breuer,0.0961494,
britt,0.0961494,
broadcaster,0.0961494,
browne,0.0961494,
bruin,0.0961494,
bs,0.0961494,
buddha,0.0961494,
cherubic,0.0961494,
chummy,0.0961494,
chunnel,0.0961494,
coca,0.0961494,
cochran,0.0961494,
coda,0.0961494,
combative,0.0961494,
confetti,0.0961494,
confucius,0.0961494,
conglomeration,0.0961494,
congolese,0.0961494,
congresswoman,0.0961494,
consumerism,0.0961494,
copout,0.0961494,
copulate,0.0961494,
cordless,0.0961494,
cornell,0.0961494,
correctional,0.0961494,
cortez,0.0961494,
crawler,0.0961494,
cremation,0.0961494,
crispin,0.0961494,
cro,0.0961494,
croaker,0.0961494,
croatia,0.0961494,
croon,0.0961494,
culpability,0.0961494,
cummings,0.0961494,
cushing,0.0961494,
cuss,0.0961494,
cyberpunk,0.0961494,
cynic,0.0961494,
cyrus,0.0961494,
cystic,0.0961494,
czechoslovakia,0.0961494,
dakota,0.0961494,
darrow,0.0961494,
dawes,0.0961494,
deadbeat,0.0961494,
decapitation,0.0961494,
decoding,0.0961494,
deconstruct,0.0961494,
degenerative,0.0961494,
delacroix,0.0961494,
delilah,0.0961494,
detonate,0.0961494,
devolve,0.0961494,
dickinson,0.0961494,
diddly,0.0961494,
dimensionality,0.0961494,
abash,0.0705091,
abbreviate,0.0705091,
abdicate,0.0705091,
abdication,0.0705091,
abeam,0.0705091,
abjure,0.0705091,
abnormality,0.0705091,
abridge,0.0705091,
abridgement,0.0705091,
absinth,0.0705091,
abstainer,0.0705091,
accouchement,0.0705091,
accoucheur,0.0705091,
accurst,0.0705091,
acquaintanceship,0.0705091,
acquisitive,0.0705091,
acridness,0.0705091,
acrostic,0.0705091,
adjutant,0.0705091,
admonishment,0.0705091,
admonitory,0.0705091,
adornment,0.0705091,
adulterate,0.0705091,
adust,0.0705091,
adze,0.0705091,
aesthete,0.0705091,
afeard,0.0705091,
affidavit,0.0705091,
afflatus,0.0705091,
aggrandise,0.0705091,
aggrandizement,0.0705091,
agonised,0.0705091,
agonistic,0.0705091,
akimbo,0.0705091,
alarum,0.0705091,
alb,0.0705091,
albescent,0.0705091,
alchemist,0.0705091,
alembic,0.0705091,
alienable,0.0705091,
alimental,0.0705091,
alp,0.0705091,
amative,0.0705091,
amble,0.0705091,
amelioration,0.0705091,
amerce,0.0705091,
amiableness,0.0705091,
amphitheatrical,0.0705091,
amputate,0.0705091,
analogical,0.0705091,
anatomist,0.0705091,
ancestress,0.0705091,
angler,0.0705091,
anklet,0.0705091,
anticipative,0.0705091,
antinomy,0.0705091,
antlered,0.0705091,
appendage,0.0705091,
appetence,0.0705091,
approver,0.0705091,
appurtenance,0.0705091,
arbitrement,0.0705091,
arbor,0.0705091,
arborous,0.0705091,
arbutus,0.0705091,
archangelical,0.0705091,
archbishopric,0.0705091,
architrave,0.0705091,
archness,0.0705091,
arguer,0.0705091,
argufy,0.0705091,
arithmetician,0.0705091,
artlessly,0.0705091,
ascribable,0.0705091,
asphaltic,0.0705091,
asphodel,0.0705091,
asphyxiated,0.0705091,
assailable,0.0705091,
assizes,0.0705091,
asterisk,0.0705091,
astraddle,0.0705091,
astrologer,0.0705091,
astrological,0.0705091,
astronomic,0.0705091,
attune,0.0705091,
augmentation,0.0705091,
auk,0.0705091,
auroral,0.0705091,
authenticated,0.0705091,
avowedly,0.0705091,
awl,0.0705091,
awning,0.0705091,
azimuth,0.0705091,
backslider,0.0705091,
backstay,0.0705091,
baldric,0.0705091,
balsamic,0.0705091,
bamboozle,0.0705091,
bandbox,0.0705091,
bandy,0.0705091,
banns,0.0705091,
bantam,0.0705091,
banteringly,0.0705091,
banyan,0.0705091,
baptised,0.0705091,
barbarism,0.0705091,
barbarously,0.0705091,
barm,0.0705091,
barnacle,0.0705091,
basilisk,0.0705091,
baste,0.0705091,
bather,0.0705091,
becomingly,0.0705091,
behead,0.0705091,
beleaguering,0.0705091,
bellying,0.0705091,
beneficent,0.0705091,
benumb,0.0705091,
beshrew,0.0705091,
besom,0.0705091,
bestride,0.0705091,
bewray,0.0705091,
bigamist,0.0705091,
bigamy,0.0705091,
billiards,0.0705091,
bilocular,0.0705091,
bimetallism,0.0705091,
biped,0.0705091,
birthmark,0.0705091,
blackguardly,0.0705091,
blameworthy,0.0705091,
blandishment,0.0705091,
blasphemously,0.0705091,
blench,0.0705091,
blinder,0.0705091,
blitheness,0.0705091,
blither,0.0705091,
bloodily,0.0705091,
blotch,0.0705091,
bluebird,0.0705091,
blunderbuss,0.0705091,
blusterer,0.0705091,
bodkin,0.0705091,
bolero,0.0705091,
bombazine,0.0705091,
bonny,0.0705091,
bookbinder,0.0705091,
bookstall,0.0705091,
bootjack,0.0705091,
bootlace,0.0705091,
boozy,0.0705091,
bosky,0.0705091,
bosomed,0.0705091,
boule,0.0705091,
bounder,0.0705091,
boundlessly,0.0705091,
bountifulness,0.0705091,
bowline,0.0705091,
brainish,0.0705091,
brawler,0.0705091,
brawniness,0.0705091,
breadfruit,0.0705091,
brevet,0.0705091,
brigandine,0.0705091,
bristly,0.0705091,
brushwood,0.0705091,
buffeting,0.0705091,
bugbear,0.0705091,
bulbous,0.0705091,
chiaroscuro,0.0705091,
chickadee,0.0705091,
childbearing,0.0705091,
childlessness,0.0705091,
chime,0.0705091,c1
chinaware,0.0705091,
chink,0.0705091,
chirography,0.0705091,
chooser,0.0705091,
chronicler,0.0705091,
chronometer,0.0705091,
chrysolite,0.0705091,
chuff,0.0705091,
cicatrice,0.0705091,
cincture,0.0705091,
circlet,0.0705091,
circumscribe,0.0705091,
circumvention,0.0705091,
clamouring,0.0705091,
clayey,0.0705091,
claymore,0.0705091,
cleanser,0.0705091,
cleats,0.0705091,
clef,0.0705091,
clematis,0.0705091,
cloistered,0.0705091,
cloy,0.0705091,
clumping,0.0705091,
coalescing,0.0705091,
cob,0.0705091,
cobbler,0.0705091,
cockfight,0.0705091,
cockle,0.0705091,
cockleshell,0.0705091,
cocksure,0.0705091,
cocoanut,0.0705091,
coeval,0.0705091,
cogency,0.0705091,
cogged,0.0705091,
cogitate,0.0705091,
cognisable,0.0705091,
colic,0.0705091,
collectedly,0.0705091,
colter,0.0705091,
combativeness,0.0705091,
comber,0.0705091,
combustible,0.0705091,
comfortableness,0.0705091,
comity,0.0705091,
communicable,0.0705091,
compactness,0.0705091,
compeer,0.0705091,
compendious,0.0705091,
concision,0.0705091,
concomitant,0.0705091,
condescendingly,0.0705091,
condiment,0.0705091,
confab,0.0705091,
confessedly,0.0705091,
confiscation,0.0705091,
conformable,0.0705091,
congeal,0.0705091,
conger,0.0705091,
conjoint,0.0705091,
connecter,0.0705091,
connoisseurship,0.0705091,
connubial,0.0705091,
consolatory,0.0705091,
constructiveness,0.0705091,
contiguity,0.0705091,
contrariety,0.0705091,
controllable,0.0705091,
contumacy,0.0705091,
contusion,0.0705091,
conversationally,0.0705091,
convolute,0.0705091,
copartner,0.0705091,
coppersmith,0.0705091,
coppice,0.0705091,
copse,0.0705091,
corroborative,0.0705091,
cosmopolite,0.0705091,
costliness,0.0705091,
cote,0.0705091,
cottonwood,0.0705091,
couchant,0.0705091,
cougar,0.0705091,
coulter,0.0705091,
courageousness,0.0705091,
crag,0.0705091,
crapulous,0.0705091,
crayon,0.0705091,c1
creditably,0.0705091,
cress,0.0705091,
crick,0.0705091,
crisscross,0.0705091,
crookedness,0.0705091,
crossway,0.0705091,
cubical,0.0705091,
cudgel,0.0705091,
cull,0.0705091,
cumber,0.0705091,
cummerbund,0.0705091,
cupbearer,0.0705091,
cupola,0.0705091,
curiousness,0.0705091,
cursorily,0.0705091,
cycloid,0.0705091,
cyclopean,0.0705091,
cylindric,0.0705091,
cymbal,0.0705091,
czar,0.0705091,
dado,0.0705091,
dag,0.0705091,
dallier,0.0705091,
damply,0.0705091,
dapple,0.0705091,
daringly,0.0705091,
darkey,0.0705091,
darkish,0.0705091,
daub,0.0705091,
daubing,0.0705091,
deafen,0.0705091,
debar,0.0705091,
debasement,0.0705091,
declension,0.0705091,
decoction,0.0705091,
decorously,0.0705091,
deepness,0.0705091,
defilement,0.0705091,
definiteness,0.0705091,
deify,0.0705091,
delightedly,0.0705091,
demagogue,0.0705091,
demarcate,0.0705091,
demijohn,0.0705091,
demolishing,0.0705091,
demoniacally,0.0705091,
demonism,0.0705091,
denominate,0.0705091,
deprecate,0.0705091,
descant,0.0705091,
descriptively,0.0705091,
deshabille,0.0705091,
despicably,0.0705091,
despoil,0.0705091,
detestably,0.0705091,
devourer,0.0705091,
dewdrop,0.0705091,
diabolist,0.0705091,
diastole,0.0705091,
dicker,0.0705091,
digester,0.0705091,
diggings,0.0705091,
dilatoriness,0.0705091,
diluvian,0.0705091,
dingily,0.0705091,
dinginess,0.0705091,
diplomatically,0.0705091,
dippers,0.0705091,
disagreeableness,0.0705091,
disagreeably,0.0705091,
inscrutably,0.0705091,
insecurely,0.0705091,
insensate,0.0705091,
insignia,0.0705091,
instep,0.0705091,
insufficiency,0.0705091,
intangibility,0.0705091,
integument,0.0705091,
intemperately,0.0705091,
intentness,0.0705091,
intercessor,0.0705091,
interchangeably,0.0705091,
intermixture,0.0705091,
interrogatively,0.0705091,
intersperse,0.0705091,
interweave,0.0705091,
intoxicate,0.0705091,
intrench,0.0705091,
intrepidly,0.0705091,
intricacy,0.0705091,
intrust,0.0705091,
invariability,0.0705091,
invitingly,0.0705091,
ireful,0.0705091,
irradiate,0.0705091,
irrelevance,0.0705091,
irrelevancy,0.0705091,
irreligion,0.0705091,
irresistibleness,0.0705091,
irretrievable,0.0705091,
iterate,0.0705091,
jailor,0.0705091,
jeeringly,0.0705091,
jellied,0.0705091,
jesuitry,0.0705091,
joist,0.0705091,
joyousness,0.0705091,
jubilate,0.0705091,
justifier,0.0705091,
kelpy,0.0705091,
kingfisher,0.0705091,
knavery,0.0705091,
knickers,0.0705091,
knobby,0.0705091,
labial,0.0705091,
lac,0.0705091,
laceration,0.0705091,
lacuna,0.0705091,
lamplit,0.0705091,
lancer,0.0705091,
lancers,0.0705091,
lancet,0.0705091,
landholder,0.0705091,
landward,0.0705091,
lassitude,0.0705091,
latchkey,0.0705091,
laud,0.0705091,
laundress,0.0705091,
lawlessly,0.0705091,
lazar,0.0705091,
leafage,0.0705091,
learner,0.0705091,c1
legerdemain,0.0705091,
leniently,0.0705091,
licentiousness,0.0705091,
lief,0.0705091,
ligature,0.0705091,
lighthouse,0.0705091,
limbed,0.0705091,
lipless,0.0705091,
litheness,0.0705091,
lividly,0.0705091,
loam,0.0705091,
locksmith,0.0705091,
lonesomeness,0.0705091,
loo,0.0705091,
losings,0.0705091,
lounger,0.0705091,
loweringly,0.0705091,
lucidly,0.0705091,
luff,0.0705091,
luminary,0.0705091,
lunger,0.0705091,
lusciously,0.0705091,
luxuriate,0.0705091,
lyrically,0.0705091,
lyrist,0.0705091,
mesmeric,0.0705091,
metaphysically,0.0705091,
metempsychosis,0.0705091,
microscopically,0.0705091,
midge,0.0705091,
midmost,0.0705091,
midships,0.0705091,
midwinter,0.0705091,
militiaman,0.0705091,
millionth,0.0705091,
ministrant,0.0705091,
minstrelsy,0.0705091,
minuteness,0.0705091,
minutia,0.0705091,
mirthful,0.0705091,
misapply,0.0705091,
misbehaviour,0.0705091,
misgiving,0.0705091,
mislaid,0.0705091,
mismanagement,0.0705091,
mistiness,0.0705091,
mocker,0.0705091,
moiety,0.0705091,
momentousness,0.0705091,
monarchal,0.0705091,
moneylender,0.0705091,
monied,0.0705091,
monocle,0.0705091,
monocotyledonous,0.0705091,
moodiness,0.0705091,
moony,0.0705091,
morbific,0.0705091,
mortgaged,0.0705091,
mothy,0.0705091,
mottling,0.0705091,
moult,0.0705091,
mountaineering,0.0705091,
mountebank,0.0705091,
mouser,0.0705091,
mulatto,0.0705091,
muleteer,0.0705091,
mullein,0.0705091,
munificently,0.0705091,
murrain,0.0705091,
nape,0.0705091,
nard,0.0705091,
nark,0.0705091,
nd,0.0705091,
necessitous,0.0705091,
necked,0.0705091,
neckerchief,0.0705091,
necromancer,0.0705091,
nectarous,0.0705091,
negligently,0.0705091,
nestle,0.0705091,
niggardly,0.0705091,
nigher,0.0705091,
nightgown,0.0705091,
nipper,0.0705091,
nipping,0.0705091,
nocent,0.0705091,
noiselessness,0.0705091,
nonpareil,0.0705091,
northwards,0.0705091,
novelette,0.0705091,
numismatist,0.0705091,
obliquity,0.0705091,
obloquy,0.0705091,
obstetric,0.0705091,
obstreperously,0.0705091,
obtrude,0.0705091,
obviating,0.0705091,
occurrent,0.0705091,
octavo,0.0705091,
oddish,0.0705091,
oder,0.0705091,
officiously,0.0705091,
oldness,0.0705091,
openmouthed,0.0705091,
operant,0.0705091,
opossum,0.0705091,
opposer,0.0705091,
oppositely,0.0705091,
ordure,0.0705091,
orifice,0.0705091,
orotund,0.0705091,
orthodoxy,0.0705091,
ottoman,0.0705091,c1
ouse,0.0705091,
outlandishness,0.0705091,
outlive,0.0705091,
outvie,0.0705091,
overbalance,0.0705091,
overcareful,0.0705091,
overcharge,0.0705091,
overleap,0.0705091,
overplus,0.0705091,
overrating,0.0705091,
oversea,0.0705091,
overweening,0.0705091,
overwork,0.0705091,
ovum,0.0705091,
owlish,0.0705091,
oxeye,0.0705091,
pachydermatous,0.0705091,
pacifically,0.0705091,
pailful,0.0705091,
palliate,0.0705091,
pampas,0.0705091,
panegyric,0.0705091,
pannier,0.0705091,
pantaloon,0.0705091,
pantheism,0.0705091,
papaw,0.0705091,
parcelling,0.0705091,
pardoner,0.0705091,
paregoric,0.0705091,
parliamentarian,0.0705091,
parricide,0.0705091,
parsnip,0.0705091,
particularize,0.0705091,
parturient,0.0705091,
passionateness,0.0705091,
patentee,0.0705091,
patronise,0.0705091,
patronising,0.0705091,
pauper,0.0705091,
peacefulness,0.0705091,
peaty,0.0705091,
peccant,0.0705091,
peculation,0.0705091,
pecuniary,0.0705091,
pellucid,0.0705091,
penetrable,0.0705091,
perceptibility,0.0705091,
perilousness,0.0705091,
perpetuity,0.0705091,
persimmon,0.0705091,
personableness,0.0705091,
persuasiveness,0.0705091,
pertinacious,0.0705091,
pertinaciously,0.0705091,
pertinacity,0.0705091,
pertly,0.0705091,
perturb,0.0705091,
pervade,0.0705091,
pestle,0.0705091,
pettifogger,0.0705091,
phantasm,0.0705091,
phantasmal,0.0705091,
phial,0.0705091,
philippic,0.0705091,
phosphorescence,0.0705091,
physiologist,0.0705091,
piercingly,0.0705091,
pilaster,0.0705091,
pilau,0.0705091,
pincushion,0.0705091,
pinnace,0.0705091,
pinny,0.0705091,
pismire,0.0705091,
piteously,0.0705091,
placable,0.0705091,
placard,0.0705091,
plaguey,0.0705091,
plainness,0.0705091,
plaintiveness,0.0705091,
plenteously,0.0705091,
plenum,0.0705091,
plethoric,0.0705091,
ploughboy,0.0705091,
plumy,0.0705091,
plundered,0.0705091,
plurality,0.0705091,
plutonic,0.0705091,
poesy,0.0705091,
poi,0.0705091,
polygon,0.0705091,
pomatum,0.0705091,
ponderosity,0.0705091,
poniard,0.0705091,
pontiff,0.0705091,
popularize,0.0705091,
porcupine,0.0705091,
porker,0.0705091,
portmanteau,0.0705091,
poser,0.0705091,
posset,0.0705091,
postilion,0.0705091,
potentate,0.0705091,
potently,0.0705091,
preciousness,0.0705091,
precipitance,0.0705091,
precipitant,0.0705091,
preconcerted,0.0705091,
premeditate,0.0705091,
presbytery,0.0705091,
prescript,0.0705091,
pressingly,0.0705091,
prevaricate,0.0705091,
priggish,0.0705091,
primitively,0.0705091,
prink,0.0705091,
prismatic,0.0705091,
probationary,0.0705091,
profaneness,0.0705091,
promptness,0.0705091,
prong,0.0705091,
proposer,0.0705091,
propound,0.0705091,
protegee,0.0705091,
protestation,0.0705091,
protrusive,0.0705091,
protuberant,0.0705091,
providentially,0.0705091,
pruriently,0.0705091,
psychometric,0.0705091,
pugilism,0.0705091,
disarrayed,0.0705091,
discolour,0.0705091,
discomfiture,0.0705091,
discommode,0.0705091,
discreditably,0.0705091,
disembarkation,0.0705091,
disencumber,0.0705091,
disfigurement,0.0705091,
dishonorable,0.0705091,
disinclined,0.0705091,
disinherit,0.0705091,
disjointedly,0.0705091,
disobliging,0.0705091,
disparage,0.0705091,
dispiriting,0.0705091,
disputation,0.0705091,
dissembler,0.0705091,
dissentient,0.0705091,
dissever,0.0705091,
dissociate,0.0705091,
dissonance,0.0705091,
distend,0.0705091,
distrait,0.0705091,
doge,0.0705091,
domineer,0.0705091,
doormat,0.0705091,
doorsill,0.0705091,
doublet,0.0705091,
dowager,0.0705091,
downhearted,0.0705091,
draggingly,0.0705091,
draughtsman,0.0705091,
dreadnaught,0.0705091,
dreamland,0.0705091,
drenching,0.0705091,
drily,0.0705091,
drippings,0.0705091,
drollery,0.0705091,
dropsy,0.0705091,
drover,0.0705091,
druggist,0.0705091,
ducat,0.0705091,
ductile,0.0705091,
dumbness,0.0705091,
dumpy,0.0705091,
durance,0.0705091,
duteous,0.0705091,
eastwards,0.0705091,
eaves,0.0705091,
ebon,0.0705091,
ebullition,0.0705091,
effacement,0.0705091,
effluence,0.0705091,
eider,0.0705091,
ejaculate,0.0705091,
electrocute,0.0705091,
eleemosynary,0.0705091,
elocution,0.0705091,
elopement,0.0705091,
elvish,0.0705091,
embitter,0.0705091,
emboss,0.0705091,
embroider,0.0705091,
emendation,0.0705091,
emigre,0.0705091,
enchain,0.0705091,
endive,0.0705091,
endlessness,0.0705091,
endue,0.0705091,
enfold,0.0705091,
enfolding,0.0705091,
enfranchisement,0.0705091,
enginery,0.0705091,
enkindle,0.0705091,
ennoble,0.0705091,
enthrone,0.0705091,
envelopment,0.0705091,
epicurean,0.0705091,
episcopal,0.0705091,
equably,0.0705091,
equestrian,0.0705091,
equivocate,0.0705091,
erectly,0.0705091,
espalier,0.0705091,
estuary,0.0705091,
eternize,0.0705091,
ethnologist,0.0705091,
etude,0.0705091,
evanescence,0.0705091,
evangel,0.0705091,
evangelize,0.0705091,
evilly,0.0705091,
ewer,0.0705091,
exaction,0.0705091,
exceptionable,0.0705091,
excrement,0.0705091,
exculpate,0.0705091,
excursive,0.0705091,
exigent,0.0705091,
exordium,0.0705091,
expensiveness,0.0705091,
experient,0.0705091,
expertness,0.0705091,
expiate,0.0705091,
expositor,0.0705091,
expostulate,0.0705091,
extoller,0.0705091,
extravagantly,0.0705091,
faddy,0.0705091,
fagot,0.0705091,
fairyland,0.0705091,
familiarise,0.0705091,
farrago,0.0705091,
farthingale,0.0705091,
fasces,0.0705091,
fastener,0.0705091,
fastidiousness,0.0705091,
fatherhood,0.0705091,
featherbed,0.0705091,
feathering,0.0705091,
federated,0.0705091,
feebleminded,0.0705091,
ferociousness,0.0705091,
feverous,0.0705091,
fewness,0.0705091,
fey,0.0705091,
fictitiously,0.0705091,
fidgetiness,0.0705091,
fillet,0.0705091,
finical,0.0705091,
fissiparous,0.0705091,
fisticuffs,0.0705091,
fixity,0.0705091,
fizzing,0.0705091,
flavorous,0.0705091,
flexion,0.0705091,
floridness,0.0705091,
flowerless,0.0705091,
flume,0.0705091,
foetal,0.0705091,
foetor,0.0705091,
fondling,0.0705091,
foolscap,0.0705091,
footsore,0.0705091,
forbiddance,0.0705091,
forceps,0.0705091,
forefather,0.0705091,
foreknow,0.0705091,
foreland,0.0705091,
forelock,0.0705091,
foreordained,0.0705091,
forequarter,0.0705091,
foreshore,0.0705091,
forestalling,0.0705091,
foretelling,0.0705091,
forewarning,0.0705091,
forfeiture,0.0705091,
forking,0.0705091,
forlornly,0.0705091,
forlornness,0.0705091,
fortuna,0.0705091,
foulness,0.0705091,
fracas,0.0705091,
freebooter,0.0705091,
friar,0.0705091,
fricassee,0.0705091,
frill,0.0705091,
frisking,0.0705091,
frolicsome,0.0705091,
frore,0.0705091,
fructify,0.0705091,
fuddled,0.0705091,
fugue,0.0705091,
fulgent,0.0705091,
fungi,0.0705091,
funnily,0.0705091,
furbish,0.0705091,
furl,0.0705091,
furtiveness,0.0705091,
fusee,0.0705091,
fussiness,0.0705091,
fustian,0.0705091,
gabled,0.0705091,
gad,0.0705091,
galbanum,0.0705091,
gallina,0.0705091,
gallivant,0.0705091,
galvanize,0.0705091,
gamboge,0.0705091,
gamin,0.0705091,
gammon,0.0705091,
gangrene,0.0705091,
gargoyle,0.0705091,
garrote,0.0705091,
garrulity,0.0705091,
gastric,0.0705091,
gauntleted,0.0705091,
ge,0.0705091,
gemini,0.0705091,
gemmed,0.0705091,
gendarmerie,0.0705091,
geometer,0.0705091,
geranium,0.0705091,
ghastliness,0.0705091,
giantess,0.0705091,
gill,0.0705091,
gimcrack,0.0705091,
girlhood,0.0705091,
gizzard,0.0705091,
gladden,0.0705091,
gladsome,0.0705091,
glebe,0.0705091,
gloaming,0.0705091,
globose,0.0705091,
glooming,0.0705091,
gneiss,0.0705091,
goading,0.0705091,
gobble,0.0705091,
goggle,0.0705091,
goodby,0.0705091,
goring,0.0705091,
gosling,0.0705091,
governance,0.0705091,c1
gracefulness,0.0705091,
gradation,0.0705091,
grammarian,0.0705091,
grampus,0.0705091,
gran,0.0705091,
grantor,0.0705091,
grappler,0.0705091,
gravitate,0.0705091,
grazier,0.0705091,
greasepaint,0.0705091,
greybeard,0.0705091,
greyish,0.0705091,
grotesqueness,0.0705091,
grovelling,0.0705091,
gryphon,0.0705091,
gudgeon,0.0705091,
gulch,0.0705091,
gulping,0.0705091,
gunnery,0.0705091,
gunsmith,0.0705091,
guttersnipe,0.0705091,
gymnosophist,0.0705091,
haberdasher,0.0705091,
habituation,0.0705091,
habitude,0.0705091,
hackmatack,0.0705091,
hackney,0.0705091,
hardhearted,0.0705091,
hardihood,0.0705091,
harmonise,0.0705091,
harpooner,0.0705091,
harvester,0.0705091,
hastiness,0.0705091,
hatefully,0.0705091,
hatful,0.0705091,
hatless,0.0705091,
hautboy,0.0705091,
hazily,0.0705091,
headship,0.0705091,
headstone,0.0705091,
hearthstone,0.0705091,
heartlessness,0.0705091,
heinousness,0.0705091,
henhouse,0.0705091,
heraldry,0.0705091,
herdsman,0.0705091,
hermetically,0.0705091,
hewer,0.0705091,
hierarchal,0.0705091,
hieroglyphical,0.0705091,
highlands,0.0705091,
hippopotamus,0.0705091,
hirsute,0.0705091,
histrion,0.0705091,
hives,0.0705091,
hoarfrost,0.0705091,
hobbledehoy,0.0705091,
hobgoblin,0.0705091,
homelike,0.0705091,
honourableness,0.0705091,
hornpipe,0.0705091,
horsepond,0.0705091,
hostelry,0.0705091,
hostilely,0.0705091,
houseroom,0.0705091,
howdah,0.0705091,
humanitarianism,0.0705091,
humbleness,0.0705091,
humbling,0.0705091,
hummock,0.0705091,
hussar,0.0705091,
hussy,0.0705091,
hustings,0.0705091,
hypo,0.0705091,
ibis,0.0705091,
icebound,0.0705091,
iciness,0.0705091,
idealize,0.0705091,
ilex,0.0705091,
illogicality,0.0705091,
illume,0.0705091,
imbibing,0.0705091,
immoderately,0.0705091,
immolate,0.0705091,
immovably,0.0705091,
immutability,0.0705091,
immutableness,0.0705091,
impecunious,0.0705091,
impeding,0.0705091,
impel,0.0705091,
impenitence,0.0705091,
imperatively,0.0705091,
imperialistic,0.0705091,
impetuosity,0.0705091,
impetuousness,0.0705091,
impiously,0.0705091,
impiousness,0.0705091,
imploringly,0.0705091,
imposingly,0.0705091,
impregnably,0.0705091,
impressionism,0.0705091,
imprinting,0.0705091,
improvident,0.0705091,
improvidently,0.0705091,
inadmissibility,0.0705091,
inartistic,0.0705091,
inbound,0.0705091,
incased,0.0705091,
incautiously,0.0705091,
incautiousness,0.0705091,
incomputable,0.0705091,
inconsequent,0.0705091,
inconsequently,0.0705091,
inconsideration,0.0705091,
incontinency,0.0705091,
incorrupt,0.0705091,
incrustation,0.0705091,
incurious,0.0705091,
indiscreetly,0.0705091,
indispensableness,0.0705091,
inebriate,0.0705091,
inebriety,0.0705091,
ineffably,0.0705091,
inelegance,0.0705091,
ineradicable,0.0705091,
inexpressive,0.0705091,
infinitude,0.0705091,
infolding,0.0705091,
ingenuously,0.0705091,
ingenuousness,0.0705091,
ingloriously,0.0705091,
ingraft,0.0705091,
inlay,0.0705091,
inquietude,0.0705091,
inquirer,0.0705091,
punctiliously,0.0705091,
purifier,0.0705091,
purlieu,0.0705091,
quadrangular,0.0705091,
quadrate,0.0705091,
quadrature,0.0705091,
quadrille,0.0705091,
quadroon,0.0705091,
quadrupedal,0.0705091,
quaff,0.0705091,
quahaug,0.0705091,
quaintness,0.0705091,
quaternion,0.0705091,
queenly,0.0705091,
queerness,0.0705091,
questionably,0.0705091,
quiescence,0.0705091,
quietism,0.0705091,
raftsman,0.0705091,
ragamuffin,0.0705091,
rammer,0.0705091,
rampantly,0.0705091,
rancour,0.0705091,
ras,0.0705091,
rashness,0.0705091,
reanimate,0.0705091,
rearward,0.0705091,
reasonless,0.0705091,
rebuker,0.0705091,
recant,0.0705091,
recantation,0.0705091,
reciprocally,0.0705091,
reconcilable,0.0705091,
reconnoitering,0.0705091,
redden,0.0705091,
redstart,0.0705091,
reflectiveness,0.0705091,
reflux,0.0705091,
refutation,0.0705091,
regatta,0.0705091,
reiteration,0.0705091,
relapsing,0.0705091,
relievo,0.0705091,
relinquishment,0.0705091,
renter,0.0705091,
repairer,0.0705091,
repellingly,0.0705091,
repletion,0.0705091,
reposeful,0.0705091,
repossess,0.0705091,
reprehension,0.0705091,
reprobation,0.0705091,
reproving,0.0705091,
resentfully,0.0705091,
residuary,0.0705091,
respecter,0.0705091,
respectfulness,0.0705091,
resplendence,0.0705091,
reveille,0.0705091,
reveller,0.0705091,
reverberate,0.0705091,
reverberating,0.0705091,
revolutionise,0.0705091,
rhomb,0.0705091,
rhubarb,0.0705091,
rhymed,0.0705091,
riband,0.0705091,
rill,0.0705091,
riser,0.0705091,
robustious,0.0705091,
rockery,0.0705091,
rotted,0.0705091,
ruffianly,0.0705091,
ruminant,0.0705091,
ruminate,0.0705091,
rumination,0.0705091,
rushlight,0.0705091,
rustiness,0.0705091,
sabaoth,0.0705091,
sacerdotal,0.0705091,
sachem,0.0705091,
sacramental,0.0705091,
sacredly,0.0705091,
sadden,0.0705091,
saltcellar,0.0705091,
samphire,0.0705091,
sanctitude,0.0705091,
sanctum,0.0705091,
sanguinary,0.0705091,
sapient,0.0705091,
sardonyx,0.0705091,
satiated,0.0705091,
satisfier,0.0705091,
saturnine,0.0705091,
satyr,0.0705091,
saucer,0.0705091,
sauciness,0.0705091,
savanna,0.0705091,
scapula,0.0705091,
scarceness,0.0705091,
scentless,0.0705091,
sceptered,0.0705091,
scorbutic,0.0705091,
scoria,0.0705091,
scrofula,0.0705091,
scrubby,0.0705091,
scull,0.0705091,
sculler,0.0705091,
scullion,0.0705091,
scupper,0.0705091,
scurf,0.0705091,
scythe,0.0705091,
seared,0.0705091,
securer,0.0705091,
sedateness,0.0705091,
sedgy,0.0705091,
sedulous,0.0705091,
seedling,0.0705091,
seedtime,0.0705091,
seesaw,0.0705091,
semiweekly,0.0705091,
sensitiveness,0.0705091,
sentimentalism,0.0705091,
sequential,0.0705091,
serf,0.0705091,
servilely,0.0705091,
servitor,0.0705091,
shagginess,0.0705091,
shamble,0.0705091,
shamefacedness,0.0705091,
shapeliness,0.0705091,
shedder,0.0705091,
sheldrake,0.0705091,
sherd,0.0705091,
shindy,0.0705091,
shirk,0.0705091,
shittah,0.0705091,
shoemaking,0.0705091,
shoreward,0.0705091,
shudderingly,0.0705091,
shuffler,0.0705091,
sideway,0.0705091,
signorina,0.0705091,
sinecure,0.0705091,
sixpenny,0.0705091,
sixtieth,0.0705091,
skein,0.0705091,
skittishly,0.0705091,
skysail,0.0705091,
skyward,0.0705091,
slanderously,0.0705091,
slatternly,0.0705091,
slaughterous,0.0705091,
sleety,0.0705091,
slews,0.0705091,
slippered,0.0705091,
slipperiness,0.0705091,
slipshod,0.0705091,
slopingly,0.0705091,
slops,0.0705091,
slothfulness,0.0705091,
slough,0.0705091,
sloven,0.0705091,
slue,0.0705091,
slush,0.0705091,
snappishly,0.0705091,
sneeringly,0.0705091,
snorer,0.0705091,
snuffling,0.0705091,
soberness,0.0705091,
sodomite,0.0705091,
solecism,0.0705091,
solidification,0.0705091,
solidified,0.0705091,
solitariness,0.0705091,
sombrely,0.0705091,
sombrero,0.0705091,
songster,0.0705091,
soothsaying,0.0705091,
sophist,0.0705091,
sophistical,0.0705091,
sophistry,0.0705091,
sorceress,0.0705091,
sorter,0.0705091,
soughing,0.0705091,
southmost,0.0705091,
spaniel,0.0705091,
sparely,0.0705091,
speakable,0.0705091,
specked,0.0705091,
speckle,0.0705091,
spectroscope,0.0705091,
speechlessly,0.0705091,
speedwell,0.0705091,
spheric,0.0705091,
spicery,0.0705091,
spigot,0.0705091,
spinet,0.0705091,
spinner,0.0705091,
spirally,0.0705091,
splashboard,0.0705091,
splint,0.0705091,
splintering,0.0705091,
sponger,0.0705091,
sportive,0.0705091,
sportively,0.0705091,
spotlessness,0.0705091,
spotter,0.0705091,
sprat,0.0705091,
squally,0.0705091,
squatter,0.0705091,
stacte,0.0705091,
starr,0.0705091,
stateliness,0.0705091,
stationer,0.0705091,
sterne,0.0705091,
stipendiary,0.0705091,
stonecrop,0.0705091,
stoneless,0.0705091,
stoning,0.0705091,
stoutness,0.0705091,
stowage,0.0705091,
stowing,0.0705091,
straggler,0.0705091,
straggly,0.0705091,
straiten,0.0705091,
strake,0.0705091,
streaky,0.0705091,
strewing,0.0705091,
strictness,0.0705091,
subdivide,0.0705091,
sublunar,0.0705091,
submissively,0.0705091,
subserve,0.0705091,
succourer,0.0705091,
suckled,0.0705091,
sudra,0.0705091,
suffusion,0.0705091,
suitableness,0.0705091,
suiting,0.0705091,
sullenness,0.0705091,
sunless,0.0705091,
sunshade,0.0705091,
sunstruck,0.0705091,
superabundant,0.0705091,
superannuated,0.0705091,
superciliously,0.0705091,
superfine,0.0705091,
superfluity,0.0705091,
superincumbent,0.0705091,
supernaturalness,0.0705091,
supernumerary,0.0705091,
supperless,0.0705091,
supportable,0.0705091,
surcoat,0.0705091,
surpassingly,0.0705091,
surplice,0.0705091,
suspiration,0.0705091,
swage,0.0705091,
sweetmeat,0.0705091,
swelter,0.0705091,
swilling,0.0705091,
swindle,0.0705091,
syllabled,0.0705091,
sylph,0.0705091,
systematizer,0.0705091,
systole,0.0705091,
talisman,0.0705091,
talkativeness,0.0705091,
trope,0.0705091,
troubler,0.0705091,
troublous,0.0705091,
truckling,0.0705091,
truculently,0.0705091,
trumpery,0.0705091,
truncheon,0.0705091,
truster,0.0705091,
tumid,0.0705091,
tureen,0.0705091,
tutelary,0.0705091,
twilit,0.0705091,
tympan,0.0705091,
tympanum,0.0705091,
tyrannicide,0.0705091,
ubiquity,0.0705091,
udder,0.0705091,
uglify,0.0705091,
ulceration,0.0705091,
ulcerous,0.0705091,
ult,0.0705091,
umbilical,0.0705091,
umbrage,0.0705091,
umbrageous,0.0705091,
unadvisedly,0.0705091,
unapprehensive,0.0705091,
unapproachable,0.0705091,
unassured,0.0705091,
unawed,0.0705091,
unbarred,0.0705091,
unbecomingness,0.0705091,
unbefitting,0.0705091,
unbind,0.0705091,
unbodied,0.0705091,
unbrushed,0.0705091,
unbutton,0.0705091,
unceremonious,0.0705091,
unceremoniousness,0.0705091,
unchain,0.0705091,
uncivilly,0.0705091,
uncleanliness,0.0705091,
uncoil,0.0705091,
uncoiled,0.0705091,
uncoloured,0.0705091,
uncomfortableness,0.0705091,
uncompounded,0.0705091,
unconfined,0.0705091,
unconstrained,0.0705091,
unconstraint,0.0705091,
uncontaminated,0.0705091,
uncordial,0.0705091,
uncrossed,0.0705091,
uncurtained,0.0705091,
undeceive,0.0705091,
undefended,0.0705091,
undenominational,0.0705091,
underbred,0.0705091,
underfed,0.0705091,
underhand,0.0705091,
underived,0.0705091,
undeservedly,0.0705091,
undesigned,0.0705091,
undesired,0.0705091,
undiscouraged,0.0705091,
undiscriminating,0.0705091,
undraped,0.0705091,
undrawn,0.0705091,
undulate,0.0705091,
unencumbered,0.0705091,
unended,0.0705091,
unessential,0.0705091,
unevenness,0.0705091,
unexhausted,0.0705091,
unfaithfully,0.0705091,
unfamiliarity,0.0705091,
unfastidious,0.0705091,
unfeelingly,0.0705091,
unfeignedly,0.0705091,
unfledged,0.0705091,
unfurnished,0.0705091,
ungentlemanlike,0.0705091,
ungentlemanly,0.0705091,
ungraceful,0.0705091,
unhallowed,0.0705091,
unhewn,0.0705091,
unhoped,0.0705091,
unhorse,0.0705091,
unilluminated,0.0705091,
unimpeded,0.0705091,
unintelligibly,0.0705091,
uninvitedly,0.0705091,
unitary,0.0705091,
unitedly,0.0705091,
unknowable,0.0705091,
unlade,0.0705091,
unlettered,0.0705091,
unmake,0.0705091,
unmanly,0.0705091,
unmanned,0.0705091,
unmarred,0.0705091,
unmentionable,0.0705091,
unmodernized,0.0705091,
unmodulated,0.0705091,
unobtrusiveness,0.0705091,
unopen,0.0705091,
unpainted,0.0705091,
unparallel,0.0705091,
unpardonably,0.0705091,
unpeopled,0.0705091,
unperplexed,0.0705091,
unpierced,0.0705091,
unprecedentedly,0.0705091,
unproductively,0.0705091,
unprofitableness,0.0705091,
unreconciled,0.0705091,
unrigged,0.0705091,
unrighteously,0.0705091,
unroofed,0.0705091,
unseal,0.0705091,
unseamanlike,0.0705091,
unseasonableness,0.0705091,
unseeded,0.0705091,
unselfishness,0.0705091,
unshackled,0.0705091,
unshaped,0.0705091,
unshared,0.0705091,
unsheathed,0.0705091,
unshod,0.0705091,
unshorn,0.0705091,
unsmooth,0.0705091,
unspent,0.0705091,
unspoiled,0.0705091,
unstinted,0.0705091,
unstudied,0.0705091,
unsubduable,0.0705091,
unsubdued,0.0705091,
unsufferable,0.0705091,
unsuitableness,0.0705091,
untended,0.0705091,
untired,0.0705091,
untrod,0.0705091,
untroubled,0.0705091,
untwist,0.0705091,
untwisted,0.0705091,
untypical,0.0705091,
unwarily,0.0705091,
unwedded,0.0705091,
unworthiness,0.0705091,
unwrap,0.0705091,
upbraiding,0.0705091,
upcast,0.0705091,
upheave,0.0705091,
upraise,0.0705091,
usurer,0.0705091,
uxorious,0.0705091,
vainglory,0.0705091,
valetudinarian,0.0705091,
valise,0.0705091,
valorous,0.0705091,
valved,0.0705091,
valvular,0.0705091,
vanquisher,0.0705091,
variableness,0.0705091,
vas,0.0705091,
vassalage,0.0705091,
venerableness,0.0705091,
venerate,0.0705091,
venial,0.0705091,
verbalism,0.0705091,
verdigris,0.0705091,
vermicelli,0.0705091,
vermillion,0.0705091,
vervain,0.0705091,
vestry,0.0705091,
vexer,0.0705091,
viands,0.0705091,
vilely,0.0705091,
virtuously,0.0705091,
visaged,0.0705091,
visitant,0.0705091,
vitalizing,0.0705091,
vitreous,0.0705091,
vociferation,0.0705091,
volant,0.0705091,
volcanically,0.0705091,
vultur,0.0705091,
wadding,0.0705091,
waite,0.0705091,
wampum,0.0705091,
warrantee,0.0705091,
washy,0.0705091,
waterless,0.0705091,
waterspout,0.0705091,
weightily,0.0705091,
welkin,0.0705091,
wester,0.0705091,
whaleboat,0.0705091,
wheeze,0.0705091,
whipcord,0.0705091,
whitewash,0.0705091,
wholesomeness,0.0705091,
whoremonger,0.0705091,
whoreson,0.0705091,
wideness,0.0705091,
wigless,0.0705091,
winch,0.0705091,
withdrawnness,0.0705091,
witticism,0.0705091,
womankind,0.0705091,
wonderer,0.0705091,
woodcock,0.0705091,
woodenness,0.0705091,
woodpile,0.0705091,
workbasket,0.0705091,
workfellow,0.0705091,
workhouse,0.0705091,
wriggle,0.0705091,
wriggly,0.0705091,
yawp,0.0705091,
yeomanry,0.0705091,
younker,0.0705091,
zag,0.0705091,
zig,0.0705091,
zigzag,0.0705091,
bunco,0.0705091,
bung,0.0705091,
bunghole,0.0705091,
burin,0.0705091,
burthen,0.0705091,
bustard,0.0705091,
butchering,0.0705091,
buttermilk,0.0705091,
buttress,0.0705091,
buzzer,0.0705091,
caboodle,0.0705091,
cachalot,0.0705091,
cactus,0.0705091,
calendered,0.0705091,
calomel,0.0705091,
calumet,0.0705091,
camomile,0.0705091,
camphorated,0.0705091,
canebrake,0.0705091,
cannikin,0.0705091,
canonic,0.0705091,
caoutchouc,0.0705091,
capsize,0.0705091,
captiously,0.0705091,
caput,0.0705091,
carnation,0.0705091,
carnivorous,0.0705091,
cartload,0.0705091,
casing,0.0705091,
cassock,0.0705091,
casuist,0.0705091,
cataclysm,0.0705091,
cataleptic,0.0705091,
caulked,0.0705091,
cavalier,0.0705091,
caviller,0.0705091,
centipede,0.0705091,
centrepiece,0.0705091,
certitude,0.0705091,
chalcedony,0.0705091,
chalice,0.0705091,
changeling,0.0705091,
chaotically,0.0705091,
charioteer,0.0705091,
charr,0.0705091,
charwoman,0.0705091,
checkered,0.0705091,
cheerlessness,0.0705091,
macaroon,0.0705091,
machination,0.0705091,
maggot,0.0705091,
magnetize,0.0705091,
magniloquent,0.0705091,
maidenly,0.0705091,
mainsail,0.0705091,
mak,0.0705091,
malformation,0.0705091,
malignantly,0.0705091,
maltreated,0.0705091,
mandolin,0.0705091,
mangrove,0.0705091,
mannikin,0.0705091,
mantua,0.0705091,
marauder,0.0705091,
marchioness,0.0705091,
marigold,0.0705091,
marline,0.0705091,
marmoreal,0.0705091,
masted,0.0705091,
mastodon,0.0705091,
matchbox,0.0705091,
matchwood,0.0705091,
measurer,0.0705091,
medallion,0.0705091,
mediate,0.0705091,
medicament,0.0705091,
meditativeness,0.0705091,
mellifluous,0.0705091,
melodiously,0.0705091,
tamarind,0.0705091,
tantalization,0.0705091,
tantalize,0.0705091,
tantalus,0.0705091,
tartan,0.0705091,
tasseled,0.0705091,
tattle,0.0705091,
tattling,0.0705091,
tautology,0.0705091,
te,0.0705091,
teashop,0.0705091,
teetotum,0.0705091,
teff,0.0705091,
temporizer,0.0705091,
tenon,0.0705091,
tenpin,0.0705091,
terrapin,0.0705091,
terrene,0.0705091,
tessellated,0.0705091,
tether,0.0705091,
thimbleful,0.0705091,
thirstily,0.0705091,
thole,0.0705091,
thrall,0.0705091,
thrum,0.0705091,
tigerish,0.0705091,
tilde,0.0705091,
tiling,0.0705091,
timorously,0.0705091,
titi,0.0705091,
togged,0.0705091,
tongueless,0.0705091,
toper,0.0705091,
topographical,0.0705091,
torchlight,0.0705091,
tort,0.0705091,
tousle,0.0705091,
towheaded,0.0705091,
tracery,0.0705091,
tradespeople,0.0705091,
tranquilize,0.0705091,
transfiguration,0.0705091,
transfix,0.0705091,
transmigration,0.0705091,
transplantation,0.0705091,
transubstantiate,0.0705091,
treadle,0.0705091,
treeless,0.0705091,
trefoil,0.0705091,
trespasser,0.0705091,
tricycle,0.0705091,
trilling,0.0705091,
trine,0.0705091,
trippingly,0.0705091,
trivially,0.0705091,
trombone,0.0705091,
unnerve,0.0480747,
unnoticeably,0.0480747,
unobjective,0.0480747,
unplayable,0.0480747,
unpopularity,0.0480747,
unproven,0.0480747,
unreceptive,0.0480747,
unschooled,0.0480747,
unselfconsciously,0.0480747,
unsexy,0.0480747,
unsupervised,0.0480747,
unsupportive,0.0480747,
unsurprised,0.0480747,
untangle,0.0480747,
untrusting,0.0480747,
unturned,0.0480747,
upending,0.0480747,
upmost,0.0480747,
ur,0.0480747,
usaf,0.0480747,
ut,0.0480747,
uta,0.0480747,
uv,0.0480747,
uvula,0.0480747,
uzi,0.0480747,
vaccinated,0.0480747,
vacillating,0.0480747,
valdez,0.0480747,
valletta,0.0480747,
vampirism,0.0480747,
vapidly,0.0480747,
vaporize,0.0480747,
vaporized,0.0480747,
vargas,0.0480747,
vaudevillian,0.0480747,
veggie,0.0480747,c1
velociraptor,0.0480747,
venality,0.0480747,
venus,0.0480747,
verbalized,0.0480747,
vertiginous,0.0480747,
vhf,0.0480747,
vichy,0.0480747,
victimisation,0.0480747,
victimizer,0.0480747,
viewfinder,0.0480747,
viii,0.0480747,
virginian,0.0480747,
visconti,0.0480747,
vishnu,0.0480747,
visualised,0.0480747,
vivaldi,0.0480747,
voyeuristically,0.0480747,
vulgarize,0.0480747,
wacko,0.0480747,
waddle,0.0480747,
wahoo,0.0480747,
walkway,0.0480747,
wallpaperer,0.0480747,
walton,0.0480747,
wanderlust,0.0480747,
warwick,0.0480747,
waterman,0.0480747,
waterworks,0.0480747,
wattage,0.0480747,
wellness,0.0480747,
wesleyan,0.0480747,
whacko,0.0480747,
whammy,0.0480747,
whiner,0.0480747,
whiney,0.0480747,
whippersnapper,0.0480747,
whistler,0.0480747,
whitewater,0.0480747,
wicca,0.0480747,
wigged,0.0480747,
wilmington,0.0480747,
winger,0.0480747,
winnebago,0.0480747,
winsomely,0.0480747,
winsomeness,0.0480747,
wintery,0.0480747,
wolfe,0.0480747,
woolf,0.0480747,
wordsmith,0.0480747,
workhorse,0.0480747,
worshiper,0.0480747,
worthiness,0.0480747,
wrongheaded,0.0480747,
wrongness,0.0480747,
wu,0.0480747,
wyat,0.0480747,
xenophobic,0.0480747,
xenophon,0.0480747,
xerox,0.0480747,
xiii,0.0480747,
xmas,0.0480747,
xtc,0.0480747,
xv,0.0480747,
xxv,0.0480747,
yak,0.0480747,
yam,0.0480747,
yeoman,0.0480747,
yeshiva,0.0480747,
yi,0.0480747,
yogi,0.0480747,
yugoslavian,0.0480747,
zaftig,0.0480747,
zestful,0.0480747,
zesty,0.0480747,
ziegler,0.0480747,
zillion,0.0480747,
zimbabwe,0.0480747,
zinnia,0.0480747,
zit,0.0480747,
zulu,0.0480747,
bullhorn,0.0480747,
bungler,0.0480747,
bungling,0.0480747,
bunyan,0.0480747,
burg,0.0480747,
burnett,0.0480747,
burp,0.0480747,c1
bushido,0.0480747,
bustier,0.0480747,
byplay,0.0480747,
byrd,0.0480747,
cabalistic,0.0480747,
cachet,0.0480747,
cackle,0.0480747,
cacophonous,0.0480747,
caftan,0.0480747,
cagily,0.0480747,
cagney,0.0480747,
cairo,0.0480747,
calculative,0.0480747,
calderon,0.0480747,
caldwell,0.0480747,
calgary,0.0480747,
calif,0.0480747,
callisto,0.0480747,
calvinistic,0.0480747,
cambodian,0.0480747,
cambridge,0.0480747,
camelia,0.0480747,
camo,0.0480747,
campaigner,0.0480747,
canary,0.0480747,
candidness,0.0480747,
canna,0.0480747,
cantankerous,0.0480747,
capitulate,0.0480747,
cappuccino,0.0480747,
captivatingly,0.0480747,
captivation,0.0480747,
caravaggio,0.0480747,
careen,0.0480747,
caribbean,0.0480747,c1
carjacking,0.0480747,
carmine,0.0480747,
carrefour,0.0480747,
castilian,0.0480747,
castrate,0.0480747,
casualness,0.0480747,
catalyze,0.0480747,
categorization,0.0480747,
catty,0.0480747,
cayman,0.0480747,
cdc,0.0480747,
cellulite,0.0480747,
censoring,0.0480747,
centaur,0.0480747,
centerfold,0.0480747,
cerebrally,0.0480747,
cesarean,0.0480747,
cesspool,0.0480747,
changer,0.0480747,
characterless,0.0480747,
charleston,0.0480747,
chateau,0.0480747,
chatterbox,0.0480747,
cheapjack,0.0480747,
cheater,0.0480747,
checkers,0.0480747,
checkmate,0.0480747,
cheddar,0.0480747,
cheekily,0.0480747,
chekhov,0.0480747,
macaw,0.0480747,
macbeth,0.0480747,
mach,0.0480747,
macleod,0.0480747,
madrid,0.0480747,
magisterial,0.0480747,
magritte,0.0480747,
malarkey,0.0480747,
malay,0.0480747,
malik,0.0480747,
malleability,0.0480747,
malory,0.0480747,
maltese,0.0480747,
manhole,0.0480747,
manicurist,0.0480747,
mantis,0.0480747,
marauding,0.0480747,
marcel,0.0480747,
marino,0.0480747,
marshmallow,0.0480747,c1
masochism,0.0480747,
masochist,0.0480747,
masturbator,0.0480747,
matchup,0.0480747,
matzo,0.0480747,
mayan,0.0480747,
mba,0.0480747,
mc,0.0480747,
mccartney,0.0480747,
mcg,0.0480747,
mckinley,0.0480747,
meaninglessness,0.0480747,
meanspirited,0.0480747,
measly,0.0480747,
mecca,0.0480747,
megabucks,0.0480747,
megahit,0.0480747,
megalopolis,0.0480747,
tangentially,0.0480747,
tao,0.0480747,
tarp,0.0480747,
tastelessness,0.0480747,
taster,0.0480747,
teeny,0.0480747,
telecast,0.0480747,
teleconferencing,0.0480747,
teleport,0.0480747,
telly,0.0480747,
tenet,0.0480747,
tenseness,0.0480747,
terrarium,0.0480747,
testicular,0.0480747,
thames,0.0480747,
theremin,0.0480747,
thieve,0.0480747,
thomson,0.0480747,
thor,0.0480747,
thorpe,0.0480747,
thriftily,0.0480747,
thyme,0.0480747,
tiepin,0.0480747,
tightfitting,0.0480747,
tightrope,0.0480747,
timelessness,0.0480747,
tinting,0.0480747,
tiresomely,0.0480747,
tito,0.0480747,
toda,0.0480747,
toenail,0.0480747,
toff,0.0480747,
toga,0.0480747,
tomboy,0.0480747,
tomboyish,0.0480747,
tome,0.0480747,
toon,0.0480747,
toothed,0.0480747,
toothy,0.0480747,
topiary,0.0480747,
topicality,0.0480747,
toque,0.0480747,
torturer,0.0480747,
torturously,0.0480747,
tot,0.0480747,
totter,0.0480747,
toucher,0.0480747,
toughened,0.0480747,
tracer,0.0480747,
tracheotomy,0.0480747,
traction,0.0480747,
trademarked,0.0480747,
trainload,0.0480747,
trampoline,0.0480747,
transexual,0.0480747,
trapeze,0.0480747,
treetop,0.0480747,
tripper,0.0480747,
trivialize,0.0480747,
trojan,0.0480747,
insincerely,0.0480747,
insipidly,0.0480747,
insipidness,0.0480747,
institutionalize,0.0480747,
interloper,0.0480747,
intermingle,0.0480747,
interrelate,0.0480747,
interrogate,0.0480747,
interrogative,0.0480747,
introversion,0.0480747,
introvert,0.0480747,
inundate,0.0480747,
invasive,0.0480747,
inventively,0.0480747,
invigorated,0.0480747,
ipo,0.0480747,
ironsides,0.0480747,
iroquois,0.0480747,
irrefutable,0.0480747,
irreplaceable,0.0480747,
isis,0.0480747,
isolationist,0.0480747,
italicize,0.0480747,
iwo,0.0480747,
jacobs,0.0480747,
jailhouse,0.0480747,
jarrell,0.0480747,
jarringly,0.0480747,
jejune,0.0480747,
jello,0.0480747,
jellylike,0.0480747,
jerker,0.0480747,
jewess,0.0480747,
jhvh,0.0480747,
ji,0.0480747,
jillion,0.0480747,
jimmies,0.0480747,
jingo,0.0480747,
jittering,0.0480747,
jogger,0.0480747,
jolted,0.0480747,
jove,0.0480747,
joylessness,0.0480747,
judaism,0.0480747,
juxtapose,0.0480747,
kaftan,0.0480747,
kaleidoscopic,0.0480747,
kama,0.0480747,
kansas,0.0480747,
kant,0.0480747,
keats,0.0480747,
keister,0.0480747,
keller,0.0480747,
kelvin,0.0480747,
kendall,0.0480747,
keyboardist,0.0480747,
khachaturian,0.0480747,
kickback,0.0480747,
kidnaper,0.0480747,
kilt,0.0480747,
kindergartner,0.0480747,
kingston,0.0480747,
kissinger,0.0480747,
knothole,0.0480747,
knucklehead,0.0480747,
koran,0.0480747,
korea,0.0480747,
kosovo,0.0480747,
krishna,0.0480747,
labyrinthian,0.0480747,
laconically,0.0480747,
ladened,0.0480747,
laertes,0.0480747,
lahore,0.0480747,
lakeside,0.0480747,
lambskin,0.0480747,
lan,0.0480747,
lancaster,0.0480747,
landowner,0.0480747,
landscaper,0.0480747,
latrobe,0.0480747,
lavishness,0.0480747,
lawton,0.0480747,
laxity,0.0480747,
lear,0.0480747,
lebanon,0.0480747,
lechery,0.0480747,
lector,0.0480747,
leghorn,0.0480747,
legionnaire,0.0480747,
legitimize,0.0480747,
letch,0.0480747,
liao,0.0480747,
libra,0.0480747,
lifesaving,0.0480747,
lifespan,0.0480747,
lightheartedness,0.0480747,
lightsome,0.0480747,
limitlessness,0.0480747,
linchpin,0.0480747,
lindy,0.0480747,
linearity,0.0480747,
lionize,0.0480747,
lister,0.0480747,
litany,0.0480747,
literacy,0.0480747,c1
lithuanian,0.0480747,
litmus,0.0480747,
liza,0.0480747,
loach,0.0480747,
loafer,0.0480747,
loco,0.0480747,
logy,0.0480747,
lombard,0.0480747,
londoner,0.0480747,
lovelace,0.0480747,
lugubriously,0.0480747,
lunkhead,0.0480747,
lustfully,0.0480747,
lux,0.0480747,
luxuriantly,0.0480747,
lv,0.0480747,
lycanthropy,0.0480747,
lynchpin,0.0480747,
lyon,0.0480747,
mensch,0.0480747,
merle,0.0480747,
merlin,0.0480747,
mesa,0.0480747,
meshed,0.0480747,
mesmerize,0.0480747,
meticulousness,0.0480747,
miasma,0.0480747,
michelangelo,0.0480747,
mick,0.0480747,
microphage,0.0480747,
middleton,0.0480747,
midshipman,0.0480747,
militaristic,0.0480747,
milkshake,0.0480747,
millisecond,0.0480747,
mina,0.0480747,
mincemeat,0.0480747,
minefield,0.0480747,
minisub,0.0480747,
minivan,0.0480747,
misanthropy,0.0480747,
mischievously,0.0480747,
mischievousness,0.0480747,
misogyny,0.0480747,
misquote,0.0480747,
mistrustful,0.0480747,
modelling,0.0480747,
monet,0.0480747,
mongolian,0.0480747,
monomaniacal,0.0480747,
monosyllabic,0.0480747,
montmartre,0.0480747,
mooch,0.0480747,
moralize,0.0480747,
mormon,0.0480747,c1
mortimer,0.0480747,
mosey,0.0480747,
motiveless,0.0480747,
motorboat,0.0480747,
mournfulness,0.0480747,
mozambique,0.0480747,
mugshot,0.0480747,
mull,0.0480747,
multiracial,0.0480747,
mumps,0.0480747,
munchausen,0.0480747,
muncie,0.0480747,
munro,0.0480747,
murderess,0.0480747,
murkily,0.0480747,
muscat,0.0480747,
musicologist,0.0480747,
mustang,0.0480747,
mysore,0.0480747,
mystify,0.0480747,
nabokov,0.0480747,
nacho,0.0480747,
naif,0.0480747,
naivety,0.0480747,
napalm,0.0480747,
napoleon,0.0480747,
narc,0.0480747,
narcoleptic,0.0480747,
nazareth,0.0480747,
nazism,0.0480747,
nebraska,0.0480747,
needfully,0.0480747,
nehru,0.0480747,
nepotist,0.0480747,
neumann,0.0480747,
neurotically,0.0480747,
newport,0.0480747,
ngo,0.0480747,
niceness,0.0480747,
nigeria,0.0480747,
nightie,0.0480747,
nigra,0.0480747,
nike,0.0480747,
nitrite,0.0480747,
nob,0.0480747,
nobel,0.0480747,
noblewoman,0.0480747,
nonplused,0.0480747,
nonprofessional,0.0480747,
nookie,0.0480747,
norfolk,0.0480747,
nov,0.0480747,
novelisation,0.0480747,
novelization,0.0480747,
novella,0.0480747,
nudnik,0.0480747,
numeral,0.0480747,
numeric,0.0480747,
nutcracker,0.0480747,
nymphet,0.0480747,
oafish,0.0480747,
oakland,0.0480747,
oates,0.0480747,
obliviousness,0.0480747,
observatory,0.0480747,c1
obsessional,0.0480747,
obstructive,0.0480747,
oceanic,0.0480747,
octogenarian,0.0480747,
odalisque,0.0480747,
oedipus,0.0480747,
offensiveness,0.0480747,
ogden,0.0480747,
onanism,0.0480747,
oneida,0.0480747,
onstage,0.0480747,
optometrist,0.0480747,
orchestrate,0.0480747,
oreo,0.0480747,
origami,0.0480747,
ornithologist,0.0480747,
orpheus,0.0480747,
orr,0.0480747,
orwellian,0.0480747,
osiris,0.0480747,
oswald,0.0480747,
othello,0.0480747,
otherness,0.0480747,
otherworldliness,0.0480747,
outdoorsman,0.0480747,
outmaneuver,0.0480747,
outre,0.0480747,
overabundant,0.0480747,
overachieve,0.0480747,
overachievement,0.0480747,
overbearingly,0.0480747,
overcloud,0.0480747,
overdress,0.0480747,
overpraise,0.0480747,
overstatement,0.0480747,
overworking,0.0480747,
ovular,0.0480747,
pabulum,0.0480747,
pacha,0.0480747,
pacification,0.0480747,
paget,0.0480747,
paige,0.0480747,
painkiller,0.0480747,
painterly,0.0480747,
paladin,0.0480747,
paleontology,0.0480747,
pallbearer,0.0480747,
palpitation,0.0480747,
panamanian,0.0480747,
pansexual,0.0480747,
paparazzo,0.0480747,
paragliding,0.0480747,
parallax,0.0480747,
paramour,0.0480747,
paraplegic,0.0480747,
parasailing,0.0480747,
paratrooper,0.0480747,
parentless,0.0480747,
parolee,0.0480747,
partisanship,0.0480747,
pastiche,0.0480747,
pathologically,0.0480747,
patois,0.0480747,
patty,0.0480747,
pavlov,0.0480747,
payer,0.0480747,
peacekeeper,0.0480747,
peat,0.0480747,
pedicure,0.0480747,
peen,0.0480747,
peephole,0.0480747,
penile,0.0480747,
pensacola,0.0480747,
pentameter,0.0480747,
pepperidge,0.0480747,
perceptively,0.0480747,
perceptiveness,0.0480747,
perfectionist,0.0480747,
peri,0.0480747,
perkily,0.0480747,
permissiveness,0.0480747,
permutation,0.0480747,
peron,0.0480747,
persian,0.0480747,c1
persnickety,0.0480747,
personable,0.0480747,
perth,0.0480747,
pervasiveness,0.0480747,
petter,0.0480747,
philander,0.0480747,
philistine,0.0480747,
phonation,0.0480747,
photojournalist,0.0480747,
photon,0.0480747,
photosensitivity,0.0480747,
phrygia,0.0480747,
physicality,0.0480747,
piaf,0.0480747,
picaresque,0.0480747,
pickings,0.0480747,
pickpocket,0.0480747,
piffle,0.0480747,
piglet,0.0480747,c1
pimlico,0.0480747,
pimpernel,0.0480747,
pimply,0.0480747,
pincus,0.0480747,
pindar,0.0480747,
pinkie,0.0480747,
piousness,0.0480747,
pitchman,0.0480747,
pittance,0.0480747,
pitting,0.0480747,
placate,0.0480747,
placer,0.0480747,
plagiarist,0.0480747,
plagiarize,0.0480747,
planchet,0.0480747,
plath,0.0480747,
plausibly,0.0480747,
playacting,0.0480747,
plexiglas,0.0480747,
plexus,0.0480747,
plop,0.0480747,c1
poacher,0.0480747,
polack,0.0480747,
poland,0.0480747,
polaroid,0.0480747,
pollster,0.0480747,
pomade,0.0480747,
pompano,0.0480747,
pompeii,0.0480747,
ponderously,0.0480747,
pontoon,0.0480747,
popularizer,0.0480747,
populist,0.0480747,
populus,0.0480747,
pornographer,0.0480747,
posit,0.0480747,
postmodernism,0.0480747,
potbelly,0.0480747,
pounder,0.0480747,
powerlessness,0.0480747,
ppk,0.0480747,
prague,0.0480747,
prancer,0.0480747,
pratfall,0.0480747,
prattle,0.0480747,
preciously,0.0480747,
preconception,0.0480747,
predetermine,0.0480747,
predicate,0.0480747,
preexisting,0.0480747,
prejudge,0.0480747,
premiss,0.0480747,
presley,0.0480747,
pretender,0.0480747,
prevue,0.0480747,
priam,0.0480747,
priestess,0.0480747,
prima,0.0480747,
primo,0.0480747,
prise,0.0480747,
problematically,0.0480747,
proclivity,0.0480747,
profiling,0.0480747,
prokofiev,0.0480747,
promiscuity,0.0480747,
prompter,0.0480747,
proselytize,0.0480747,
prosthesis,0.0480747,
protester,0.0480747,c1
proto,0.0480747,
proxima,0.0480747,
prudish,0.0480747,
prunella,0.0480747,
pseudonymous,0.0480747,
psychoanalyze,0.0480747,
psychobabble,0.0480747,
psychosexual,0.0480747,
puccini,0.0480747,
pucker,0.0480747,
pug,0.0480747,
pugilistic,0.0480747,
abortionist,0.0480747,
absolutist,0.0480747,
absolved,0.0480747,
abyssinian,0.0480747,
academe,0.0480747,
acclimatize,0.0480747,
acerbity,0.0480747,
acknowledgeable,0.0480747,
acne,0.0480747,
actualisation,0.0480747,
acuity,0.0480747,
addendum,0.0480747,
adelaide,0.0480747,
adeptness,0.0480747,
aditi,0.0480747,
aditya,0.0480747,
adopter,0.0480747,
adorableness,0.0480747,
adorably,0.0480747,
advil,0.0480747,
agamemnon,0.0480747,
agee,0.0480747,
aggravatingly,0.0480747,
ahab,0.0480747,
aikido,0.0480747,
airhead,0.0480747,
airiness,0.0480747,
aix,0.0480747,
ajax,0.0480747,
alamo,0.0480747,
alar,0.0480747,
albany,0.0480747,
alexandria,0.0480747,
alger,0.0480747,
algeria,0.0480747,
aline,0.0480747,
allegorically,0.0480747,
altruist,0.0480747,
altruistic,0.0480747,
amalgam,0.0480747,
amateurism,0.0480747,
ambitionless,0.0480747,
americana,0.0480747,
americanization,0.0480747,
amoeba,0.0480747,
amor,0.0480747,
amphetamine,0.0480747,
amsterdam,0.0480747,
amundsen,0.0480747,
amyl,0.0480747,
anchorman,0.0480747,
anglican,0.0480747,
animalistic,0.0480747,
animatedly,0.0480747,
animus,0.0480747,
anthesis,0.0480747,
anthrax,0.0480747,
anticlimax,0.0480747,
antipathetic,0.0480747,
antler,0.0480747,
antony,0.0480747,
appalachian,0.0480747,
appealingly,0.0480747,
appendaged,0.0480747,
aquamarine,0.0480747,
aquinas,0.0480747,
aragon,0.0480747,
aram,0.0480747,
arcane,0.0480747,
archimedes,0.0480747,
architecturally,0.0480747,
argentinian,0.0480747,
arkansas,0.0480747,
armrest,0.0480747,
articulately,0.0480747,
artiste,0.0480747,
aryan,0.0480747,
asap,0.0480747,
asexually,0.0480747,
athena,0.0480747,
atoll,0.0480747,
atreus,0.0480747,
attentiveness,0.0480747,
attila,0.0480747,
audiotape,0.0480747,
aug,0.0480747,
auriga,0.0480747,
aurora,0.0480747,
authoress,0.0480747,
authorial,0.0480747,
autocrat,0.0480747,
avatar,0.0480747,
aztec,0.0480747,c1
baa,0.0480747,
babylon,0.0480747,
bacchanal,0.0480747,
backdown,0.0480747,
backhanded,0.0480747,
backpacker,0.0480747,
badmouth,0.0480747,
bagger,0.0480747,
baghdad,0.0480747,
bakersfield,0.0480747,
baldly,0.0480747,
balletic,0.0480747,
baltimore,0.0480747,
bandanna,0.0480747,
bangkok,0.0480747,
bankroll,0.0480747,
bannister,0.0480747,
bantu,0.0480747,
barmaid,0.0480747,
barracking,0.0480747,
barrie,0.0480747,
barth,0.0480747,
bartok,0.0480747,
bashfully,0.0480747,
basque,0.0480747,
basset,0.0480747,
bastardised,0.0480747,
battler,0.0480747,
bayard,0.0480747,
beachfront,0.0480747,
beantown,0.0480747,
beaumont,0.0480747,
beautician,0.0480747,
bedrock,0.0480747,
beefcake,0.0480747,
beekeeper,0.0480747,
beekeeping,0.0480747,
beeline,0.0480747,
beeper,0.0480747,
beirut,0.0480747,
belgium,0.0480747,
belittle,0.0480747,
belittled,0.0480747,
benignly,0.0480747,
bennington,0.0480747,
berliner,0.0480747,
bijou,0.0480747,
bilingually,0.0480747,
bilk,0.0480747,
biloxi,0.0480747,
biohazard,0.0480747,
bisexuality,0.0480747,
bistro,0.0480747,
bitty,0.0480747,
bizet,0.0480747,
blackburn,0.0480747,
blackface,0.0480747,
blessedly,0.0480747,
bligh,0.0480747,
blimp,0.0480747,
blitzstein,0.0480747,
blockheaded,0.0480747,
bloodline,0.0480747,
bloodsucker,0.0480747,
bloodsucking,0.0480747,
bloodthirstiness,0.0480747,
bloomfield,0.0480747,
blowhard,0.0480747,
blowout,0.0480747,
blucher,0.0480747,
blusterous,0.0480747,
boardwalk,0.0480747,
bodacious,0.0480747,
bogeyman,0.0480747,
bogie,0.0480747,
bohemia,0.0480747,
bombastically,0.0480747,
boneheaded,0.0480747,
boner,0.0480747,
boney,0.0480747,
booger,0.0480747,
bookkeeper,0.0480747,
boondocks,0.0480747,
bordello,0.0480747,
boringly,0.0480747,
borscht,0.0480747,
bosomy,0.0480747,
bot,0.0480747,
botulism,0.0480747,
bouillabaisse,0.0480747,
bowery,0.0480747,
bps,0.0480747,
bradford,0.0480747,
brainstorm,0.0480747,
brainwash,0.0480747,
brashly,0.0480747,
brattish,0.0480747,
breezily,0.0480747,
brigantine,0.0480747,
brio,0.0480747,
britisher,0.0480747,
broadsword,0.0480747,
broncobuster,0.0480747,
brooder,0.0480747,
brouhaha,0.0480747,
brownie,0.0480747,
bruiser,0.0480747,
brunet,0.0480747,
brusque,0.0480747,
buchenwald,0.0480747,
buckaroo,0.0480747,
buggery,0.0480747,
bulgaria,0.0480747,
bulgarian,0.0480747,
bulimia,0.0480747,
cheque,0.0480747,
chequered,0.0480747,
cherbourg,0.0480747,
chevalier,0.0480747,
chintzy,0.0480747,
chippendale,0.0480747,
chirpy,0.0480747,
chit,0.0480747,
chivalrously,0.0480747,
chopin,0.0480747,
choreograph,0.0480747,
chortle,0.0480747,
churchill,0.0480747,
chutzpah,0.0480747,
cicero,0.0480747,
cid,0.0480747,
cio,0.0480747,
cirque,0.0480747,
clamp,0.0480747,c1
clemens,0.0480747,
cobblers,0.0480747,
cockamamie,0.0480747,
cocker,0.0480747,
coddle,0.0480747,
cog,0.0480747,
coherently,0.0480747,
coinage,0.0480747,
coition,0.0480747,
collate,0.0480747,
colonist,0.0480747,
colosseum,0.0480747,
comanche,0.0480747,
comedienne,0.0480747,
comedown,0.0480747,
commie,0.0480747,
companionability,0.0480747,
compartmented,0.0480747,
complainer,0.0480747,
complexly,0.0480747,
comprehendible,0.0480747,
compton,0.0480747,
comte,0.0480747,
condo,0.0480747,c1
confiscate,0.0480747,
connolly,0.0480747,
connors,0.0480747,
conquistador,0.0480747,
consensual,0.0480747,
constantine,0.0480747,
contentiousness,0.0480747,
contrastive,0.0480747,
conventionalism,0.0480747,
coo,0.0480747,
cooker,0.0480747,
cooly,0.0480747,
copasetic,0.0480747,
copier,0.0480747,
copybook,0.0480747,
copyrighted,0.0480747,
corbett,0.0480747,
cornish,0.0480747,
cornwall,0.0480747,
cornwallis,0.0480747,
corruptive,0.0480747,
corvette,0.0480747,
cosmonaut,0.0480747,
counterargument,0.0480747,
counterculture,0.0480747,
counterexample,0.0480747,
counterfeiter,0.0480747,
couture,0.0480747,
cowled,0.0480747,
cpr,0.0480747,
crabby,0.0480747,
crackdown,0.0480747,
crackerjack,0.0480747,
cracklings,0.0480747,
craps,0.0480747,
creationism,0.0480747,
cretaceous,0.0480747,
cretin,0.0480747,
crevasse,0.0480747,
crinkled,0.0480747,
croatian,0.0480747,
croissant,0.0480747,
crossbreed,0.0480747,
crossword,0.0480747,
crouse,0.0480747,
cruddy,0.0480747,
crump,0.0480747,
crybaby,0.0480747,
cryptically,0.0480747,
cubism,0.0480747,
cuckold,0.0480747,
cuddy,0.0480747,
cumberland,0.0480747,
cupcake,0.0480747,
cupid,0.0480747,
curmudgeonly,0.0480747,
cutaway,0.0480747,
cutely,0.0480747,
cyan,0.0480747,
cybernetic,0.0480747,
cyberspace,0.0480747,
cyclops,0.0480747,
cydonia,0.0480747,
dachshund,0.0480747,
dada,0.0480747,
daemon,0.0480747,
dali,0.0480747,
darwin,0.0480747,
darwinism,0.0480747,
dateless,0.0480747,
dateline,0.0480747,
dauntingly,0.0480747,
daydream,0.0480747,c1
debussy,0.0480747,
decalogue,0.0480747,
decipherer,0.0480747,
decriminalization,0.0480747,
defeatist,0.0480747,
defecation,0.0480747,
deflate,0.0480747,
deflection,0.0480747,
deflower,0.0480747,
delaware,0.0480747,
delhi,0.0480747,
demean,0.0480747,
dementia,0.0480747,
demolish,0.0480747,
demoralised,0.0480747,
demotic,0.0480747,
demotion,0.0480747,
dempsey,0.0480747,
demurely,0.0480747,
denouncement,0.0480747,
deportee,0.0480747,
depravation,0.0480747,
depressant,0.0480747,
desensitization,0.0480747,
detonator,0.0480747,
detrimentally,0.0480747,
detritus,0.0480747,
deuteronomy,0.0480747,
deviously,0.0480747,
deviousness,0.0480747,
diametric,0.0480747,
diarist,0.0480747,
dichotomous,0.0480747,
dickie,0.0480747,
diddley,0.0480747,
dietrich,0.0480747,
dignitary,0.0480747,
dimetrodon,0.0480747,
dionysian,0.0480747,
dionysius,0.0480747,
directionless,0.0480747,
disadvantageous,0.0480747,
purist,0.0480747,
pussyfoot,0.0480747,
putrefaction,0.0480747,
pyrotechnical,0.0480747,
qin,0.0480747,
quash,0.0480747,
quaternary,0.0480747,
queue,0.0480747,c1
quilting,0.0480747,
raceway,0.0480747,
rachmaninov,0.0480747,
raj,0.0480747,
raleigh,0.0480747,
rancid,0.0480747,
rankin,0.0480747,
raptor,0.0480747,
raskolnikov,0.0480747,
rasta,0.0480747,
rattigan,0.0480747,
raver,0.0480747,
ravishingly,0.0480747,
razzmatazz,0.0480747,
reacquaint,0.0480747,
reb,0.0480747,
recidivist,0.0480747,
recognizably,0.0480747,
recombination,0.0480747,
recuperate,0.0480747,
redoubtable,0.0480747,
reductionism,0.0480747,
regurgitate,0.0480747,
reinterpretation,0.0480747,
reinvigorate,0.0480747,
reinvigorated,0.0480747,
reiter,0.0480747,
rejuvenate,0.0480747,
relegating,0.0480747,
rem,0.0480747,
remand,0.0480747,
renoir,0.0480747,
repellant,0.0480747,
repetitively,0.0480747,
replaceable,0.0480747,
replay,0.0480747,c1
replicate,0.0480747,c1
reprint,0.0480747,c1
rerun,0.0480747,
reshoot,0.0480747,
resignedly,0.0480747,
resistible,0.0480747,
resonating,0.0480747,
restfulness,0.0480747,
resurface,0.0480747,
resuscitated,0.0480747,
retake,0.0480747,
reticence,0.0480747,
revoltingly,0.0480747,
rework,0.0480747,
reyes,0.0480747,
rhapsodic,0.0480747,
rhetorically,0.0480747,
ricochet,0.0480747,
rigmarole,0.0480747,
rile,0.0480747,
riled,0.0480747,
ritalin,0.0480747,
ritually,0.0480747,
ro,0.0480747,
roadrunner,0.0480747,
roan,0.0480747,
rochester,0.0480747,
rockefeller,0.0480747,
rocketry,0.0480747,
rogaine,0.0480747,
rohypnol,0.0480747,
romanticise,0.0480747,
romper,0.0480747,
roosevelt,0.0480747,
rorschach,0.0480747,
rosario,0.0480747,
rottweiler,0.0480747,
roundtable,0.0480747,
roux,0.0480747,
royalist,0.0480747,
rubens,0.0480747,
rugby,0.0480747,
rune,0.0480747,
runny,0.0480747,c1
ruritanian,0.0480747,
sabbatical,0.0480747,
sabine,0.0480747,
saboteur,0.0480747,
sacramento,0.0480747,
salaam,0.0480747,
salability,0.0480747,
salerno,0.0480747,
salesperson,0.0480747,
salome,0.0480747,
salvador,0.0480747,
salvadoran,0.0480747,
salvadorian,0.0480747,
sanchez,0.0480747,
sanctimony,0.0480747,
sandbox,0.0480747,
sandstorm,0.0480747,
sargent,0.0480747,
saskatoon,0.0480747,
satanist,0.0480747,
satyrical,0.0480747,
saul,0.0480747,
scalpel,0.0480747,
scatology,0.0480747,
scavenge,0.0480747,
schmooze,0.0480747,
schnook,0.0480747,
schoolmarm,0.0480747,
schubert,0.0480747,
schulz,0.0480747,
scintilla,0.0480747,
scissor,0.0480747,
scot,0.0480747,
screamingly,0.0480747,
screed,0.0480747,
scrooge,0.0480747,
scrumptiously,0.0480747,
scuba,0.0480747,
seagull,0.0480747,
seawall,0.0480747,
seder,0.0480747,
seediness,0.0480747,
seminude,0.0480747,
sen,0.0480747,
sendup,0.0480747,
senility,0.0480747,
senor,0.0480747,
sensationalist,0.0480747,
sensationalistic,0.0480747,
senselessness,0.0480747,
sensually,0.0480747,
sequined,0.0480747,
sequoia,0.0480747,
serb,0.0480747,
serbia,0.0480747,
sermonize,0.0480747,
serous,0.0480747,
serviceman,0.0480747,
sexed,0.0480747,
sexless,0.0480747,
sextette,0.0480747,
sexualize,0.0480747,
shah,0.0480747,
shakedown,0.0480747,
shallowly,0.0480747,
shaman,0.0480747,
sharkskin,0.0480747,
shay,0.0480747,
shebang,0.0480747,
sheikh,0.0480747,
shiftlessness,0.0480747,
shindig,0.0480747,
shiva,0.0480747,
shoplift,0.0480747,
shoveller,0.0480747,
showgirl,0.0480747,
shutterbug,0.0480747,
siamese,0.0480747,
sian,0.0480747,
siberian,0.0480747,
sicily,0.0480747,
siegfried,0.0480747,
sigmoid,0.0480747,
silents,0.0480747,
silkwood,0.0480747,
simmering,0.0480747,
sinatra,0.0480747,
singable,0.0480747,
singe,0.0480747,
sirocco,0.0480747,
skateboarder,0.0480747,
sketchiness,0.0480747,
skim,0.0480747,c1
skulduggery,0.0480747,
skunk,0.0480747,c1
slake,0.0480747,
slammer,0.0480747,
slapper,0.0480747,
slavic,0.0480747,
sleaziness,0.0480747,
slicked,0.0480747,
slickly,0.0480747,
slickness,0.0480747,
slither,0.0480747,
slithering,0.0480747,
slithery,0.0480747,
sliver,0.0480747,
slugfest,0.0480747,
slurry,0.0480747,
sluttish,0.0480747,
smashingly,0.0480747,
smidgeon,0.0480747,
smoggy,0.0480747,
smolder,0.0480747,
snapshot,0.0480747,
snarf,0.0480747,
snidely,0.0480747,
snigger,0.0480747,
snipping,0.0480747,
snitch,0.0480747,
snook,0.0480747,
snoopy,0.0480747,
snorkeling,0.0480747,
snuggling,0.0480747,
softhearted,0.0480747,
soho,0.0480747,
sol,0.0480747,
soled,0.0480747,
solidify,0.0480747,
solon,0.0480747,
solvable,0.0480747,
solver,0.0480747,
somalia,0.0480747,
soporific,0.0480747,
souk,0.0480747,
soundman,0.0480747,
soupy,0.0480747,
souring,0.0480747,
sourpuss,0.0480747,
southerner,0.0480747,
spaceflight,0.0480747,
spacewalk,0.0480747,
spaniard,0.0480747,
sparkler,0.0480747,
spatula,0.0480747,
speeder,0.0480747,
speer,0.0480747,
spellbinding,0.0480747,
spinster,0.0480747,
spiritedly,0.0480747,
spiritedness,0.0480747,
spoilsport,0.0480747,
springfield,0.0480747,
sprinkler,0.0480747,
sprinter,0.0480747,
sprocket,0.0480747,
squander,0.0480747,
squeaker,0.0480747,
squelch,0.0480747,
squib,0.0480747,
squish,0.0480747,c1
sr,0.0480747,
stabber,0.0480747,
stagey,0.0480747,
stalingrad,0.0480747,
stargaze,0.0480747,
starkness,0.0480747,
stater,0.0480747,
statuesque,0.0480747,
steaminess,0.0480747,
steelworks,0.0480747,
steen,0.0480747,
stentorian,0.0480747,
stepsister,0.0480747,
stereoscopic,0.0480747,
stetson,0.0480747,
stipe,0.0480747,
stipend,0.0480747,
stitching,0.0480747,
stoically,0.0480747,
stomper,0.0480747,
stoolie,0.0480747,
stoppable,0.0480747,
stopwatch,0.0480747,
stow,0.0480747,
straightforwardness,0.0480747,
straitjacket,0.0480747,
straitlaced,0.0480747,
strapless,0.0480747,
strasberg,0.0480747,
strauss,0.0480747,
streetwalker,0.0480747,
stridency,0.0480747,
stridently,0.0480747,
strongman,0.0480747,
stutter,0.0480747,
stuyvesant,0.0480747,
stygian,0.0480747,
stylishness,0.0480747,
stylize,0.0480747,
styrofoam,0.0480747,
sublimated,0.0480747,
sublimely,0.0480747,
sudan,0.0480747,
sufism,0.0480747,
sugarcoat,0.0480747,
sunglass,0.0480747,
sunniness,0.0480747,
supererogatory,0.0480747,
superscript,0.0480747,
supersede,0.0480747,
supplicate,0.0480747,
sus,0.0480747,
sutra,0.0480747,
svengali,0.0480747,
swatch,0.0480747,
swede,0.0480747,
swindler,0.0480747,
symbolise,0.0480747,
symbolist,0.0480747,
sympathizer,0.0480747,
synchronised,0.0480747,
synthesizer,0.0480747,
tableware,0.0480747,
tachometer,0.0480747,
tactfully,0.0480747,
tahiti,0.0480747,
trove,0.0480747,
trumbull,0.0480747,
trustworthiness,0.0480747,
tryst,0.0480747,
tubby,0.0480747,
tubercular,0.0480747,
tues,0.0480747,
tumbleweed,0.0480747,
turd,0.0480747,
tuscan,0.0480747,
tutee,0.0480747,
twit,0.0480747,
tyrannosaurus,0.0480747,
uganda,0.0480747,
ukraine,0.0480747,
ultimo,0.0480747,
ultraconservative,0.0480747,
unaddressed,0.0480747,
unaffecting,0.0480747,
unanticipated,0.0480747,
unarguable,0.0480747,
unarguably,0.0480747,
unashamed,0.0480747,
unassertive,0.0480747,
unauthorised,0.0480747,
unbeknown,0.0480747,
unchained,0.0480747,
uncommercial,0.0480747,
uncompromisingly,0.0480747,
unconnectedness,0.0480747,
unconscionable,0.0480747,
unconsummated,0.0480747,
unconventionally,0.0480747,
uncreative,0.0480747,
uncrowned,0.0480747,
underdone,0.0480747,
underplay,0.0480747,
underpopulated,0.0480747,
underweight,0.0480747,
undocumented,0.0480747,
uneffective,0.0480747,
unenergetic,0.0480747,
unenergetically,0.0480747,
unequipped,0.0480747,
unexploited,0.0480747,
unfeasible,0.0480747,
unforgivably,0.0480747,
unfreeze,0.0480747,
unheralded,0.0480747,
unimaginatively,0.0480747,
uninhabitable,0.0480747,
unintelligently,0.0480747,
uninterestingly,0.0480747,
unintrusive,0.0480747,
unlovable,0.0480747,
unmade,0.0480747,
unmercifully,0.0480747,
disburse,0.0480747,
discombobulated,0.0480747,
discouragingly,0.0480747,
disgustedly,0.0480747,
disgustingness,0.0480747,
disjointedness,0.0480747,
displeasing,0.0480747,
dissuasive,0.0480747,
distressingly,0.0480747,
dither,0.0480747,
dithering,0.0480747,
diverge,0.0480747,
divvy,0.0480747,
dixie,0.0480747,
docket,0.0480747,
dodger,0.0480747,
doff,0.0480747,
dominican,0.0480747,
dominoes,0.0480747,
donne,0.0480747,
dopy,0.0480747,
dostoevski,0.0480747,
dowdy,0.0480747,
dramaturgical,0.0480747,
droopy,0.0480747,
drumbeat,0.0480747,
dublin,0.0480747,
dubuque,0.0480747,
dulles,0.0480747,
dumfounded,0.0480747,
dumfounding,0.0480747,
dumpster,0.0480747,
dutchman,0.0480747,
dwarfism,0.0480747,
earful,0.0480747,
earpiece,0.0480747,
earthbound,0.0480747,
ebonics,0.0480747,
ecclesiastes,0.0480747,
ecologist,0.0480747,
ect,0.0480747,
edd,0.0480747,
eds,0.0480747,
edwin,0.0480747,
eeriness,0.0480747,
eery,0.0480747,
eggar,0.0480747,
eggnog,0.0480747,
egomania,0.0480747,
egyptologist,0.0480747,
eisenhower,0.0480747,
eisenstein,0.0480747,
electrician,0.0480747,
elixir,0.0480747,
elizabethan,0.0480747,
emery,0.0480747,
empathise,0.0480747,
emptor,0.0480747,
enamor,0.0480747,
enchilada,0.0480747,
enclave,0.0480747,
endocrinology,0.0480747,
endoskeleton,0.0480747,
englishwoman,0.0480747,
engrossment,0.0480747,
enlistee,0.0480747,
ensnare,0.0480747,
entrepreneurial,0.0480747,
enwrapped,0.0480747,
ephesians,0.0480747,
epos,0.0480747,
ergonomics,0.0480747,
ern,0.0480747,
eroding,0.0480747,
eroticize,0.0480747,
estrogenic,0.0480747,
etch,0.0480747,
ethnocentric,0.0480747,
etymology,0.0480747,
euclidean,0.0480747,
eurocentrism,0.0480747,
evasively,0.0480747,
evenhanded,0.0480747,
everglades,0.0480747,
evers,0.0480747,
evict,0.0480747,
exaggeratedly,0.0480747,
excreting,0.0480747,
exemplifying,0.0480747,
exorbitance,0.0480747,
exorbitantly,0.0480747,
exoticism,0.0480747,
expansionism,0.0480747,
explainable,0.0480747,
explicate,0.0480747,
extinguisher,0.0480747,
extremism,0.0480747,
eyre,0.0480747,
ezekiel,0.0480747,
faa,0.0480747,
faddish,0.0480747,
fakery,0.0480747,
falco,0.0480747,
falseness,0.0480747,
falsetto,0.0480747,
falstaff,0.0480747,
familiarization,0.0480747,
familiarize,0.0480747,
fanatically,0.0480747,
fantasise,0.0480747,
farrow,0.0480747,
fascistic,0.0480747,
fastball,0.0480747,
faulkner,0.0480747,
faustian,0.0480747,
fcc,0.0480747,
fearsomely,0.0480747,
featherbrained,0.0480747,
featherweight,0.0480747,
fertilization,0.0480747,
fetal,0.0480747,
fibber,0.0480747,
figurine,0.0480747,
filipino,0.0480747,c1
fillmore,0.0480747,
fixer,0.0480747,
flack,0.0480747,
flamboyance,0.0480747,
flashily,0.0480747,
flatmate,0.0480747,
flatulent,0.0480747,
flawlessness,0.0480747,
flirtatiously,0.0480747,
floorboard,0.0480747,
flotsam,0.0480747,
flunky,0.0480747,
flyover,0.0480747,
fm,0.0480747,
foghorn,0.0480747,
folktale,0.0480747,
fondle,0.0480747,
foolhardiness,0.0480747,
forensics,0.0480747,
foretaste,0.0480747,
fosse,0.0480747,
franciscan,0.0480747,
freedman,0.0480747,
frenetically,0.0480747,
freshen,0.0480747,
frey,0.0480747,
frightfulness,0.0480747,
frisch,0.0480747,
friskiness,0.0480747,
frisson,0.0480747,
fritter,0.0480747,
ful,0.0480747,
fulcrum,0.0480747,
fundraiser,0.0480747,
gabfest,0.0480747,
gaffe,0.0480747,
gaffer,0.0480747,
gaga,0.0480747,
gainfully,0.0480747,
gaiter,0.0480747,
gaius,0.0480747,
galahad,0.0480747,
galapagos,0.0480747,
galileo,0.0480747,
gallup,0.0480747,
gangly,0.0480747,
garbo,0.0480747,
gascogne,0.0480747,
gaskell,0.0480747,
gasmask,0.0480747,
gatekeeper,0.0480747,
gaul,0.0480747,
gawain,0.0480747,
gazillion,0.0480747,
gd,0.0480747,
gehrig,0.0480747,
geisha,0.0480747,
generically,0.0480747,
genitalia,0.0480747,
genocide,0.0480747,c1
genome,0.0480747,c1
geopolitics,0.0480747,
georgetown,0.0480747,
gestapo,0.0480747,
gibbs,0.0480747,
gila,0.0480747,
gilled,0.0480747,
gizmo,0.0480747,
glamorise,0.0480747,
glamourous,0.0480747,
glasgow,0.0480747,
glasnost,0.0480747,
glassworks,0.0480747,
glider,0.0480747,
glitch,0.0480747,
gloucester,0.0480747,
goalie,0.0480747,
godforsaken,0.0480747,
gofer,0.0480747,
gogh,0.0480747,
gomorrah,0.0480747,
gondola,0.0480747,
goner,0.0480747,
googly,0.0480747,
goony,0.0480747,
gorbachev,0.0480747,
gossipy,0.0480747,
gouda,0.0480747,
goulash,0.0480747,
gps,0.0480747,
graceless,0.0480747,
gracie,0.0480747,
gramophone,0.0480747,
grater,0.0480747,
gravedigger,0.0480747,
graveness,0.0480747,
greece,0.0480747,
greenpeace,0.0480747,
greenway,0.0480747,
greenwich,0.0480747,
gregorian,0.0480747,
grieg,0.0480747,
grimm,0.0480747,
gristly,0.0480747,
groundlessness,0.0480747,
grouper,0.0480747,
groupie,0.0480747,
grownup,0.0480747,
grueling,0.0480747,
gruelling,0.0480747,
guam,0.0480747,
guano,0.0480747,
guardrail,0.0480747,
guesswork,0.0480747,
gumshoe,0.0480747,
gutlessness,0.0480747,
guzzling,0.0480747,
gynecomastia,0.0480747,
habanera,0.0480747,
hairball,0.0480747,
hairbrush,0.0480747,
hairiness,0.0480747,
hairline,0.0480747,
hairpiece,0.0480747,
hallucinogen,0.0480747,
hamburg,0.0480747,
hancock,0.0480747,
handbasket,0.0480747,
hankie,0.0480747,
hardback,0.0480747,
hardcover,0.0480747,
hardheaded,0.0480747,
hassle,0.0480747,c1
hayseed,0.0480747,
hazmat,0.0480747,
headcount,0.0480747,
headful,0.0480747,
headhunter,0.0480747,
headliner,0.0480747,
heartbroken,0.0480747,c1
hebrews,0.0480747,
hegel,0.0480747,
heirloom,0.0480747,
helix,0.0480747,
hellhole,0.0480747,
helsinki,0.0480747,
hematologist,0.0480747,
hemingwayesque,0.0480747,
henna,0.0480747,
hep,0.0480747,
herder,0.0480747,
hermaphrodite,0.0480747,
hessian,0.0480747,
hf,0.0480747,
highbrow,0.0480747,
hiker,0.0480747,
hillary,0.0480747,
hindi,0.0480747,
hm,0.0480747,
hobbyist,0.0480747,
hoffmann,0.0480747,
holism,0.0480747,
hollander,0.0480747,
holler,0.0480747,c1
homeboy,0.0480747,
homily,0.0480747,
homoeroticism,0.0480747,
homogenized,0.0480747,
homophobia,0.0480747,
honkey,0.0480747,
hoodoo,0.0480747,
hoodwink,0.0480747,
hooey,0.0480747,
hooky,0.0480747,
hooray,0.0480747,c1
hoper,0.0480747,
horseshit,0.0480747,
horseshoes,0.0480747,
horticulturist,0.0480747,
hotheaded,0.0480747,
houdini,0.0480747,
housebound,0.0480747,
houseguest,0.0480747,
houyhnhnms,0.0480747,
howdy,0.0480747,
huckleberry,0.0480747,
hummingbird,0.0480747,
humongous,0.0480747,
humoring,0.0480747,
humpback,0.0480747,
humvee,0.0480747,
huntington,0.0480747,
hurtle,0.0480747,
hussein,0.0480747,
huxley,0.0480747,
hybridization,0.0480747,
hypnotised,0.0480747,
hypnotist,0.0480747,
ia,0.0480747,
iambic,0.0480747,
ibsen,0.0480747,
icecream,0.0480747,
icelandic,0.0480747,
ichor,0.0480747,
iconoclast,0.0480747,
iconography,0.0480747,
ida,0.0480747,
identikit,0.0480747,
ig,0.0480747,
ilk,0.0480747,
illiteracy,0.0480747,
immaculately,0.0480747,
immobilise,0.0480747,
immolation,0.0480747,
imo,0.0480747,
impalement,0.0480747,
impeachment,0.0480747,
impoverishment,0.0480747,
imprecation,0.0480747,
impregnation,0.0480747,
impressiveness,0.0480747,
inarguable,0.0480747,
inauspiciously,0.0480747,
incarceration,0.0480747,
incendiary,0.0480747,
incision,0.0480747,
incongruent,0.0480747,
incongruously,0.0480747,
incredibility,0.0480747,
incubator,0.0480747,
indulgently,0.0480747,
inebriation,0.0480747,
ineffectuality,0.0480747,
inelegantly,0.0480747,
inexcusably,0.0480747,
inextricably,0.0480747,
infallibility,0.0480747,
infertility,0.0480747,
inflatable,0.0480747,
ingeniousness,0.0480747,
ingerman,0.0480747,
ingest,0.0480747,
ingrown,0.0480747,
inscribe,0.0480747,
