number,word,word-ko-repr,sentence,sentence-ko-repr,pronun-us,pronun-gb,en-dict-meaning,word-id,word-repr-read-aloud,svg
1_1,sincerely,진심으로 / 성실하게 (편지 끝맺음 표현으로도 사용),I sincerely apologize for the mistake.,실수에 대해 진심으로 사과드립니다.,sɪnˈsɪrli,sɪnˈsɪəli,"'Sincerely' means in a genuine and honest way, without pretending. Sincerely shows genuine feeling or expression. People notice a true and heartfelt manner. It is an adverb. For example, 'I sincerely hope you feel better soon' means I truly and genuinely hope so. It is also commonly used at the end of formal letters before signing your name.",0199279e-3326-7049-0955-8fcc4f28ddd6,진심으로. 성실하게.,"<?xml version=""1.0"" standalone=""no""?>
<!DOCTYPE svg PUBLIC ""-//W3C//DTD SVG 20010904//EN""
 ""http://www.w3.org/TR/2001/REC-SVG-20010904/DTD/svg10.dtd"">
<svg version=""1.0"" xmlns=""http://www.w3.org/2000/svg""
 width=""224.000000pt"" height=""205.000000pt"" viewBox=""0 0 224.000000 205.000000""
 preserveAspectRatio=""xMidYMid meet"">
<metadata>
Created by potrace 1.16, written by Peter Selinger 2001-2019
</metadata>
<g transform=""translate(0.000000,205.000000) scale(0.100000,-0.100000)""
fill=""#000000"" stroke=""none"">
<path d=""M280 2035 c-9 -11 -14 -123 -19 -430 l-6 -414 -110 69 c-60 38 -111
73 -113 78 -1 5 33 32 77 61 78 52 123 91 104 91 -5 0 -54 -29 -109 -64 l-99
-64 0 -678 0 -679 1102 -3 c991 -2 1103 -1 1117 14 14 14 16 88 16 678 l0 662
-27 26 c-29 27 -185 128 -197 128 -17 0 10 -23 94 -80 49 -34 94 -67 100 -75
9 -11 -12 -29 -109 -94 -66 -45 -125 -81 -131 -81 -6 0 -10 142 -9 421 0 306
-3 425 -12 435 -18 22 -1651 21 -1669 -1z m1658 -451 l2 -432 -92 -63 c-214
-146 -565 -394 -595 -419 -36 -32 -116 -53 -165 -43 -50 9 -77 25 -164 98 -43
37 -206 152 -361 256 l-283 189 0 148 c0 81 3 272 7 425 l6 277 821 -2 821 -3
3 -431z m-1483 -559 c347 -233 360 -242 430 -304 85 -75 147 -111 202 -118 78
-9 143 12 211 67 56 44 199 145 712 498 l205 141 3 -625 c1 -419 -1 -631 -8
-645 -11 -19 -31 -19 -1100 -19 l-1090 0 0 651 0 650 63 -44 c34 -24 201 -138
372 -252z""/>
<path d=""M492 1758 c6 -17 1236 -19 1241 -3 1 7 -212 11 -621 13 -498 2 -623
0 -620 -10z""/>
<path d=""M563 1523 c-40 -2 -73 -8 -73 -13 0 -6 180 -10 475 -10 287 0 475 4
475 9 0 5 -8 12 -17 14 -21 5 -755 5 -860 0z""/>
<path d=""M497 1273 c-4 -3 -7 -10 -7 -15 0 -4 280 -7 623 -6 406 2 622 6 622
13 0 11 -1227 20 -1238 8z""/>
<path d=""M1397 1054 l-25 -36 -16 31 c-9 17 -20 31 -24 31 -5 0 -24 -12 -43
-26 -19 -14 -47 -32 -63 -39 -16 -7 -24 -15 -18 -19 5 -3 35 7 66 24 61 31 57
32 72 -17 7 -24 33 -13 59 24 16 24 25 31 25 20 0 -20 20 -23 38 -5 9 9 16 7
31 -6 17 -15 28 -16 91 -7 68 9 89 16 79 25 -2 2 -35 -1 -73 -6 -63 -8 -70 -8
-91 12 -19 18 -27 20 -44 11 -17 -10 -21 -9 -21 4 0 25 -15 17 -43 -21z""/>
<path d=""M778 607 c-24 -18 -106 -82 -183 -142 -236 -184 -487 -376 -506 -388
-22 -14 -25 -27 -6 -27 19 0 713 534 747 575 22 26 -6 17 -52 -18z""/>
<path d=""M1430 606 c23 -22 301 -242 570 -451 105 -82 148 -110 156 -103 2 3
-6 14 -19 25 -22 20 -600 475 -668 526 -45 34 -73 36 -39 3z""/>
</g>
</svg>
"
1_2,enclose,둘러싸다 / 동봉하다 / 포함하다,I enclose the document in the letter.,편지에 서류를 동봉했습니다.,ɪnˈkloʊz,ɪnˈkləʊz,"'Enclose' means to include something inside a letter or package, or to surround something with a barrier. Enclose shows including inside or surrounding. People notice something included with a document or a surrounded area. It is a verb. For example, 'Please find the document enclosed with this letter' means included inside the envelope along with the letter.",01992798-fed9-70df-f83a-3a77a5d43899,둘러싸다. 동봉하다. 포함하다.,"<?xml version=""1.0"" standalone=""no""?>
<!DOCTYPE svg PUBLIC ""-//W3C//DTD SVG 20010904//EN""
 ""http://www.w3.org/TR/2001/REC-SVG-20010904/DTD/svg10.dtd"">
<svg version=""1.0"" xmlns=""http://www.w3.org/2000/svg""
 width=""828.000000pt"" height=""483.000000pt"" viewBox=""0 0 828.000000 483.000000""
 preserveAspectRatio=""xMidYMid meet"">
<metadata>
Created by potrace 1.16, written by Peter Selinger 2001-2019
</metadata>
<g transform=""translate(0.000000,483.000000) scale(0.100000,-0.100000)""
fill=""#000000"" stroke=""none"">
<path d=""M4085 4815 c-68 -15 -111 -31 -575 -217 -346 -140 -422 -175 -722
-335 -209 -111 -231 -127 -538 -382 -352 -293 -458 -389 -577 -522 -129 -144
-153 -184 -153 -256 0 -61 27 -101 94 -136 53 -28 168 -30 244 -4 94 32 419
194 509 254 166 111 618 426 639 444 24 22 34 24 34 5 0 -34 140 -126 193
-126 9 0 17 -4 17 -10 0 -5 -9 -10 -20 -10 -38 0 -194 -88 -410 -230 -246
-162 -453 -270 -580 -301 -86 -22 -122 -21 -243 7 -42 10 -35 -20 11 -42 55
-28 195 -25 285 5 61 21 73 22 119 11 102 -25 210 11 480 161 81 46 130 66
193 79 101 23 182 54 335 130 236 118 359 147 557 130 171 -14 190 -17 321
-51 184 -48 313 -111 588 -285 301 -191 552 -297 854 -360 64 -14 131 -18 275
-18 207 0 287 10 498 66 97 25 117 34 117 49 0 25 -13 24 -117 -7 -335 -97
-662 -94 -983 8 -232 74 -386 151 -690 343 -298 189 -493 270 -731 306 -41 6
-231 14 -424 19 -383 9 -452 18 -557 71 -66 34 -85 58 -94 120 -24 177 122
266 505 304 291 29 500 18 822 -41 261 -47 368 -57 554 -51 154 5 254 22 278
46 21 21 -1 22 -114 5 -88 -13 -153 -15 -289 -11 -173 6 -265 18 -565 73 -137
26 -171 28 -395 28 -467 1 -709 -62 -800 -209 -22 -36 -30 -101 -17 -150 7
-30 6 -31 -90 -90 -54 -32 -158 -100 -231 -149 -73 -50 -188 -128 -255 -174
-290 -198 -445 -231 -524 -113 -47 69 -34 96 131 267 183 192 502 469 734 636
45 33 82 64 82 69 0 16 -50 -17 -203 -132 -397 -298 -785 -667 -803 -765 -8
-42 24 -114 62 -141 35 -24 88 -43 122 -43 38 0 19 -12 -98 -60 -156 -64 -267
-65 -338 -5 -43 36 -57 77 -44 123 20 65 235 296 442 473 217 187 567 474 612
503 29 18 96 55 148 81 52 26 126 65 163 87 100 58 312 154 593 267 137 55
300 120 361 146 295 121 432 118 799 -16 260 -95 796 -330 1224 -537 517 -250
649 -310 880 -402 513 -203 949 -275 1360 -225 152 19 190 40 50 28 -144 -12
-484 -9 -580 5 -259 39 -475 95 -735 192 -217 81 -379 155 -820 370 -350 171
-628 300 -840 390 -387 165 -733 290 -855 309 -86 14 -201 12 -275 -4z m-673
-1305 c46 -6 155 -11 243 -11 142 -2 151 -3 80 -9 -99 -10 -155 -29 -354 -124
-169 -80 -205 -94 -331 -126 -46 -11 -107 -34 -134 -50 -109 -65 -332 -170
-383 -181 -30 -6 -66 -8 -81 -4 -24 6 -18 11 63 54 132 70 180 100 358 222
141 97 198 133 357 227 24 14 45 19 67 16 18 -3 70 -9 115 -14z""/>
<path d=""M3724 3820 c0 -80 2 -112 3 -72 2 39 2 105 0 145 -1 39 -3 7 -3 -73z""/>
<path d=""M3980 3131 c-172 -37 -321 -122 -453 -260 -88 -93 -129 -150 -172
-244 -138 -302 -74 -650 168 -913 212 -230 542 -331 863 -265 182 38 288 96
430 236 91 90 106 111 152 205 70 144 86 214 86 380 0 148 -12 208 -65 335
-46 111 -101 190 -203 290 -97 96 -158 136 -283 190 -146 63 -354 81 -523 46z
m334 -26 c319 -56 588 -298 678 -612 33 -113 33 -323 0 -441 -64 -236 -232
-424 -467 -521 -122 -51 -195 -65 -345 -64 -118 0 -146 3 -225 27 -292 88
-505 295 -600 581 -39 116 -46 278 -16 395 26 108 85 225 159 318 203 254 504
371 816 317z""/>
<path d=""M6940 2477 c-52 -19 -118 -67 -170 -123 -48 -52 -160 -196 -160 -207
0 -19 36 15 95 89 153 193 263 249 382 195 86 -40 84 -73 -20 -291 -195 -408
-322 -589 -687 -978 l-157 -167 -179 -106 c-188 -112 -244 -143 -244 -135 0 3
14 13 30 21 136 71 653 595 945 960 103 129 124 171 125 243 0 64 -18 102 -66
138 -46 35 -133 44 -194 20 -76 -30 -324 -194 -545 -359 -38 -29 -38 -28 11
24 28 30 108 122 176 204 196 236 255 287 441 381 90 46 113 72 55 60 -57 -11
-169 -72 -266 -146 -61 -45 -103 -70 -120 -70 -61 0 -216 -62 -306 -122 -111
-74 -217 -171 -363 -336 -192 -215 -336 -336 -501 -417 -37 -18 -86 -36 -110
-40 -70 -11 -46 -30 34 -27 84 3 155 16 254 47 216 67 363 154 785 460 385
280 437 310 537 310 64 0 69 -2 104 -36 74 -75 54 -154 -83 -324 -248 -308
-771 -835 -933 -940 -65 -43 -336 -182 -485 -250 -101 -46 -257 -108 -455
-181 -176 -64 -302 -117 -475 -199 -248 -117 -412 -156 -563 -135 -222 30
-580 168 -1407 540 -630 283 -852 366 -1147 425 -285 57 -565 52 -857 -16
-111 -25 -251 -71 -251 -81 0 -12 5 -11 151 26 192 48 355 69 549 69 204 1
322 -14 515 -63 289 -74 439 -134 1295 -520 245 -110 636 -264 905 -357 284
-97 455 -87 750 45 295 131 440 192 638 267 122 46 267 101 322 122 55 22 140
54 190 72 166 62 379 166 555 271 138 83 194 123 264 190 193 185 478 525 595
712 73 115 266 501 283 562 27 100 -34 174 -149 182 -34 3 -72 -1 -93 -9z
m-560 -292 c0 -10 -224 -291 -274 -344 -218 -229 -460 -389 -720 -475 -127
-42 -147 -45 -89 -12 165 95 291 206 488 431 128 146 196 209 309 286 95 64
286 140 286 114z""/>
<path d=""M1300 2244 c-292 -29 -708 -108 -1055 -201 -93 -25 -187 -50 -207
-55 -21 -6 -38 -14 -38 -19 0 -13 14 -11 114 16 201 54 558 130 805 170 321
53 489 68 766 68 333 1 476 -18 715 -95 283 -91 573 -264 840 -503 114 -101
278 -217 387 -273 258 -132 420 -156 843 -127 369 25 533 14 655 -45 90 -43
126 -133 91 -225 -44 -115 -195 -180 -539 -234 -456 -72 -649 -65 -972 35
-359 112 -471 134 -666 134 -236 0 -256 -25 -26 -33 191 -6 336 -31 527 -88
392 -119 456 -131 670 -131 197 0 443 33 689 92 134 33 232 74 285 121 81 70
100 211 39 286 -39 50 -104 89 -178 108 -95 25 -317 34 -510 21 -93 -6 -253
-11 -355 -10 -166 1 -195 4 -283 27 -187 50 -381 158 -567 317 -180 153 -295
244 -393 308 -261 169 -509 269 -807 323 -153 28 -610 35 -830 13z""/>
<path d=""M5675 1841 c-102 -34 -172 -77 -311 -189 -175 -141 -243 -188 -360
-244 -85 -42 -103 -54 -83 -56 34 -4 146 39 222 85 34 20 133 95 222 166 157
126 170 134 393 240 24 11 30 27 10 27 -7 -1 -49 -13 -93 -29z""/>
<path d=""M4470 920 c0 -88 4 -160 9 -160 12 0 18 95 13 218 -7 160 -22 120
-22 -58z""/>
</g>
</svg>
"
1_3,notify,알리다 / 통지하다,Please notify me if the schedule changes.,일정이 변경되면 알려주세요.,ˈnoʊtəˌfaɪ,ˈnəʊtɪfaɪ,"'Notify' means to officially inform someone about something. Notify shows official informing. People notice being told something important in a formal way. It is a verb. For example, 'Please notify us if your address changes' means officially inform us of the change so we have the correct information.",01992797-e3cf-70d6-1f1c-2f96632dba1c,알리다. 통지하다.,"<?xml version=""1.0"" standalone=""no""?>
<!DOCTYPE svg PUBLIC ""-//W3C//DTD SVG 20010904//EN""
 ""http://www.w3.org/TR/2001/REC-SVG-20010904/DTD/svg10.dtd"">
<svg version=""1.0"" xmlns=""http://www.w3.org/2000/svg""
 width=""210.000000pt"" height=""237.000000pt"" viewBox=""0 0 210.000000 237.000000""
 preserveAspectRatio=""xMidYMid meet"">
<metadata>
Created by potrace 1.16, written by Peter Selinger 2001-2019
</metadata>
<g transform=""translate(0.000000,237.000000) scale(0.100000,-0.100000)""
fill=""#000000"" stroke=""none"">
<path d=""M1018 2356 c-57 -15 -91 -37 -120 -76 l-22 -30 -327 0 c-193 0 -348
-4 -377 -11 -56 -11 -122 -62 -150 -113 -16 -29 -17 -98 -13 -1001 2 -747 6
-977 16 -1000 17 -41 62 -84 110 -106 37 -17 74 -19 465 -19 269 0 439 4 463
11 48 13 115 73 135 119 13 30 15 121 13 621 l-2 586 27 22 c26 20 35 21 363
21 303 0 340 2 376 19 51 23 101 79 114 128 14 50 14 645 1 695 -14 49 -52 93
-104 121 -40 22 -48 22 -481 24 -332 2 -451 -1 -487 -11z m947 -35 c46 -21 79
-54 94 -94 7 -18 11 -148 11 -354 0 -311 -1 -329 -21 -370 -15 -30 -35 -52
-67 -71 l-47 -27 -351 -5 -351 -5 -68 -60 c-148 -132 -155 -133 -136 -10 7 42
11 78 9 79 -1 2 -24 13 -51 25 -33 16 -55 35 -72 65 l-25 42 0 337 c-1 362 -1
365 53 415 53 49 71 51 542 51 407 1 443 -1 480 -18z m-1099 -117 c-3 -9 -6
-58 -6 -110 l0 -94 -288 0 c-159 0 -330 -3 -381 -7 l-91 -6 2 -856 3 -856 485
-3 c267 -1 495 0 508 3 l22 5 0 487 -1 486 27 29 c15 15 32 28 36 28 5 0 7
-260 6 -578 l-3 -578 -28 -42 c-15 -23 -46 -52 -70 -64 -42 -23 -44 -23 -484
-23 l-441 0 -43 30 c-23 17 -52 48 -63 70 -21 40 -21 46 -21 1006 l0 965 27
41 c15 23 44 49 70 62 41 20 55 21 392 21 313 0 348 -2 342 -16z m-6 -454 c4
-188 8 -230 22 -256 20 -36 95 -104 115 -104 10 0 12 -18 7 -85 -6 -76 -5 -85
11 -91 10 -4 31 -2 46 3 26 10 29 9 29 -10 0 -12 3 -220 7 -463 l6 -441 -198
-6 c-109 -4 -329 -7 -489 -7 l-291 0 -4 840 -4 840 204 3 c112 1 278 3 369 2
l165 0 5 -225z""/>
<path d=""M1426 2193 c-7 -7 2 -380 10 -421 4 -21 9 -23 52 -20 l47 3 7 133 c3
73 9 167 11 208 3 41 3 82 0 90 -4 10 -22 14 -62 14 -32 0 -61 -3 -65 -7z m98
-200 c-8 -233 -6 -217 -37 -221 -24 -3 -25 -1 -31 60 -9 110 -15 335 -9 342 4
3 24 6 45 6 l40 0 -8 -187z""/>
<path d=""M1455 1678 c-27 -15 -35 -28 -35 -59 0 -30 38 -69 67 -69 55 0 87 69
53 113 -23 29 -52 34 -85 15z m56 -18 c37 -20 18 -80 -26 -80 -46 0 -60 48
-23 74 27 19 24 19 49 6z""/>
<path d=""M473 2124 c-37 -16 0 -24 108 -24 92 0 120 3 117 13 -3 8 -36 13
-109 14 -57 1 -110 -1 -116 -3z""/>
<path d=""M523 158 c4 -13 13 -14 127 -10 100 3 69 22 -36 22 -72 0 -95 -3 -91
-12z""/>
</g>
</svg>
"
1_4,upcoming,다가오는 / 곧 있을,I’m excited about the upcoming concert.,나는 다가오는 콘서트가 기대된다.,ˈʌpkʌmɪŋ,ˈʌpkʌmɪŋ,"'Upcoming' means about to happen or arrive soon. Upcoming shows near future event. People notice something that has not happened yet but will soon. It is an adjective. For example, 'She is preparing for the upcoming exam' means the one that will take place soon.",0199279c-61e9-707a-aced-9d4daa6c205a,다가오는. 곧 있을.,"<?xml version=""1.0"" standalone=""no""?>
<!DOCTYPE svg PUBLIC ""-//W3C//DTD SVG 20010904//EN""
 ""http://www.w3.org/TR/2001/REC-SVG-20010904/DTD/svg10.dtd"">
<svg version=""1.0"" xmlns=""http://www.w3.org/2000/svg""
 width=""720.000000pt"" height=""673.000000pt"" viewBox=""0 0 720.000000 673.000000""
 preserveAspectRatio=""xMidYMid meet"">
<metadata>
Created by potrace 1.16, written by Peter Selinger 2001-2019
</metadata>
<g transform=""translate(0.000000,673.000000) scale(0.100000,-0.100000)""
fill=""#000000"" stroke=""none"">
<path d=""M1384 6720 c-35 -14 -82 -77 -99 -132 -9 -29 -19 -99 -22 -155 l-6
-102 -436 -3 c-412 -4 -439 -5 -498 -25 -79 -26 -150 -71 -202 -128 -50 -54
-77 -106 -98 -192 -16 -63 -17 -254 -18 -2798 0 -2592 1 -2733 18 -2795 27
-98 55 -148 118 -211 72 -72 175 -123 307 -152 l97 -22 3050 0 c2878 0 3055 1
3137 18 116 23 209 60 278 108 63 44 85 70 124 147 60 118 59 113 63 767 6
1096 -14 4875 -26 4930 -38 168 -172 296 -358 342 -58 14 -128 16 -475 15
l-406 -1 -7 87 c-11 159 -38 237 -95 286 -62 52 -175 28 -220 -46 -28 -47 -50
-155 -50 -247 l0 -81 -895 0 -895 0 0 63 c0 150 -42 278 -104 316 -20 13 -50
21 -75 21 -116 0 -177 -100 -183 -300 l-3 -95 -890 0 -890 0 -6 105 c-10 152
-45 242 -109 275 -31 16 -93 19 -126 5z m108 -50 c67 -52 92 -199 86 -505 -4
-211 -12 -249 -56 -288 -11 -10 -38 -21 -59 -24 -46 -6 -96 24 -127 77 -20 33
-21 50 -21 325 0 268 2 294 20 340 22 53 70 95 110 95 12 0 34 -9 47 -20z
m2138 4 c35 -21 56 -57 75 -130 18 -70 22 -535 4 -596 -32 -117 -159 -131
-220 -25 -24 42 -24 43 -24 342 0 291 1 301 22 342 26 47 67 83 95 83 11 0 32
-7 48 -16z m2168 -9 c65 -55 86 -180 80 -488 -4 -231 -11 -264 -63 -305 -56
-44 -141 -14 -180 63 -19 37 -20 60 -20 325 0 279 0 286 24 338 41 91 101 116
159 67z m-2387 -545 c6 -175 13 -206 57 -253 88 -94 220 -79 274 31 21 43 23
63 26 220 l4 172 892 0 893 0 7 -167 c7 -188 20 -233 77 -275 80 -60 165 -57
226 8 44 47 52 83 59 272 l7 164 416 -5 c444 -4 460 -6 568 -58 73 -35 155
-123 183 -194 29 -77 39 -224 39 -607 l1 -288 -3547 0 -3546 0 7 386 c4 213
12 412 18 443 27 149 150 265 316 300 34 7 202 11 461 11 l408 0 5 -157 c4
-131 8 -166 25 -204 24 -54 71 -93 132 -109 84 -22 165 32 190 125 5 22 11
108 12 190 1 83 3 152 4 155 2 3 403 5 892 5 l888 0 6 -165z m3723 -1028 c2
-4 8 -1029 11 -2277 7 -2079 6 -2278 -9 -2363 -29 -166 -92 -258 -218 -320
-85 -41 -172 -61 -327 -72 -181 -13 -5879 -13 -6012 0 -194 20 -297 59 -393
149 -61 59 -89 103 -115 186 -14 45 -16 293 -18 2365 -2 1273 -1 2320 1 2327
4 11 684 13 3540 13 1944 0 3537 -3 3540 -8z""/>
<path d=""M1201 5913 c-17 -34 6 -107 51 -158 58 -66 107 -89 193 -89 92 -1
154 29 204 99 31 42 36 57 36 104 0 43 -4 56 -15 56 -9 0 -17 -16 -22 -45 -33
-194 -299 -233 -389 -58 -10 21 -19 48 -19 61 0 35 -25 54 -39 30z""/>
<path d=""M3343 5915 c-10 -29 5 -96 31 -136 101 -152 335 -156 433 -7 22 32
28 53 28 97 0 43 -3 56 -15 56 -10 0 -17 -14 -21 -40 -14 -106 -97 -175 -206
-175 -93 1 -180 66 -204 152 -6 24 -13 49 -15 56 -5 17 -23 15 -31 -3z""/>
<path d=""M5493 5915 c-9 -26 5 -84 32 -131 91 -155 333 -163 431 -14 31 46 45
106 32 139 -12 35 -32 19 -38 -30 -12 -99 -82 -161 -190 -167 -53 -3 -75 0
-107 16 -53 28 -99 82 -114 134 -6 24 -13 49 -15 56 -5 17 -23 15 -31 -3z""/>
<path d=""M460 4345 l0 -465 560 0 560 0 0 465 0 465 -560 0 -560 0 0 -465z
m1088 3 l-3 -433 -527 -3 -528 -2 0 435 0 435 530 0 530 0 -2 -432z""/>
<path d=""M1735 4798 c-3 -7 -4 -215 -3 -463 l3 -450 558 -3 557 -2 0 465 0
465 -555 0 c-435 0 -557 -3 -560 -12z m1080 -453 l0 -430 -522 -3 -523 -2 0
435 0 435 523 -2 522 -3 0 -430z""/>
<path d=""M3020 4345 l0 -465 548 2 547 3 3 463 2 462 -550 0 -550 0 0 -465z
m1063 0 l-2 -430 -513 0 -513 0 -3 433 -2 432 517 -2 518 -3 -2 -430z""/>
<path d=""M4270 4345 l0 -465 555 0 555 0 0 465 0 465 -555 0 -555 0 0 -465z
m1078 3 l-3 -433 -517 -3 -518 -2 0 435 0 435 520 0 520 0 -2 -432z""/>
<path d=""M5549 4633 c0 -98 -1 -306 -1 -463 l-1 -285 559 0 559 0 3 463 2 462
-560 0 -560 0 -1 -177z m1081 -288 l0 -435 -525 0 -525 0 0 435 0 435 525 0
525 0 0 -435z""/>
<path d=""M2232 3769 c-164 -34 -277 -86 -407 -184 -242 -185 -321 -474 -197
-725 16 -32 58 -87 102 -131 127 -127 261 -181 490 -195 302 -19 560 93 704
303 113 167 126 365 35 546 -91 181 -329 317 -554 317 -385 0 -665 -234 -665
-556 0 -139 52 -279 139 -376 72 -81 230 -174 247 -147 3 6 4 11 3 12 -2 2
-33 16 -69 32 -46 21 -86 51 -135 100 -208 208 -221 520 -30 710 78 79 178
131 298 156 116 24 198 24 313 0 110 -23 193 -61 252 -115 96 -88 132 -172
132 -306 0 -321 -244 -570 -599 -610 -363 -41 -642 181 -642 510 0 288 220
519 586 616 54 14 106 19 230 19 141 0 168 -3 227 -23 36 -13 87 -37 112 -54
49 -32 71 -32 42 1 -29 32 -131 80 -212 101 -103 27 -274 26 -402 -1z m713
-470 c30 -95 33 -207 9 -290 -41 -140 -153 -270 -301 -347 -100 -52 -119 -55
-34 -4 78 46 196 168 238 248 69 128 95 323 60 436 -8 27 -11 46 -6 43 4 -3
20 -42 34 -86z""/>
<path d=""M460 3150 l0 -520 551 0 551 0 -4 130 c-2 86 -7 133 -15 142 -10 10
-13 -13 -13 -115 l0 -127 -520 0 -520 0 0 490 0 490 525 0 525 0 1 -142 c1
-133 2 -140 14 -103 8 23 14 89 14 158 l1 117 -555 0 -555 0 0 -520z""/>
<path d=""M3032 3510 c2 -110 7 -163 16 -172 9 -10 12 19 12 145 l0 157 505 0
505 0 -2 -487 -3 -488 -502 -3 -503 -2 0 117 c-1 106 -2 116 -15 99 -11 -15
-15 -49 -15 -133 l0 -113 535 0 535 0 0 520 0 520 -536 0 -535 0 3 -160z""/>
<path d=""M5640 3655 c0 -13 62 -15 495 -15 l495 0 0 -490 0 -490 -510 0 c-447
0 -510 -2 -510 -15 0 -13 65 -15 525 -15 l525 0 0 520 0 520 -510 0 c-447 0
-510 -2 -510 -15z""/>
<path d=""M4297 3567 c-10 -27 3 -961 14 -972 9 -9 194 -11 622 -7 120 2 147 5
147 16 0 8 -9 18 -21 21 -12 4 -179 5 -373 3 l-351 -3 -3 458 -2 457 382 -2
383 -3 0 -75 0 -75 55 -5 55 -5 -4 -232 c-3 -167 -1 -233 7 -233 20 0 25 50
26 279 l1 226 -52 3 -53 3 0 73 c0 58 -3 75 -16 80 -9 3 -195 6 -414 6 -324 0
-399 -2 -403 -13z""/>
<path d=""M5623 3509 c-31 -24 -69 -81 -164 -247 -68 -118 -131 -231 -140 -251
-9 -20 -42 -79 -73 -131 -64 -108 -72 -131 -81 -252 -7 -83 -6 -88 13 -88 22
0 158 86 183 116 19 22 159 258 214 359 21 39 52 95 70 125 18 30 49 86 70
124 33 61 39 67 53 53 14 -14 7 -31 -67 -168 -53 -98 -79 -155 -72 -162 5 -5
14 -7 19 -3 23 14 172 295 172 324 0 7 -11 24 -25 38 -23 23 -24 28 -14 70 28
110 -65 164 -158 93z m105 -15 c22 -15 27 -38 16 -68 -8 -22 -17 -20 -61 10
-44 30 -47 44 -13 61 32 16 31 16 58 -3z m-45 -102 c20 -14 37 -29 37 -35 0
-5 -38 -76 -84 -156 -46 -80 -95 -170 -110 -198 -14 -29 -29 -53 -32 -53 -11
0 -113 61 -119 71 -4 5 47 101 111 213 131 228 112 214 197 158z m-267 -443
c30 -17 54 -33 54 -36 0 -2 -30 -54 -66 -114 l-66 -109 -37 21 c-81 49 -81 44
-15 163 32 58 63 106 68 106 5 0 33 -14 62 -31z m-143 -260 l37 -27 -51 -37
c-28 -20 -53 -35 -55 -33 -2 3 -1 34 3 71 4 45 9 64 17 60 6 -4 28 -19 49 -34z""/>
<path d=""M4581 3355 c-34 -32 -63 -56 -65 -54 -2 2 -11 19 -20 37 -17 33 -30
40 -41 22 -6 -9 39 -95 55 -105 4 -2 40 27 81 65 55 53 71 72 62 81 -9 9 -27
-3 -72 -46z""/>
<path d=""M4690 3341 c0 -10 216 -24 305 -19 33 2 60 8 60 13 0 6 -69 11 -182
13 -107 1 -183 -1 -183 -7z""/>
<path d=""M4690 3251 c0 -11 198 -24 289 -19 40 2 66 8 69 16 3 9 -37 12 -177
12 -101 0 -181 -4 -181 -9z""/>
<path d=""M4574 3058 c-44 -42 -57 -49 -64 -38 -24 41 -39 55 -50 44 -13 -12
34 -104 54 -104 16 0 148 135 140 143 -14 13 -26 7 -80 -45z""/>
<path d=""M4698 3055 c-4 -4 -5 -12 -2 -16 8 -13 354 -11 354 1 0 6 -29 10 -68
10 -38 0 -116 3 -173 6 -57 4 -107 3 -111 -1z""/>
<path d=""M4695 2950 c4 -6 73 -10 176 -10 106 0 169 4 169 10 0 6 -65 10 -176
10 -114 0 -173 -3 -169 -10z""/>
<path d=""M4480 2805 c0 -13 38 -15 285 -15 247 0 285 2 285 15 0 13 -38 15
-285 15 -247 0 -285 -2 -285 -15z""/>
<path d=""M460 1945 l0 -465 560 0 560 0 -2 463 -3 462 -557 3 -558 2 0 -465z
m1088 3 l2 -427 -32 -6 c-18 -3 -256 -4 -528 -3 l-495 3 -3 420 c-1 231 0 426
3 433 3 10 114 12 527 10 l523 -3 3 -427z""/>
<path d=""M1734 2397 c-3 -8 -3 -216 -2 -463 l3 -449 558 -3 557 -2 0 465 0
465 -555 0 c-453 0 -557 -2 -561 -13z m1079 -79 c4 -35 5 -229 4 -433 l-2
-370 -522 -3 -523 -2 0 435 0 435 519 0 519 0 5 -62z""/>
<path d=""M3015 2398 c-3 -7 -4 -215 -3 -463 l3 -450 553 -3 552 -2 -2 462 -3
463 -548 3 c-433 2 -549 0 -552 -10z m1066 -453 l4 -430 -517 -3 -518 -2 0
435 0 435 514 -2 514 -3 3 -430z""/>
<path d=""M4277 2403 c-9 -8 -9 -608 0 -786 l6 -137 549 0 548 0 0 465 0 465
-548 0 c-302 0 -552 -3 -555 -7z m1073 -452 l0 -428 -37 -7 c-21 -3 -255 -6
-520 -6 l-483 0 0 435 0 435 520 0 520 0 0 -429z""/>
<path d=""M5550 2408 c0 -2 -2 -208 -3 -458 l-2 -455 560 0 560 0 3 458 2 457
-560 0 c-308 0 -560 -1 -560 -2z m1080 -458 l0 -430 -525 0 -525 0 0 430 0
430 525 0 525 0 0 -430z""/>
<path d=""M466 1293 c-3 -4 -6 -208 -6 -455 l0 -448 559 0 c308 0 562 3 564 8
3 4 2 207 -2 452 l-6 445 -552 2 c-303 1 -554 -1 -557 -4z m1084 -453 l0 -420
-530 0 -530 0 0 420 0 420 530 0 530 0 0 -420z""/>
<path d=""M1745 1291 c-6 -6 -9 -181 -7 -455 l2 -446 553 -2 c303 -2 556 0 561
4 5 4 5 198 0 455 l-9 448 -545 3 c-338 1 -549 -1 -555 -7z m1075 -239 c0
-115 3 -304 7 -420 l6 -212 -531 0 -532 0 0 420 0 420 525 0 525 0 0 -208z""/>
<path d=""M3017 1293 c-9 -8 -9 -303 0 -640 l6 -263 555 0 555 0 -6 308 c-4
169 -7 373 -7 455 l0 147 -548 0 c-302 0 -552 -3 -555 -7z m1073 -250 c0 -120
3 -309 7 -421 l6 -202 -526 0 -527 0 0 420 0 420 520 0 520 0 0 -217z""/>
</g>
</svg>
"
1_5,accordingly,그에 따라 / 따라서,We changed our plan accordingly.,우리는 그에 따라 계획을 변경했다.,əˈkɔːrdɪŋli,əˈkɔːdɪŋli,"'Accordingly' means in a way that is appropriate to the situation, or as a result. Accordingly shows appropriate action or logical consequence. People notice a response that fits the situation. It is an adverb. For example, 'The rules have changed, so please act accordingly' means change your behavior to match the new rules.",019927a0-8f87-7095-d670-af1c7e212d80,그에 따라. 따라서.,"<?xml version=""1.0"" standalone=""no""?>
<!DOCTYPE svg PUBLIC ""-//W3C//DTD SVG 20010904//EN""
 ""http://www.w3.org/TR/2001/REC-SVG-20010904/DTD/svg10.dtd"">
<svg version=""1.0"" xmlns=""http://www.w3.org/2000/svg""
 width=""173.000000pt"" height=""194.000000pt"" viewBox=""0 0 173.000000 194.000000""
 preserveAspectRatio=""xMidYMid meet"">
<metadata>
Created by potrace 1.16, written by Peter Selinger 2001-2019
</metadata>
<g transform=""translate(0.000000,194.000000) scale(0.100000,-0.100000)""
fill=""#000000"" stroke=""none"">
<path d=""M51 1924 c-52 -37 -51 -17 -51 -954 0 -954 -2 -923 59 -955 27 -14
116 -15 821 -13 l790 3 27 28 28 27 0 911 0 911 -33 29 -32 29 -793 0 c-717 0
-795 -2 -816 -16z m1593 -60 c14 -14 16 -109 16 -893 0 -669 -3 -880 -12 -889
-9 -9 -197 -12 -785 -12 -753 0 -773 0 -783 19 -7 13 -10 308 -10 887 0 793 1
869 17 886 15 17 53 18 779 18 680 0 764 -2 778 -16z""/>
<path d=""M528 1428 c-41 -40 -87 -84 -102 -97 l-26 -25 -54 53 c-55 54 -87 64
-94 27 -5 -26 124 -156 155 -156 15 0 58 35 128 102 119 114 132 132 114 154
-21 26 -44 15 -121 -58z""/>
<path d=""M802 1408 c-17 -17 -15 -36 6 -47 24 -12 563 -4 576 9 7 7 7 16 0 28
-10 15 -39 17 -290 20 -209 2 -283 -1 -292 -10z""/>
<path d=""M322 928 c-17 -17 -15 -36 6 -46 9 -4 58 -7 107 -6 50 2 120 3 156 3
52 1 68 5 73 17 15 38 -10 44 -173 44 -109 0 -161 -4 -169 -12z""/>
<path d=""M800 925 c-20 -24 -4 -43 37 -47 21 -2 153 -1 293 2 l255 5 0 25 0
25 -286 3 c-245 2 -288 0 -299 -13z""/>
<path d=""M320 465 c-7 -8 -10 -22 -6 -30 8 -22 327 -22 346 0 10 12 10 18 0
30 -18 22 -322 22 -340 0z""/>
<path d=""M802 468 c-7 -7 -8 -17 -1 -30 9 -17 28 -18 295 -18 245 0 285 2 290
15 4 8 1 22 -6 30 -10 13 -56 15 -289 15 -196 0 -280 -3 -289 -12z""/>
</g>
</svg>
"
1_6,supervisor,감독관 / 관리자 / 지도교수,The supervisor approved the report.,감독관은 보고서를 승인했다.,ˈsuːpərˌvaɪzər,ˈsuːpəˌvaɪzə,"'Supervisor' refers to a person who watches over and directs the work of others. Supervisor shows person in charge of others. People notice someone managing a team or workers. It is a noun. For example, 'She reported the problem to her supervisor' means the person responsible for overseeing her work.",019927a0-48d2-7043-118e-953f7db40d26,감독관. 관리자. 지도교수.,"<?xml version=""1.0"" standalone=""no""?>
<!DOCTYPE svg PUBLIC ""-//W3C//DTD SVG 20010904//EN""
 ""http://www.w3.org/TR/2001/REC-SVG-20010904/DTD/svg10.dtd"">
<svg version=""1.0"" xmlns=""http://www.w3.org/2000/svg""
 width=""300.000000pt"" height=""263.000000pt"" viewBox=""0 0 300.000000 263.000000""
 preserveAspectRatio=""xMidYMid meet"">
<metadata>
Created by potrace 1.16, written by Peter Selinger 2001-2019
</metadata>
<g transform=""translate(0.000000,263.000000) scale(0.100000,-0.100000)""
fill=""#000000"" stroke=""none"">
<path d=""M1400 2621 c-90 -29 -165 -94 -202 -176 -19 -40 -23 -67 -23 -140 0
-115 25 -175 101 -244 128 -117 324 -114 435 6 66 72 84 122 84 233 0 110 -18
160 -81 230 -57 62 -123 93 -214 96 -41 2 -86 0 -100 -5z m219 -48 c180 -92
214 -351 65 -499 -133 -133 -374 -84 -461 94 -38 76 -40 191 -5 267 71 154
249 216 401 138z""/>
<path d=""M1124 1891 c-48 -12 -92 -42 -118 -81 -25 -36 -116 -315 -116 -353 1
-21 1 -21 14 3 7 14 32 89 56 167 65 213 95 241 275 251 l100 5 48 -77 c26
-42 47 -87 47 -99 0 -12 -11 -101 -24 -197 -13 -96 -27 -202 -31 -236 l-7 -60
57 -72 c31 -40 62 -72 68 -72 7 1 36 32 65 70 39 51 52 77 52 102 0 18 -14
136 -30 262 l-29 228 51 75 50 76 97 -6 c201 -11 214 -24 295 -287 37 -119 50
-149 61 -138 10 10 -94 319 -121 361 -16 25 -43 47 -72 60 -45 21 -61 22 -402
24 -195 1 -369 -2 -386 -6z m459 -68 c-47 -72 -49 -74 -98 -71 -36 3 -43 8
-77 58 -20 30 -37 58 -37 63 -1 4 55 7 124 7 l125 0 -37 -57z m-53 -102 c0 -6
14 -115 30 -243 17 -128 30 -238 30 -244 0 -14 -87 -134 -97 -134 -5 0 -29 28
-55 63 l-46 63 31 252 32 252 38 0 c20 0 37 -4 37 -9z""/>
<path d=""M603 1420 c-238 -50 -333 -354 -168 -538 67 -74 138 -106 240 -106
73 -1 86 2 145 35 139 76 201 252 145 409 -27 74 -112 161 -180 183 -65 22
-130 28 -182 17z m184 -45 c107 -48 173 -154 173 -279 0 -83 -23 -146 -75
-204 -113 -126 -283 -131 -418 -12 -53 46 -91 140 -91 225 1 143 85 252 225
289 64 17 116 12 186 -19z""/>
<path d=""M2204 1400 c-75 -30 -135 -87 -170 -162 -24 -53 -29 -76 -29 -143 0
-71 4 -89 33 -148 76 -155 256 -221 411 -152 121 55 185 160 186 305 0 62 -5
85 -28 132 -34 69 -92 129 -155 160 -66 32 -178 36 -248 8z m228 -28 c163 -72
228 -262 148 -428 -79 -163 -306 -205 -445 -82 -128 113 -147 299 -44 429 78
99 224 133 341 81z""/>
<path d=""M1840 1060 l0 -190 -380 0 c-332 0 -380 -2 -380 -15 0 -13 47 -15
388 -13 l387 3 3 203 c1 132 -1 202 -8 202 -6 0 -10 -67 -10 -190z""/>
<path d=""M1146 1158 c-9 -36 -7 -73 3 -62 14 14 25 84 13 84 -5 0 -12 -10 -16
-22z""/>
<path d=""M469 689 c-211 -11 -293 -35 -341 -100 -10 -13 -42 -116 -73 -229
-73 -271 -74 -269 102 -325 43 -14 84 -25 91 -25 9 0 12 36 12 145 0 90 -4
145 -10 145 -6 0 -10 -50 -10 -130 0 -97 -3 -130 -12 -130 -30 0 -167 53 -183
70 -10 11 -17 30 -17 42 0 40 93 371 115 412 45 81 107 95 472 103 409 9 536
-11 591 -93 22 -34 124 -364 124 -402 0 -42 -18 -59 -100 -92 -44 -18 -83 -36
-86 -41 -17 -28 -24 3 -24 105 0 63 -4 117 -9 120 -15 10 -17 -15 -11 -139 3
-72 9 -119 15 -118 20 4 200 85 214 96 30 25 31 55 5 154 -38 144 -83 283
-107 326 -26 47 -95 82 -192 96 -98 14 -393 20 -566 10z""/>
<path d=""M2065 683 c-168 -11 -260 -41 -294 -97 -25 -39 -121 -390 -121 -439
0 -19 8 -44 18 -56 21 -26 220 -93 229 -77 4 5 9 70 11 143 4 118 3 133 -12
133 -14 0 -16 -17 -16 -131 0 -121 -1 -131 -17 -124 -10 4 -47 16 -83 27 -75
23 -110 51 -110 87 0 39 95 376 117 412 50 86 130 101 543 101 450 1 499 -14
553 -167 15 -43 44 -138 64 -211 44 -159 41 -168 -59 -203 -34 -13 -74 -30
-86 -38 -13 -8 -26 -12 -29 -9 -3 3 -8 57 -11 121 -3 67 -9 115 -15 115 -9 0
-3 -257 6 -266 2 -2 48 15 102 37 104 42 145 74 145 112 0 32 -23 118 -75 282
-63 199 -93 224 -296 245 -92 9 -442 11 -564 3z""/>
</g>
</svg>
"
1_7,applicant,지원자 / 신청인,Each applicant must submit a résumé.,모든 지원자는 이력서를 제출해야 한다.,ˈæplɪkənt,ˈæplɪkənt,"'Applicant' refers to a person who formally applies for something such as a job or a place at university. Applicant shows person making a formal request. People notice someone seeking something through an official process. It is a noun. For example, 'All applicants must submit their documents by Friday' means everyone formally applying must do so by then.",0199279c-9521-70cf-1e29-72bf66c09197,지원자. 신청인.,"<?xml version=""1.0"" standalone=""no""?>
<!DOCTYPE svg PUBLIC ""-//W3C//DTD SVG 20010904//EN""
 ""http://www.w3.org/TR/2001/REC-SVG-20010904/DTD/svg10.dtd"">
<svg version=""1.0"" xmlns=""http://www.w3.org/2000/svg""
 width=""749.000000pt"" height=""413.000000pt"" viewBox=""0 0 749.000000 413.000000""
 preserveAspectRatio=""xMidYMid meet"">
<metadata>
Created by potrace 1.16, written by Peter Selinger 2001-2019
</metadata>
<g transform=""translate(0.000000,413.000000) scale(0.100000,-0.100000)""
fill=""#000000"" stroke=""none"">
<path d=""M2035 4116 c-264 -44 -459 -163 -590 -361 -62 -94 -94 -167 -126
-290 -22 -81 -24 -111 -24 -305 0 -201 2 -223 29 -335 35 -151 72 -251 134
-370 51 -96 137 -218 191 -269 28 -26 31 -36 31 -87 0 -122 -57 -233 -143
-283 -23 -13 -161 -61 -307 -105 -717 -221 -876 -285 -987 -397 -106 -108
-179 -287 -218 -539 -19 -124 -33 -569 -17 -579 5 -3 17 -4 25 -1 11 5 15 47
20 213 10 304 31 462 84 622 34 102 108 224 165 271 107 90 317 169 979 369
24 7 37 -2 130 -88 220 -202 616 -560 696 -629 72 -63 89 -73 121 -73 44 0 21
-19 422 346 146 132 315 286 377 342 62 56 119 102 127 102 16 0 256 -74 586
-181 102 -33 231 -81 288 -106 101 -45 132 -49 132 -18 0 20 -123 78 -271 130
-55 19 -295 96 -532 171 -457 144 -495 160 -542 232 -31 47 -55 140 -55 212 0
52 3 60 47 111 102 119 175 254 233 428 129 391 96 829 -84 1100 -53 79 -160
185 -236 233 -79 50 -213 104 -304 122 -111 23 -285 28 -381 12z m359 -62
c293 -56 513 -245 609 -523 41 -120 58 -235 58 -396 0 -250 -48 -464 -147
-660 -233 -458 -680 -618 -1070 -384 -75 46 -208 178 -267 267 -113 170 -195
391 -223 606 -19 142 -14 350 10 464 42 196 145 367 282 470 207 155 466 209
748 156z m316 -1974 c0 -46 21 -131 42 -173 46 -92 116 -143 256 -188 40 -13
71 -26 70 -30 -2 -4 -39 -40 -83 -80 -44 -40 -170 -154 -280 -254 -438 -399
-468 -425 -489 -425 -12 1 -59 35 -112 83 -189 171 -631 575 -688 628 l-59 55
99 34 c87 30 106 40 155 89 62 62 97 137 106 229 3 28 7 52 9 52 2 0 35 -20
73 -45 263 -170 580 -163 836 18 28 20 53 36 58 36 4 1 7 -12 7 -29z""/>
<path d=""M4553 3578 c-6 -7 -20 -107 -32 -223 -12 -115 -51 -493 -86 -840 -36
-346 -72 -693 -81 -770 -8 -77 -23 -225 -34 -330 -20 -195 -106 -1001 -114
-1067 -7 -61 4 -67 149 -83 243 -27 589 -64 970 -105 209 -22 605 -65 880 -95
701 -76 641 -71 654 -47 11 22 33 196 81 661 16 155 31 285 34 288 3 3 21 -8
41 -26 38 -33 50 -37 60 -21 11 19 -5 45 -49 78 l-43 32 -114 -26 c-63 -14
-144 -27 -181 -27 -58 -2 -70 1 -92 22 -32 30 -34 70 -3 99 52 49 341 163 418
164 63 2 98 -22 215 -145 111 -117 134 -150 134 -193 0 -91 -147 -273 -364
-451 -39 -32 -45 -63 -12 -63 34 0 270 225 344 328 48 65 69 117 78 186 5 45
15 70 40 103 57 75 55 144 -9 238 l-24 35 24 48 c38 74 24 115 -84 253 l-44
56 35 52 c65 96 71 184 16 259 -48 67 -111 101 -213 116 l-49 7 6 57 c4 31 22
203 41 382 18 179 44 417 55 528 12 112 19 214 16 228 -4 14 -15 25 -29 28
-12 2 -303 34 -647 71 -344 36 -787 84 -985 105 -1038 112 -986 108 -1002 88z
m395 -73 c180 -20 491 -53 692 -75 201 -22 493 -53 650 -70 157 -17 384 -42
505 -55 121 -13 255 -27 299 -31 l78 -7 -6 -51 c-6 -58 -68 -656 -96 -933 -10
-100 -21 -187 -25 -192 -3 -6 -19 -11 -35 -11 -43 0 -254 -56 -315 -83 -66
-31 -90 -69 -82 -134 6 -54 27 -79 91 -108 l49 -22 -86 -42 c-102 -51 -172
-109 -180 -150 -9 -42 8 -90 43 -126 l30 -31 -30 -29 c-53 -50 -52 -119 1
-180 l31 -35 -21 -26 c-39 -50 -18 -133 42 -169 41 -25 141 -26 250 -1 43 10
80 16 83 13 3 -2 -2 -62 -10 -133 -9 -71 -29 -271 -47 -444 -17 -173 -34 -318
-38 -322 -7 -8 -32 -5 -1476 152 -370 40 -902 96 -1012 107 -34 3 -66 8 -71
12 -6 4 -6 33 -1 76 12 91 83 763 115 1070 13 132 37 364 54 515 16 151 57
541 90 865 73 722 68 685 86 685 8 0 161 -16 342 -35z m2288 -1500 c99 -44
138 -139 95 -228 -12 -24 -30 -52 -41 -62 -19 -17 -21 -16 -71 29 -87 78 -157
89 -314 49 -96 -25 -209 -2 -235 46 -15 29 -12 66 8 90 10 11 56 33 109 50 80
25 126 35 263 54 50 8 136 -6 186 -28z m-100 -261 c42 -20 180 -166 235 -247
41 -62 48 -99 24 -131 -14 -19 -17 -17 -68 40 -30 32 -66 74 -82 92 -15 18
-47 44 -72 58 -40 24 -51 26 -121 21 -80 -5 -189 -43 -352 -121 -41 -20 -80
-36 -86 -36 -21 0 -73 50 -76 73 -10 58 29 96 177 169 203 101 329 126 421 82z
m15 -230 c32 -16 141 -135 216 -235 81 -107 91 -166 38 -226 l-24 -28 -105
111 c-136 144 -180 174 -256 174 -70 0 -125 -16 -274 -80 -127 -55 -152 -56
-186 -13 -26 33 -25 73 1 101 37 41 323 174 441 207 57 15 106 12 149 -11z""/>
<path d=""M5116 3265 c-80 -28 -125 -80 -153 -174 -28 -97 -5 -229 54 -309 28
-38 21 -57 -25 -66 -15 -3 -53 -10 -85 -16 -105 -21 -153 -87 -164 -229 l-6
-80 34 -5 c34 -6 280 -32 573 -61 87 -9 162 -13 167 -8 4 4 11 53 15 108 6 92
5 105 -15 144 -20 37 -32 47 -99 77 -130 58 -131 61 -76 120 58 61 95 150 101
244 5 72 3 84 -21 135 -54 108 -185 161 -300 120z m166 -50 c47 -19 95 -75
109 -127 34 -129 -54 -311 -169 -349 -69 -23 -151 20 -192 101 -56 110 -43
279 26 342 54 48 155 63 226 33z m-166 -511 c27 -11 54 -14 90 -10 46 5 53 3
67 -17 8 -12 41 -33 73 -46 133 -54 151 -81 137 -206 -8 -67 -9 -70 -33 -68
-98 9 -630 65 -648 69 -22 4 -23 8 -17 62 9 79 38 137 78 155 18 8 63 20 101
26 46 7 77 17 90 31 11 11 21 20 22 20 1 0 19 -7 40 -16z""/>
<path d=""M5734 2939 c-3 -6 -2 -15 2 -19 5 -5 137 -23 294 -40 442 -48 552
-59 597 -65 45 -5 64 9 42 29 -8 7 -69 18 -139 25 -69 7 -265 28 -437 47 -350
38 -349 38 -359 23z""/>
<path d=""M5705 2681 c-4 -7 -4 -15 -1 -18 13 -13 910 -108 933 -99 33 13 -8
33 -80 39 -39 3 -218 22 -397 42 -179 19 -353 38 -386 41 -43 5 -64 3 -69 -5z""/>
<path d=""M4750 2125 c0 -8 3 -15 8 -15 4 0 90 -9 192 -20 221 -24 210 -24 210
-6 0 16 -10 18 -215 41 -167 19 -195 19 -195 0z""/>
<path d=""M5305 2071 c-12 -21 -51 -15 748 -102 286 -31 391 -39 399 -31 20 20
-26 28 -337 61 -165 17 -403 42 -530 56 -259 28 -272 29 -280 16z""/>
<path d=""M4715 1829 c-6 -19 -37 -330 -33 -334 5 -5 267 -35 306 -35 17 0 32
3 32 8 0 4 7 61 15 127 19 155 19 155 -4 128 -14 -16 -20 -47 -26 -116 -3 -51
-10 -99 -14 -106 -7 -10 -34 -10 -142 3 -73 9 -134 18 -136 19 -3 3 13 168 23
236 l7 43 76 -8 c108 -12 184 -11 188 2 2 8 -35 15 -109 23 -62 7 -128 15
-145 18 -23 3 -34 1 -38 -8z""/>
<path d=""M4935 1704 c-126 -115 -120 -113 -156 -51 -11 19 -18 21 -38 8 -10
-7 -5 -20 25 -59 22 -28 44 -51 49 -51 14 -1 260 227 260 241 0 31 -32 11
-140 -88z""/>
<path d=""M5225 1610 c-12 -19 4 -27 67 -33 35 -3 260 -26 501 -52 241 -26 441
-45 444 -42 3 4 3 12 0 20 -4 10 -31 16 -84 21 -43 4 -163 16 -268 26 -104 11
-275 29 -380 40 -104 11 -209 23 -232 26 -24 3 -44 1 -48 -6z""/>
<path d=""M4659 1318 c-6 -16 -34 -325 -30 -329 8 -9 319 -42 329 -35 5 3 12
39 15 79 4 41 9 101 13 133 6 55 5 58 -10 43 -15 -14 -35 -135 -36 -212 0 -15
-6 -17 -27 -13 -16 3 -79 10 -141 17 l-113 12 3 58 c1 32 0 61 -4 65 -4 3 -1
16 7 28 9 11 15 43 15 73 0 61 -13 58 143 39 86 -10 112 -10 125 0 15 11 12
13 -18 18 -100 16 -268 31 -271 24z""/>
<path d=""M4899 1209 c-57 -51 -109 -100 -116 -108 -10 -14 -16 -11 -46 24 -28
32 -38 38 -48 28 -10 -10 -7 -21 17 -54 50 -72 51 -72 150 18 49 44 107 96
128 115 31 28 37 38 29 52 -9 16 -23 6 -114 -75z""/>
<path d=""M5170 1135 c0 -8 4 -15 10 -15 5 0 108 -11 227 -25 120 -13 331 -36
468 -50 138 -14 262 -28 278 -31 22 -5 27 -2 27 13 0 18 -34 23 -477 71 -263
29 -490 52 -505 52 -18 0 -28 -5 -28 -15z""/>
<path d=""M4590 730 c0 -16 13 -19 200 -39 164 -17 209 -15 185 8 -10 9 -289
41 -352 41 -18 0 -33 -5 -33 -10z""/>
<path d=""M5125 679 c-4 -6 -4 -13 -1 -17 7 -6 325 -43 753 -87 133 -14 245
-25 248 -25 3 0 5 7 5 15 0 18 13 17 -526 75 -531 58 -471 53 -479 39z""/>
</g>
</svg>
"
1_8,eligible,자격이 있는,You are eligible to vote at 18.,18세부터 투표할 수 있습니다.,ˈelɪdʒəbl,ˈelɪdʒəbl,"'Eligible' means meeting the necessary requirements to qualify for something. Eligible shows meeting the conditions required. People notice whether someone is allowed or qualified. It is an adjective. For example, 'You are eligible to apply if you have two years of experience' means you meet the requirements to do so.",0199279a-f6e5-70b5-b25e-c1a90c401ed5,자격이 있는.,"<?xml version=""1.0"" standalone=""no""?>
<!DOCTYPE svg PUBLIC ""-//W3C//DTD SVG 20010904//EN""
 ""http://www.w3.org/TR/2001/REC-SVG-20010904/DTD/svg10.dtd"">
<svg version=""1.0"" xmlns=""http://www.w3.org/2000/svg""
 width=""457.000000pt"" height=""388.000000pt"" viewBox=""0 0 457.000000 388.000000""
 preserveAspectRatio=""xMidYMid meet"">
<metadata>
Created by potrace 1.16, written by Peter Selinger 2001-2019
</metadata>
<g transform=""translate(0.000000,388.000000) scale(0.100000,-0.100000)""
fill=""#000000"" stroke=""none"">
<path d=""M1989 3851 l-29 -29 0 -275 c0 -152 -3 -282 -6 -291 -5 -12 -21 -16
-69 -16 -92 0 -95 -2 -95 -71 l0 -58 -802 -3 c-748 -3 -806 -4 -843 -21 -53
-24 -103 -72 -126 -122 -18 -38 -19 -97 -19 -1423 0 -1341 1 -1384 19 -1420
26 -51 68 -88 120 -107 39 -13 279 -15 2146 -15 1867 0 2107 2 2146 15 52 19
94 56 120 107 18 36 19 79 19 1405 0 912 -4 1380 -10 1405 -16 56 -69 118
-125 147 l-50 26 -797 3 -797 3 -3 62 -3 62 -77 3 -77 3 -3 290 -3 291 -33 29
-32 29 -271 0 -271 0 -29 -29z m567 -35 c18 -14 19 -30 19 -453 l0 -438 -282
-3 -283 -2 0 444 c0 413 1 446 18 455 10 6 114 11 263 11 196 0 249 -3 265
-14z m-596 -779 c-1 -78 -1 -148 0 -154 0 -10 73 -13 329 -13 291 0 330 2 335
16 3 9 6 78 6 155 l0 139 55 0 55 0 0 -208 c0 -148 -3 -211 -12 -220 -9 -9
-120 -12 -440 -12 l-428 0 -10 26 c-6 14 -10 113 -10 219 l0 194 53 3 c28 2
56 1 60 0 4 -2 7 -67 7 -145z m-170 -136 c0 -169 8 -191 78 -211 22 -6 193
-10 435 -10 423 0 452 3 476 48 7 12 11 83 11 171 l0 151 779 0 c561 0 787 -3
812 -12 53 -17 87 -46 112 -91 l22 -42 3 -1345 c2 -740 0 -1359 -3 -1377 -7
-39 -46 -88 -86 -108 -42 -22 -4245 -23 -4287 -1 -35 19 -68 54 -81 89 -8 20
-11 446 -11 1378 0 1196 2 1354 15 1387 21 49 52 81 100 103 38 18 83 19 833
19 l792 0 0 -149z""/>
<path d=""M2215 3706 c-71 -31 -115 -122 -95 -196 40 -150 246 -174 317 -37 20
39 20 115 -1 155 -26 51 -80 85 -139 89 -30 2 -65 -2 -82 -11z m121 -52 c88
-42 84 -162 -6 -209 -36 -19 -54 -19 -94 0 -85 41 -87 174 -3 210 42 19 62 18
103 -1z""/>
<path d=""M1073 2515 c-85 -19 -155 -59 -213 -122 -65 -71 -81 -121 -87 -271
-8 -183 24 -304 117 -447 128 -196 298 -256 440 -155 36 26 47 25 55 -2 4 -13
14 -37 22 -55 14 -30 13 -34 -11 -66 -15 -19 -67 -72 -116 -117 l-90 -82 -86
79 c-48 43 -102 97 -120 121 -32 42 -32 43 -17 82 28 71 -10 100 -41 32 -15
-34 -25 -41 -74 -57 -31 -9 -118 -40 -192 -68 -116 -44 -142 -58 -182 -98 -53
-53 -61 -84 -56 -209 3 -67 5 -75 23 -75 18 0 20 8 25 107 4 87 9 112 26 135
28 38 118 82 272 133 l127 42 143 -141 c79 -78 146 -141 150 -141 10 0 247
230 264 258 l15 22 192 -69 c210 -75 243 -96 262 -165 6 -22 9 -72 7 -111 -3
-64 -1 -70 17 -70 19 0 20 7 20 100 0 175 -21 195 -306 294 -101 36 -192 71
-201 79 -10 8 -20 30 -24 48 -5 27 -11 34 -30 34 -13 0 -24 2 -24 4 0 3 22 34
48 69 56 73 107 188 128 286 7 36 14 116 14 176 0 164 -25 241 -105 320 -53
54 -123 90 -200 104 -74 14 -114 13 -192 -4z m261 -64 c69 -30 142 -103 168
-170 19 -48 22 -75 22 -196 0 -156 -11 -208 -71 -330 -65 -134 -141 -210 -235
-236 -128 -34 -290 116 -369 343 -26 76 -29 95 -29 219 0 91 5 152 15 185 27
92 119 172 229 201 71 18 212 10 270 -16z""/>
<path d=""M2177 2213 c-10 -3 -17 -12 -15 -21 3 -16 72 -17 908 -17 898 0 905
0 905 20 0 20 -7 20 -890 21 -490 1 -898 0 -908 -3z""/>
<path d=""M2170 1831 c0 -10 6 -21 13 -24 6 -2 318 -3 692 -1 374 2 706 4 738
4 50 0 57 2 57 20 0 20 -7 20 -750 20 -729 0 -750 -1 -750 -19z""/>
<path d=""M595 762 c-3 -3 -5 -14 -5 -24 0 -17 56 -18 1621 -18 l1620 0 -3 23
-3 22 -1612 1 c-887 1 -1614 -1 -1618 -4z""/>
<path d=""M593 404 c-3 -7 -2 -18 2 -24 4 -7 443 -10 1411 -10 l1405 0 -3 23
-3 22 -1403 1 c-1148 1 -1405 -1 -1409 -12z""/>
</g>
</svg>
"
1_9,resume,다시 시작하다 / 이력서,Please send your resume by email.,이력서를 이메일로 보내주세요.,rɪˈzuːm,rɪˈzjuːm,"'Resume' means to start again after stopping, or a document listing work experience and skills. Resume shows restarting or employment document. People notice continuing after a break or a job application document. It is a verb or noun. For example, 'She resumed work after her vacation' means started again after stopping.",01992798-0d3b-7006-8898-621f75ed4181,다시 시작하다. 이력서.,"<?xml version=""1.0"" standalone=""no""?>
<!DOCTYPE svg PUBLIC ""-//W3C//DTD SVG 20010904//EN""
 ""http://www.w3.org/TR/2001/REC-SVG-20010904/DTD/svg10.dtd"">
<svg version=""1.0"" xmlns=""http://www.w3.org/2000/svg""
 width=""163.000000pt"" height=""218.000000pt"" viewBox=""0 0 163.000000 218.000000""
 preserveAspectRatio=""xMidYMid meet"">
<metadata>
Created by potrace 1.16, written by Peter Selinger 2001-2019
</metadata>
<g transform=""translate(0.000000,218.000000) scale(0.100000,-0.100000)""
fill=""#000000"" stroke=""none"">
<path d=""M48 2164 c-17 -9 -31 -28 -38 -52 -8 -26 -10 -342 -8 -1044 l3 -1007
29 -30 30 -31 754 0 754 0 29 29 29 29 0 867 0 867 -187 194 -188 193 -590 0
c-500 0 -594 -2 -617 -15z m1172 -192 c0 -216 -14 -202 201 -202 l169 0 0
-845 c0 -832 0 -845 -20 -865 -20 -20 -33 -20 -748 -20 -642 0 -730 2 -750 16
l-22 15 0 1018 c0 778 3 1020 12 1029 9 9 153 12 585 12 l573 0 0 -158z m195
-22 l140 -140 -143 0 -142 0 0 140 c0 77 1 140 3 140 1 0 65 -63 142 -140z""/>
<path d=""M512 1927 c-130 -48 -184 -209 -106 -320 96 -136 305 -116 369 35 69
167 -95 345 -263 285z m136 -51 c109 -57 130 -191 43 -269 -69 -63 -158 -62
-222 2 -62 61 -71 135 -27 209 38 62 142 91 206 58z""/>
<path d=""M378 1400 c-79 -42 -118 -121 -118 -239 0 -95 -14 -91 319 -91 210 0
290 3 299 12 21 21 16 182 -7 226 -49 95 -95 112 -298 112 -136 -1 -163 -4
-195 -20z m390 -45 c56 -33 76 -78 77 -165 l0 -75 -267 -3 -268 -2 0 72 c0 93
25 141 90 175 43 23 53 24 190 21 124 -3 150 -6 178 -23z""/>
<path d=""M1043 1385 c-11 -31 13 -36 173 -33 151 3 159 4 159 23 0 19 -8 20
-163 23 -141 2 -163 0 -169 -13z""/>
<path d=""M264 845 c-3 -8 -3 -19 1 -25 9 -15 1097 -14 1112 1 6 6 9 18 6 25
-8 21 -1111 21 -1119 -1z""/>
<path d=""M260 570 c0 -11 6 -20 13 -20 198 -3 1102 2 1108 5 4 3 6 12 2 20 -4
13 -82 15 -564 15 -552 0 -559 0 -559 -20z""/>
<path d=""M263 314 c-3 -8 -1 -20 4 -25 5 -5 162 -8 394 -7 376 3 384 3 384 23
0 20 -8 20 -388 23 -345 2 -388 1 -394 -14z""/>
</g>
</svg>
"
1_10,invoice,송장 / 청구서 / 청구서를 발행하다,I received an invoice today.,오늘 청구서를 받았습니다.,ˈɪnvɔɪs,ˈɪnvɔɪs,"'Invoice' refers to an official document listing goods or services provided and the amount owed. Invoice shows official payment request document. People notice a bill showing what must be paid. It is a noun or verb. For example, 'The company sent an invoice for the work completed' means a document requesting payment for the service.",01992799-4b14-70d5-966f-68ba6ef788c4,송장. 청구서. 청구서를 발행하다.,"<?xml version=""1.0"" standalone=""no""?>
<!DOCTYPE svg PUBLIC ""-//W3C//DTD SVG 20010904//EN""
 ""http://www.w3.org/TR/2001/REC-SVG-20010904/DTD/svg10.dtd"">
<svg version=""1.0"" xmlns=""http://www.w3.org/2000/svg""
 width=""536.000000pt"" height=""572.000000pt"" viewBox=""0 0 536.000000 572.000000""
 preserveAspectRatio=""xMidYMid meet"">
<metadata>
Created by potrace 1.16, written by Peter Selinger 2001-2019
</metadata>
<g transform=""translate(0.000000,572.000000) scale(0.100000,-0.100000)""
fill=""#000000"" stroke=""none"">
<path d=""M654 5706 c-17 -8 -41 -27 -54 -42 l-23 -29 6 -565 c4 -311 11 -1031
17 -1600 5 -569 13 -1153 16 -1298 6 -261 6 -263 28 -260 28 4 29 -200 -6
2698 -6 542 -8 997 -5 1011 14 55 53 58 572 34 182 -8 499 -24 705 -35 206
-11 605 -32 885 -45 281 -14 714 -36 963 -50 250 -14 462 -25 471 -25 15 0 21
-17 34 -102 29 -182 37 -269 44 -476 8 -252 -5 -236 185 -246 200 -11 458 -46
628 -85 38 -9 47 -8 58 6 6 9 9 20 5 24 -11 11 -235 55 -373 74 -63 8 -186 19
-272 24 -87 5 -162 12 -168 16 -6 4 -10 52 -10 113 0 185 -30 510 -57 621 -5
21 -4 22 16 12 129 -69 780 -688 890 -846 l28 -40 7 -355 c4 -195 11 -564 16
-820 5 -256 14 -769 20 -1140 5 -371 15 -925 21 -1231 11 -515 10 -558 -5
-588 -10 -18 -31 -38 -50 -46 -37 -16 -1009 -31 -2556 -40 -509 -3 -944 -8
-967 -11 -33 -4 -43 -9 -43 -24 0 -10 6 -20 13 -22 6 -2 302 0 657 3 355 4
976 9 1380 13 1553 13 1524 12 1582 74 49 52 51 74 44 486 -4 209 -11 651 -16
981 -9 565 -15 882 -40 2135 -6 283 -13 539 -16 568 -5 46 -13 62 -65 125
-169 204 -682 687 -858 810 -52 36 -64 37 -586 62 -181 8 -411 20 -510 25 -99
6 -452 24 -785 40 -333 17 -819 42 -1080 55 -540 28 -700 31 -746 11z""/>
<path d=""M1103 5044 c-3 -9 0 -20 8 -25 18 -11 1350 -11 1368 0 8 5 11 16 8
25 -6 14 -73 16 -692 16 -619 0 -686 -2 -692 -16z""/>
<path d=""M1100 4790 c0 -20 7 -20 900 -20 893 0 900 0 900 20 0 20 -7 20 -900
20 -893 0 -900 0 -900 -20z""/>
<path d=""M1105 4549 c-4 -6 -3 -15 2 -20 5 -5 287 -8 694 -7 600 3 684 5 684
18 0 13 -84 15 -687 18 -489 1 -689 -1 -693 -9z""/>
<path d=""M1150 3971 l-35 -6 0 -930 0 -930 1849 -3 c1358 -1 1852 1 1862 9 20
16 21 1843 2 1856 -15 9 -3623 13 -3678 4z m2430 -216 l0 -175 -1210 0 -1210
0 0 175 0 175 1210 0 1210 0 0 -175z m1210 0 l0 -175 -580 0 -580 0 0 168 c0
93 3 172 7 175 3 4 264 7 580 7 l573 0 0 -175z m-1210 -436 l0 -209 -1210 0
-1210 0 0 210 0 210 1203 2 c661 2 1205 2 1210 0 4 -2 7 -97 7 -213z m1210 1
l0 -210 -580 0 -580 0 0 210 0 210 580 0 580 0 0 -210z m-1210 -475 l0 -215
-1210 0 -1210 0 0 215 0 215 1210 0 1210 0 0 -215z m1212 -232 c2 -247 2 -451
0 -455 -2 -5 -264 -8 -583 -8 l-579 0 0 215 0 215 568 2 c559 3 567 3 567 23
0 20 -8 20 -567 23 l-568 2 0 215 0 215 580 0 579 0 3 -447z m-1212 -248 l0
-215 -1047 -2 c-577 -1 -1121 -2 -1210 -2 l-163 -1 0 218 0 217 1210 0 1210 0
0 -215z""/>
<path d=""M1540 3383 c-18 -21 -53 -60 -78 -86 l-44 -49 -47 46 c-49 49 -68 56
-78 30 -6 -17 101 -134 123 -134 20 0 196 189 192 208 -6 30 -34 24 -68 -15z""/>
<path d=""M1878 3332 c-60 -3 -68 -5 -68 -22 0 -20 12 -20 705 -20 627 0 706 2
712 15 3 9 2 19 -2 23 -6 7 -1205 10 -1347 4z""/>
<path d=""M3950 3330 c-22 -3 -35 -11 -35 -20 0 -13 38 -15 274 -18 274 -2 311
2 282 31 -9 9 -73 12 -249 12 -130 1 -253 -2 -272 -5z""/>
<path d=""M1501 2873 l-81 -87 -49 48 c-49 48 -81 57 -81 22 0 -17 115 -121
134 -121 18 0 198 193 193 208 -10 30 -40 12 -116 -70z""/>
<path d=""M1827 2863 c-20 -3 -27 -9 -25 -21 3 -16 58 -17 711 -20 688 -2 707
-2 707 17 0 11 -9 21 -22 25 -25 6 -1326 6 -1371 -1z""/>
<path d=""M3983 2863 c-64 -3 -73 -6 -73 -23 0 -19 9 -20 279 -20 278 0 311 4
282 33 -12 12 -329 18 -488 10z""/>
<path d=""M3937 2383 c-20 -3 -27 -9 -25 -21 3 -15 30 -17 277 -20 169 -1 278
1 284 7 7 7 6 16 -3 26 -11 13 -48 15 -259 14 -135 -1 -259 -4 -274 -6z""/>
<path d=""M1511 2410 l-83 -91 -49 46 c-51 48 -79 57 -79 27 0 -19 110 -132
128 -132 6 0 51 44 102 97 87 93 106 129 74 140 -6 2 -48 -37 -93 -87z""/>
<path d=""M1845 2381 c-26 -4 -40 -11 -40 -21 0 -13 86 -15 708 -18 642 -2 708
-1 714 14 3 9 0 20 -8 25 -15 10 -1310 10 -1374 0z""/>
<path d=""M910 1905 c-228 -30 -512 -65 -630 -80 -263 -33 -274 -38 -278 -117
-2 -31 13 -184 32 -340 20 -156 49 -398 66 -538 17 -140 43 -365 60 -500 16
-135 30 -253 30 -263 0 -10 11 -29 25 -42 31 -32 69 -32 324 -1 108 14 277 34
376 46 99 11 227 27 285 35 58 8 168 22 245 31 77 9 148 20 158 25 34 19 49
56 43 106 -3 27 -19 161 -35 298 -17 138 -48 401 -70 585 -22 184 -50 418 -61
520 -12 102 -25 202 -31 222 -11 42 -49 69 -96 67 -15 -1 -215 -25 -443 -54z
m487 -7 c4 -7 22 -134 39 -283 18 -148 62 -521 99 -829 55 -465 64 -561 53
-572 -12 -13 -427 -69 -1028 -139 -118 -13 -231 -27 -250 -30 -61 -10 -69 4
-85 150 -9 72 -40 335 -70 585 -31 250 -62 514 -71 585 -8 72 -22 182 -30 245
-11 91 -12 117 -2 127 8 7 130 27 298 48 350 44 824 104 905 114 92 13 133 12
142 -1z""/>
<path d=""M689 1691 c-487 -61 -489 -62 -489 -123 0 -50 30 -272 40 -295 5 -12
22 -26 37 -30 16 -4 157 9 333 31 168 20 382 46 475 58 94 11 180 26 192 34
33 21 36 49 19 191 -9 71 -16 134 -16 141 0 7 -9 21 -20 32 -28 28 -57 26
-571 -39z m536 9 c4 -6 14 -71 23 -145 12 -99 13 -138 5 -146 -15 -15 -954
-132 -966 -120 -12 12 -42 263 -34 283 6 16 27 20 292 54 72 9 245 31 385 49
306 39 287 37 295 25z""/>
<path d=""M1175 1234 c-60 -8 -116 -16 -122 -19 -22 -8 -7 -235 17 -259 6 -6
46 -5 117 3 133 16 150 20 156 35 3 7 -1 63 -8 126 -12 101 -23 133 -45 129
-3 -1 -54 -8 -115 -15z m112 -124 c9 -61 9 -86 1 -91 -12 -8 -177 -23 -183
-17 -2 2 -7 42 -11 89 l-7 87 84 9 c46 6 89 9 94 8 6 -1 15 -39 22 -85z""/>
<path d=""M775 1183 c-55 -8 -106 -20 -113 -27 -10 -10 -10 -34 2 -124 8 -62
18 -117 21 -122 3 -6 21 -10 38 -10 55 0 219 28 230 39 13 13 -10 229 -25 249
-12 14 -22 14 -153 -5z m118 -55 c3 -13 9 -53 12 -89 l7 -66 -31 -6 c-17 -4
-59 -9 -95 -13 l-64 -7 -6 49 c-3 27 -7 67 -8 89 l-3 40 70 11 c106 17 112 17
118 -8z""/>
<path d=""M385 1134 c-49 -8 -94 -19 -99 -24 -14 -14 11 -231 28 -248 11 -11
32 -12 112 -2 132 14 151 19 157 34 5 13 -18 219 -28 244 -6 15 -53 14 -170
-4z m141 -122 c6 -46 7 -85 3 -88 -16 -9 -173 -24 -180 -16 -4 4 -11 44 -14
89 l-7 81 43 6 c155 20 142 26 155 -72z""/>
<path d=""M1255 890 c-27 -5 -76 -11 -108 -15 -38 -4 -60 -12 -66 -23 -11 -20
52 -559 67 -574 13 -13 264 19 274 35 10 16 10 42 -2 129 -5 40 -19 154 -31
253 -12 99 -26 186 -31 193 -11 13 -28 14 -103 2z m97 -285 c15 -132 26 -245
24 -251 -2 -6 -46 -17 -96 -24 -103 -14 -110 -11 -110 45 0 17 -9 111 -20 210
-31 271 -38 238 50 252 41 6 86 10 100 10 l25 -2 27 -240z""/>
<path d=""M801 835 c-101 -14 -114 -22 -106 -70 3 -16 9 -68 15 -114 5 -47 14
-89 19 -94 11 -11 251 19 265 33 12 12 -10 228 -26 247 -12 15 -41 15 -167 -2z
m143 -123 c5 -45 7 -85 4 -87 -8 -8 -179 -27 -185 -21 -3 2 -8 43 -10 90 l-6
84 49 7 c27 3 56 8 64 10 8 2 29 2 45 2 l30 -2 9 -83z""/>
<path d=""M417 786 c-42 -7 -82 -17 -89 -24 -16 -16 7 -233 27 -248 10 -8 43
-7 117 2 57 7 111 13 120 14 31 0 36 31 22 143 -7 59 -16 112 -19 117 -8 13
-79 11 -178 -4z m148 -113 c4 -43 8 -82 9 -88 2 -15 -176 -38 -185 -24 -10 16
-22 159 -15 167 8 8 85 19 143 21 l42 1 6 -77z""/>
<path d=""M853 511 c-56 -9 -107 -21 -113 -26 -13 -14 13 -232 29 -248 16 -16
240 7 259 27 13 13 13 30 2 128 -7 62 -17 119 -23 126 -12 15 -24 14 -154 -7z
m121 -58 c11 -39 18 -151 9 -156 -5 -3 -48 -9 -95 -13 l-86 -7 -6 44 c-3 24
-7 64 -8 89 l-3 45 45 6 c95 13 138 10 144 -8z""/>
<path d=""M473 462 c-62 -8 -114 -20 -116 -26 -4 -11 20 -221 28 -243 6 -16 54
-16 174 1 99 14 114 24 106 66 -2 14 -9 63 -16 110 -6 47 -15 91 -21 97 -12
15 -9 15 -155 -5z m121 -40 c2 -4 7 -44 11 -89 l7 -82 -38 -7 c-21 -4 -63 -7
-93 -8 l-56 -1 -11 83 c-7 60 -7 85 0 88 9 3 105 17 163 23 6 0 14 -2 17 -7z""/>
<path d=""M2510 1601 c0 -25 -4 -30 -37 -36 -50 -9 -99 -59 -107 -111 -13 -76
36 -143 117 -161 l27 -5 0 -99 c0 -89 -2 -98 -17 -92 -34 13 -62 35 -69 55 -5
16 -11 18 -32 13 -44 -10 -45 -20 -11 -59 35 -41 77 -66 109 -66 17 0 20 -6
20 -40 0 -36 3 -40 24 -40 21 0 25 5 28 37 3 33 7 38 37 46 77 19 111 64 111
146 0 42 -5 56 -31 86 -21 23 -47 40 -75 47 l-44 12 0 93 0 94 29 -15 c16 -9
31 -22 35 -31 4 -11 13 -14 33 -9 40 9 45 17 27 42 -16 24 -83 62 -109 62 -10
0 -15 10 -15 30 0 25 -4 30 -25 30 -21 0 -25 -5 -25 -29z m0 -166 c0 -94 -6
-101 -54 -64 -54 43 -23 142 47 148 4 1 7 -37 7 -84z m99 -180 c52 -26 57 -91
12 -136 -51 -51 -61 -42 -61 61 0 96 2 100 49 75z""/>
<path d=""M2863 1072 c-25 -2 -33 -8 -33 -23 0 -19 17 -19 909 -19 621 0 912 3
916 10 4 6 1 18 -6 26 -10 13 -124 14 -883 12 -479 -1 -886 -3 -903 -6z""/>
<path d=""M2074 809 c-3 -6 -2 -15 3 -20 5 -5 525 -8 1294 -7 1133 3 1284 5
1284 18 0 13 -151 15 -1287 18 -921 1 -1289 -1 -1294 -9z""/>
</g>
</svg>
"
1_11,warranty,품질보증서 / 보장,This phone has a warranty.,이 휴대폰은 보증 기간이 남아 있습니다.,ˈwɔːrənti,ˈwɒrənti,"'Warranty' refers to a written guarantee that a product will be repaired or replaced if it has problems within a set time. Warranty shows official product guarantee. People notice a promise of repair or replacement. It is a noun. For example, 'The washing machine comes with a two-year warranty' means if it breaks within two years, it will be fixed or replaced at no extra cost.",0199279c-6ed0-705a-2ac5-5a7539c11b44,품질보증서. 보장.,"<?xml version=""1.0"" standalone=""no""?>
<!DOCTYPE svg PUBLIC ""-//W3C//DTD SVG 20010904//EN""
 ""http://www.w3.org/TR/2001/REC-SVG-20010904/DTD/svg10.dtd"">
<svg version=""1.0"" xmlns=""http://www.w3.org/2000/svg""
 width=""232.000000pt"" height=""260.000000pt"" viewBox=""0 0 232.000000 260.000000""
 preserveAspectRatio=""xMidYMid meet"">
<metadata>
Created by potrace 1.16, written by Peter Selinger 2001-2019
</metadata>
<g transform=""translate(0.000000,260.000000) scale(0.100000,-0.100000)""
fill=""#000000"" stroke=""none"">
<path d=""M7 2593 c-4 -3 -7 -515 -7 -1138 0 -866 3 -1134 12 -1143 16 -16
1268 -18 1268 -2 0 6 -221 11 -627 12 l-628 3 -3 1128 -2 1127 787 0 788 0 -3
-121 c-4 -171 -6 -169 147 -169 99 0 120 -3 125 -16 3 -9 6 -144 6 -300 0
-190 3 -284 10 -284 7 0 10 98 8 303 l-3 303 -29 35 c-16 19 -76 87 -135 151
l-106 118 -801 0 c-440 0 -804 -3 -807 -7z m1772 -211 l63 -72 -100 0 c-133 0
-132 -1 -132 143 l1 112 52 -56 c29 -30 81 -87 116 -127z""/>
<path d=""M280 2060 c0 -7 220 -10 640 -10 420 0 640 3 640 10 0 7 -220 10
-640 10 -420 0 -640 -3 -640 -10z""/>
<path d=""M280 1770 c0 -7 217 -10 630 -10 413 0 630 3 630 10 0 7 -217 10
-630 10 -413 0 -630 -3 -630 -10z""/>
<path d=""M1612 1620 c-24 -11 -56 -28 -70 -38 -15 -10 -45 -24 -67 -30 -44
-13 -64 -25 -149 -90 -62 -47 -81 -77 -89 -140 -3 -27 -20 -66 -43 -100 -47
-71 -53 -119 -25 -190 15 -37 21 -75 21 -126 0 -84 12 -106 87 -157 31 -22 52
-46 65 -78 11 -25 32 -58 45 -73 l25 -26 -30 -104 c-81 -275 -104 -370 -93
-381 7 -7 35 -1 95 21 l86 30 64 -71 c44 -49 68 -69 75 -62 6 6 22 55 36 110
15 55 40 142 56 193 28 88 39 167 20 147 -7 -9 -51 -156 -107 -364 -15 -53
-19 -61 -29 -47 -7 8 -34 39 -60 67 l-48 52 -71 -24 c-105 -35 -100 -35 -92
-2 9 39 118 427 121 431 1 2 36 -1 78 -6 60 -8 85 -17 124 -43 40 -28 57 -33
104 -34 47 0 65 6 115 36 43 27 75 39 121 44 35 4 66 8 70 8 4 1 13 -25 20
-58 7 -33 34 -136 61 -230 27 -93 46 -171 42 -173 -4 -1 -43 9 -86 23 l-79 25
-56 -63 c-32 -34 -59 -60 -62 -57 -2 3 -26 85 -53 183 -50 184 -58 206 -70
194 -4 -4 12 -76 35 -160 24 -83 50 -176 58 -205 8 -28 19 -52 25 -52 5 0 38
30 72 67 l62 66 79 -26 c95 -32 118 -34 111 -9 -8 28 -61 217 -96 342 -18 63
-36 120 -41 126 -6 7 1 20 17 35 15 13 37 47 50 75 15 34 41 67 77 98 67 57
82 89 74 163 -4 42 -1 67 14 105 31 80 23 124 -37 204 -14 18 -27 52 -30 80
-10 75 -36 109 -108 143 -42 19 -75 44 -97 72 -43 55 -83 70 -172 68 -46 -1
-89 4 -120 14 -60 21 -72 21 -125 -3z m139 -25 c32 -12 61 -14 105 -9 74 7
107 -7 156 -67 21 -26 55 -51 95 -69 71 -33 93 -61 104 -131 5 -33 22 -72 49
-112 37 -54 41 -67 36 -101 -4 -21 -14 -52 -22 -69 -12 -22 -15 -45 -10 -84 8
-71 -9 -108 -73 -162 -37 -31 -60 -61 -80 -106 -32 -69 -69 -95 -139 -95 -28
0 -64 -13 -116 -40 -98 -52 -137 -53 -216 -4 -47 29 -71 37 -133 43 -86 8
-118 28 -137 87 -11 32 -68 91 -108 113 -33 17 -52 73 -50 143 1 44 -4 73 -17
98 -30 57 -24 112 19 174 25 37 40 71 46 111 5 32 17 67 27 78 42 46 161 126
205 137 25 7 67 27 94 46 54 39 95 43 165 19z""/>
<path d=""M1618 1446 c-70 -20 -129 -59 -186 -121 -72 -78 -96 -145 -97 -266 0
-90 2 -99 37 -171 66 -133 189 -217 333 -226 310 -20 520 302 381 584 -42 84
-90 130 -185 177 -54 26 -76 31 -150 34 -51 1 -105 -3 -133 -11z m254 -35 c70
-27 154 -101 190 -168 33 -61 51 -158 42 -230 -9 -73 -64 -182 -115 -228 -84
-76 -217 -116 -316 -96 -169 33 -283 146 -313 308 -26 148 45 308 169 381 114
67 226 77 343 33z""/>
<path d=""M1919 1210 c-8 -5 -68 -67 -133 -139 l-119 -131 -64 66 c-35 36 -67
63 -71 60 -3 -4 27 -39 67 -79 l72 -72 80 85 c175 186 214 235 168 210z""/>
<path d=""M280 1480 c0 -7 148 -10 425 -10 277 0 425 3 425 10 0 7 -148 10
-425 10 -277 0 -425 -3 -425 -10z""/>
<path d=""M280 1190 c0 -6 110 -10 310 -10 200 0 310 4 310 10 0 6 -110 10
-310 10 -200 0 -310 -4 -310 -10z""/>
<path d=""M285 850 c-3 -6 0 -12 7 -15 26 -10 693 0 691 10 -4 14 -689 19 -698
5z""/>
</g>
</svg>
"
1_12,refund,환불 / 환급하다,I want a refund for the broken product.,고장난 제품에 대한 환불을 원합니다.,ˈriːfʌnd,ˈriːfʌnd,"'Refund' refers to a sum of money returned to a customer when goods or services are unsatisfactory. Refund shows returned money. People notice money given back after a complaint or return. It is a noun or verb. For example, 'She requested a refund because the product was damaged' means she asked for her money back.",01992798-0918-70b8-02e5-728b61443439,환불. 환급하다.,"<?xml version=""1.0"" standalone=""no""?>
<!DOCTYPE svg PUBLIC ""-//W3C//DTD SVG 20010904//EN""
 ""http://www.w3.org/TR/2001/REC-SVG-20010904/DTD/svg10.dtd"">
<svg version=""1.0"" xmlns=""http://www.w3.org/2000/svg""
 width=""669.000000pt"" height=""335.000000pt"" viewBox=""0 0 669.000000 335.000000""
 preserveAspectRatio=""xMidYMid meet"">
<metadata>
Created by potrace 1.16, written by Peter Selinger 2001-2019
</metadata>
<g transform=""translate(0.000000,335.000000) scale(0.100000,-0.100000)""
fill=""#000000"" stroke=""none"">
<path d=""M4985 3344 c-152 -36 -291 -91 -539 -215 -98 -49 -186 -89 -196 -89
-29 0 -494 86 -868 161 -112 23 -206 39 -209 35 -3 -3 -11 -34 -17 -68 l-11
-63 -60 -5 -60 -5 -22 -174 c-25 -199 -73 -688 -73 -743 0 -41 -8 -37 125 -55
l60 -8 3 -67 3 -68 37 0 c20 0 163 9 317 20 154 11 357 23 451 27 l171 6 7
-35 c12 -66 81 -111 172 -112 52 -1 72 5 140 39 l80 40 21 -46 c35 -78 133
-109 234 -74 42 15 43 15 73 -14 60 -58 120 -65 236 -26 41 13 97 30 123 36
69 17 157 77 201 138 l38 51 96 0 c302 0 540 73 757 229 38 28 49 30 218 45
180 15 197 19 197 38 0 12 -180 5 -316 -12 -65 -8 -84 -16 -147 -58 -208 -141
-423 -202 -712 -202 l-130 0 -43 38 -42 37 15 90 c9 49 19 95 23 101 5 8 28
-4 72 -37 121 -93 151 -112 162 -101 6 6 -15 28 -64 65 -41 31 -94 74 -118 95
l-44 39 13 79 c7 43 15 82 17 86 2 4 38 -9 79 -28 126 -58 181 -69 355 -69
149 0 175 4 263 37 15 6 27 17 27 24 0 18 -2 18 -95 -6 -96 -24 -276 -27 -380
-5 -79 17 -196 70 -264 119 l-46 34 -145 -19 c-132 -17 -154 -23 -241 -64
-101 -49 -244 -85 -334 -85 -75 0 -134 33 -163 91 -22 44 -22 49 -8 82 16 40
33 50 156 98 46 18 142 63 211 101 84 44 175 83 266 113 246 80 284 96 280
114 -2 9 -7 15 -13 15 -23 -4 -359 -116 -404 -135 -47 -20 -62 -21 -174 -16
-98 5 -401 50 -414 62 -10 9 427 207 547 247 96 32 96 33 301 32 272 0 394
-19 845 -130 145 -36 156 -37 315 -36 169 2 231 9 237 29 3 8 -50 11 -194 10
l-198 -2 -270 67 c-354 88 -432 100 -695 104 -118 1 -224 1 -235 -2z m-1505
-203 c135 -27 371 -71 525 -96 396 -66 388 -69 -70 -26 -321 31 -640 59 -710
63 l-40 3 4 50 c4 60 8 67 29 61 10 -3 127 -27 262 -55z m-200 -91 c63 -6 243
-22 400 -35 157 -14 332 -30 390 -35 172 -17 632 -59 675 -62 l40 -3 -84 -43
c-46 -24 -117 -56 -159 -72 -107 -42 -149 -72 -163 -118 -21 -72 22 -161 95
-196 91 -43 183 -40 349 10 48 15 89 25 90 23 2 -2 -1 -53 -7 -114 l-11 -109
-40 -23 c-22 -12 -57 -40 -77 -63 l-37 -42 -272 17 c-189 12 -275 13 -282 6
-7 -7 -6 -12 4 -15 18 -6 250 -23 435 -32 l142 -7 16 32 c17 32 89 91 112 91
23 0 31 31 43 154 7 65 14 123 17 128 8 13 81 48 100 48 14 0 15 -9 9 -62 -14
-140 -56 -474 -61 -487 -7 -22 -199 -11 -829 49 -131 12 -455 35 -720 50 -342
19 -478 29 -483 35 -6 5 16 258 38 450 5 44 17 148 25 230 16 145 23 191 32
208 3 4 26 5 51 2 26 -3 99 -10 162 -15z m2045 -446 c8 -9 13 -24 11 -33 -3
-9 -23 -115 -45 -236 -22 -121 -45 -243 -51 -271 l-11 -52 -42 5 c-117 14
-141 19 -145 31 -2 8 12 12 51 12 44 0 57 4 61 18 8 26 31 147 68 354 l33 188
27 0 c15 0 34 -7 43 -16z m-105 -1 c0 -5 -21 -122 -47 -260 l-47 -253 -32 0
c-18 0 -35 3 -37 8 -3 6 16 173 50 437 l8 60 40 6 c62 9 65 10 65 2z m-1587
-510 c174 -9 317 -21 317 -25 0 -4 -39 -8 -87 -8 -76 0 -319 -14 -614 -36
l-87 -7 -4 44 c-3 24 -3 48 0 53 3 5 39 6 81 3 42 -3 219 -14 394 -24z m1714
-31 l33 -24 -18 -30 c-30 -53 -152 -138 -197 -138 -14 0 -14 4 4 28 11 16 23
40 26 55 5 20 14 27 38 29 23 2 33 9 35 23 2 11 8 37 13 58 11 40 11 40 66 -1z
m-1022 -27 c111 -7 155 -15 155 -25 0 -5 -32 -25 -71 -44 -57 -29 -83 -36
-128 -36 -65 0 -116 26 -132 67 -16 43 -5 55 43 49 24 -3 84 -8 133 -11z m494
-44 l43 -6 -50 -47 c-85 -79 -174 -88 -239 -23 -24 24 -33 42 -33 65 l0 32
118 -7 c64 -4 137 -10 161 -14z m314 3 c33 -6 37 -9 31 -28 -12 -38 -56 -86
-103 -114 -64 -37 -157 -39 -195 -3 -14 14 -26 30 -26 36 0 7 16 32 35 56 33
42 37 44 97 50 99 9 120 9 161 3z""/>
<path d=""M3227 2925 c-21 -24 -54 -49 -72 -55 -40 -13 -36 1 -64 -280 l-19
-185 33 -30 c42 -38 85 -102 85 -127 0 -10 6 -21 13 -23 28 -11 562 -44 570
-36 17 17 -16 23 -236 37 -324 21 -303 16 -332 73 -13 26 -40 62 -59 79 -42
37 -42 36 -21 248 22 218 19 207 65 228 22 10 52 33 67 53 l27 36 141 -9 c189
-11 245 -11 245 1 0 11 -232 33 -340 33 -64 0 -66 0 -103 -43z""/>
<path d=""M3997 2893 c-4 -3 -7 -17 -7 -29 0 -19 -7 -24 -37 -29 -97 -17 -139
-46 -152 -107 -15 -68 13 -114 94 -155 28 -14 51 -26 53 -28 3 -2 -18 -165
-23 -182 -6 -19 -83 16 -122 57 -33 34 -35 34 -49 16 -8 -11 -14 -27 -14 -36
0 -28 55 -71 116 -89 55 -18 58 -20 58 -52 1 -27 5 -34 21 -34 15 0 21 8 23
33 3 25 8 32 25 32 48 0 103 24 139 60 34 34 38 43 38 88 0 64 -28 100 -106
137 -41 20 -54 30 -50 43 3 9 8 47 12 85 3 37 10 67 15 67 13 0 62 -23 91 -43
32 -21 48 -16 48 18 0 30 -36 58 -95 75 -42 12 -45 15 -45 46 0 32 -16 45 -33
27z m-25 -159 c-5 -77 -14 -114 -27 -114 -7 0 -27 13 -44 29 -49 46 -38 102
24 120 44 13 50 9 47 -35z m75 -233 c56 -35 56 -97 0 -131 -41 -26 -80 -27
-73 -2 2 9 8 47 12 85 4 39 11 67 18 67 6 0 25 -9 43 -19z""/>
<path d=""M4650 2743 c1 -5 7 -19 15 -33 18 -31 19 -91 3 -112 -7 -9 -26 -23
-43 -32 -26 -13 -27 -15 -8 -16 12 0 35 12 52 26 26 21 31 33 31 67 0 24 -9
56 -20 75 -19 31 -30 40 -30 25z""/>
<path d=""M1463 1679 c-7 -7 -13 -23 -13 -35 0 -19 -7 -22 -81 -28 -45 -4 -94
-13 -110 -21 -58 -31 -62 -53 -67 -353 -4 -230 -7 -272 -19 -268 -81 32 -137
41 -248 41 -146 0 -209 -14 -470 -101 -190 -64 -313 -94 -385 -94 -49 0 -70
-8 -70 -28 0 -13 12 -14 84 -9 101 7 193 30 410 102 189 62 336 95 428 95 136
-1 283 -50 481 -162 198 -112 232 -126 347 -144 340 -53 448 -85 483 -143 21
-36 22 -92 2 -131 -24 -46 -66 -54 -249 -47 -148 5 -168 8 -245 36 -116 43
-236 62 -372 59 -161 -4 -156 -23 9 -31 143 -7 250 -26 351 -62 88 -32 179
-45 324 -45 165 0 208 21 232 117 l12 48 104 37 c121 43 359 113 438 128 30 6
70 7 88 4 67 -13 107 -90 66 -126 -17 -14 -82 -45 -333 -158 -215 -97 -305
-132 -570 -223 l-265 -91 -150 0 c-163 0 -161 -1 -665 120 -249 59 -377 68
-545 35 -152 -29 -208 -45 -213 -59 -6 -19 40 -15 178 14 226 48 278 43 740
-66 135 -32 286 -66 335 -74 113 -20 251 -20 335 -1 121 29 540 175 695 243
406 178 646 299 671 337 8 13 15 43 14 66 0 24 2 64 6 88 8 53 -7 84 -55 114
-31 19 -50 22 -130 22 l-93 0 6 95 c4 52 14 151 23 220 26 207 31 188 -62 216
-113 35 -186 41 -208 19 -12 -11 -15 -25 -11 -42 6 -23 5 -24 -14 -14 -37 20
-51 13 -62 -29 l-11 -40 -81 0 -80 0 4 55 c3 40 11 62 29 81 l24 26 -36 32
c-19 18 -44 38 -54 43 -18 11 -18 13 5 57 43 80 63 77 -476 83 -381 4 -471 3
-481 -8z m889 -45 l37 -6 -19 -39 c-11 -21 -20 -43 -20 -48 0 -6 20 -22 45
-37 49 -28 51 -32 32 -58 -13 -18 -32 -18 -480 -6 l-467 14 0 60 c0 34 3 79 7
100 l6 39 411 -6 c226 -4 428 -10 448 -13z m-916 -133 c-4 -43 -3 -72 3 -75 5
-4 166 -13 358 -21 191 -8 408 -17 481 -21 l132 -6 0 -48 c0 -46 -2 -51 -55
-95 -30 -26 -55 -53 -55 -59 0 -7 13 -25 29 -40 l29 -28 -106 -53 c-99 -48
-108 -51 -114 -33 -4 10 -28 44 -53 74 -25 31 -45 62 -45 70 0 8 20 48 45 88
46 76 55 101 33 94 -12 -4 -117 -165 -118 -179 0 -3 25 -39 55 -79 30 -40 55
-77 55 -81 0 -5 -31 -54 -70 -111 -66 -98 -81 -128 -61 -128 4 0 37 39 73 88
l64 87 147 72 c89 44 147 78 147 87 0 8 -12 29 -26 46 -15 17 -25 32 -23 33 2
2 27 22 55 45 l52 42 91 0 c83 0 91 2 91 19 0 41 10 49 51 44 l39 -6 0 37 c0
36 1 36 41 36 42 0 159 -26 170 -38 4 -4 1 -44 -6 -89 -17 -100 -59 -562 -53
-568 3 -3 29 -1 58 5 90 17 153 13 191 -13 37 -24 48 -59 28 -83 -7 -9 -34
-26 -59 -39 l-47 -24 -20 49 c-28 65 -65 85 -158 84 -49 -1 -97 -10 -160 -30
l-90 -29 -230 3 c-190 2 -242 6 -300 22 -38 11 -156 33 -260 49 -105 16 -202
34 -216 40 -15 5 -78 39 -140 74 -63 35 -147 81 -188 102 l-74 37 6 273 c4
150 11 285 17 299 13 35 40 45 124 45 l69 1 -7 -69z m1707 -676 c36 -17 60
-55 51 -80 -8 -19 -13 -19 -54 1 -25 13 -51 16 -116 11 l-84 -5 0 43 c0 33 4
45 18 49 32 9 151 -3 185 -19z m-734 -242 l54 -6 -74 -28 c-105 -39 -101 -40
-137 34 -4 9 84 9 157 0z""/>
<path d=""M1560 1565 l0 -25 125 0 125 0 0 25 0 25 -125 0 -125 0 0 -25z""/>
<path d=""M2818 1000 c-4 -8 -11 -66 -17 -129 -6 -78 -14 -119 -25 -129 -12
-13 -59 -15 -297 -16 -216 -1 -283 -4 -286 -13 -4 -10 59 -13 290 -13 350 0
325 -10 339 131 9 98 7 195 -4 169z""/>
<path d=""M1936 544 c-10 -26 -7 -114 4 -114 6 0 10 19 10 43 0 23 3 52 6 65 7
25 -11 31 -20 6z""/>
</g>
</svg>
"
1_13,vendor,판매자 / 노점상,The street vendor sells snacks.,노점상이 간식을 팔고 있습니다.,ˈvendər,ˈvendə,"'Vendor' refers to a person or company that sells goods or services. Vendor shows seller. People notice someone supplying goods. It is a noun. For example, 'The vendor offered a discount on bulk orders' means the seller reduced the price.",01992798-5a0b-7017-67bf-865f4b5ceb85,판매자. 노점상.,"<?xml version=""1.0"" standalone=""no""?>
<!DOCTYPE svg PUBLIC ""-//W3C//DTD SVG 20010904//EN""
 ""http://www.w3.org/TR/2001/REC-SVG-20010904/DTD/svg10.dtd"">
<svg version=""1.0"" xmlns=""http://www.w3.org/2000/svg""
 width=""249.000000pt"" height=""225.000000pt"" viewBox=""0 0 249.000000 225.000000""
 preserveAspectRatio=""xMidYMid meet"">
<metadata>
Created by potrace 1.16, written by Peter Selinger 2001-2019
</metadata>
<g transform=""translate(0.000000,225.000000) scale(0.100000,-0.100000)""
fill=""#000000"" stroke=""none"">
<path d=""M48 2242 l-48 -3 0 -157 c0 -130 4 -164 19 -197 33 -73 115 -135 179
-135 25 0 30 -5 36 -31 3 -17 6 -247 6 -510 l0 -479 -83 0 c-59 0 -89 -4 -105
-16 l-23 -16 2 -311 c2 -330 6 -399 20 -376 5 8 9 166 9 352 l0 337 373 1
c665 3 2022 -3 2027 -8 3 -2 6 -153 8 -334 2 -202 6 -329 12 -329 6 0 10 127
10 333 0 311 -1 335 -18 350 -10 10 -32 17 -49 17 l-30 0 -6 143 c-3 88 -11
162 -21 194 -33 106 -121 184 -232 205 l-59 12 50 50 c28 28 59 68 69 89 41
89 26 222 -34 291 l-30 33 43 17 c58 22 113 70 138 119 18 34 22 63 25 185 2
88 0 152 -7 163 -10 19 -31 20 -1122 17 -612 -1 -1133 -4 -1159 -6z m2260
-164 c2 -121 0 -142 -17 -176 -27 -52 -82 -99 -133 -113 -38 -10 -52 -9 -110
11 -105 36 -104 33 -99 227 3 137 1 165 -10 161 -14 -5 -15 -22 -18 -230 -1
-52 -5 -62 -36 -97 -86 -94 -229 -109 -300 -31 -18 19 -19 34 -16 191 2 149 1
169 -13 169 -14 0 -16 -19 -16 -145 0 -165 -13 -209 -72 -245 -68 -41 -128
-38 -201 11 -73 48 -87 88 -87 247 0 111 -2 132 -15 132 -13 0 -15 -21 -15
-130 0 -146 -8 -177 -60 -228 -47 -47 -88 -66 -145 -65 -56 0 -98 18 -135 57
-24 26 -24 28 -21 196 2 117 -1 170 -8 170 -7 0 -11 -40 -11 -117 0 -168 -5
-188 -59 -244 -71 -73 -158 -87 -240 -37 -47 30 -72 73 -60 107 13 36 7 290
-6 294 -6 1 -12 -59 -15 -158 -5 -147 -7 -163 -28 -193 -75 -105 -247 -82
-311 42 -22 43 -26 65 -29 177 -3 71 -2 135 1 143 5 12 170 14 1144 12 l1138
-1 3 -137z m-1089 -261 c65 -71 183 -90 257 -41 21 14 45 33 51 42 12 14 16
13 40 -10 40 -37 86 -58 128 -58 38 0 44 -10 19 -31 -64 -53 -81 -210 -32
-310 19 -38 42 -66 74 -89 l46 -33 -70 -18 c-179 -45 -232 -137 -232 -401 l0
-138 -76 0 c-44 0 -73 4 -69 9 6 10 8 285 3 356 l-3 40 -164 3 c-119 2 -167
-1 -172 -9 -8 -14 -14 -130 -13 -276 0 -70 5 -107 14 -118 12 -15 3 -16 -118
-14 -73 1 -132 3 -132 4 0 1 18 20 40 43 50 53 65 104 65 217 0 76 -3 96 -23
126 -24 40 -83 74 -113 66 -53 -14 -12 50 50 78 23 10 41 22 41 27 0 15 -35 9
-80 -15 l-45 -22 -30 33 c-25 27 -38 33 -75 35 -44 2 -45 1 -43 -27 2 -33 27
-64 63 -79 l25 -10 -31 -7 c-89 -20 -135 -94 -137 -223 -2 -104 19 -163 76
-212 l41 -35 -167 0 -167 0 0 509 0 509 55 31 c31 18 59 39 62 47 5 12 12 10
37 -14 47 -45 95 -65 156 -66 62 0 107 19 157 67 l33 31 27 -26 c75 -70 164
-88 248 -49 40 18 125 103 125 125 0 6 7 -1 17 -14 9 -14 28 -38 42 -53z m710
12 c-16 -10 -23 -4 -14 10 3 6 11 8 17 5 6 -4 5 -9 -3 -15z m119 -62 c125 -62
177 -207 118 -332 -43 -93 -129 -148 -231 -148 -73 0 -127 22 -178 71 -58 55
-77 100 -77 177 0 78 15 119 66 175 80 89 194 110 302 57z m-1399 -501 c12
-13 19 -26 14 -29 -14 -9 -73 21 -73 38 0 23 34 18 59 -9z m1538 -35 c69 -30
127 -94 148 -163 11 -34 19 -103 22 -195 l6 -143 -70 0 -70 0 -7 107 c-9 151
-26 158 -26 10 l0 -117 -245 0 -245 0 0 110 c0 143 -18 145 -22 3 l-3 -108
-79 -3 -79 -3 7 148 c8 166 24 233 68 287 64 77 139 96 378 92 147 -2 171 -5
217 -25z m-1454 -76 c78 -12 118 -68 119 -168 4 -194 -132 -310 -265 -228 -58
35 -82 98 -81 206 1 94 13 133 52 168 19 17 96 38 118 32 6 -2 32 -6 57 -10z
m595 -57 c-5 -15 -288 -24 -288 -10 0 19 19 22 153 22 106 0 138 -3 135 -12z
m12 -191 c0 -98 -4 -147 -12 -155 -17 -17 -269 -17 -286 0 -8 8 -12 57 -12
155 l0 143 155 0 155 0 0 -143z""/>
<path d=""M291 563 c-153 -4 -153 -4 -147 -26 3 -12 6 -70 6 -129 0 -65 4 -108
10 -108 6 0 10 48 10 125 l0 125 98 0 c53 0 127 -3 165 -7 l67 -6 0 -188 c0
-119 4 -189 10 -189 6 0 10 70 10 190 l0 190 180 0 c99 0 179 -3 179 -7 -7
-43 3 -403 11 -403 6 0 10 75 10 205 l0 205 175 0 175 0 0 -108 c0 -152 11
-322 22 -322 4 0 8 97 8 215 l0 215 175 0 175 0 0 -179 c0 -99 3 -186 6 -195
18 -46 24 3 24 179 l0 195 169 0 c145 0 170 -2 175 -16 3 -9 6 -92 6 -184 0
-98 4 -171 10 -175 17 -10 21 37 18 208 l-3 167 158 0 157 0 0 -115 c0 -97 2
-115 15 -115 13 0 15 19 13 128 l-3 127 -965 0 c-531 0 -1034 -1 -1119 -2z""/>
</g>
</svg>
"
1_14,shipment,배송 / 선적물,The shipment arrived on time.,배송물이 제때 도착했습니다.,ˈʃɪpmənt,ˈʃɪpmənt,"'Shipment' refers to a quantity of goods transported together. Shipment shows transported goods. People notice a batch of items being moved. It is a noun. For example, 'The shipment arrived at the warehouse on Tuesday' means the batch of goods was delivered that day.",0199279c-0b86-7051-3f49-b29dfc1470f7,배송. 선적물.,"<?xml version=""1.0"" standalone=""no""?>
<!DOCTYPE svg PUBLIC ""-//W3C//DTD SVG 20010904//EN""
 ""http://www.w3.org/TR/2001/REC-SVG-20010904/DTD/svg10.dtd"">
<svg version=""1.0"" xmlns=""http://www.w3.org/2000/svg""
 width=""187.000000pt"" height=""193.000000pt"" viewBox=""0 0 187.000000 193.000000""
 preserveAspectRatio=""xMidYMid meet"">
<metadata>
Created by potrace 1.16, written by Peter Selinger 2001-2019
</metadata>
<g transform=""translate(0.000000,193.000000) scale(0.100000,-0.100000)""
fill=""#000000"" stroke=""none"">
<path d=""M625 1796 c-159 -73 -364 -167 -455 -207 l-165 -75 -3 -509 c-1 -281
0 -525 3 -543 6 -30 14 -37 73 -64 37 -17 248 -113 469 -214 221 -101 410
-184 418 -184 30 0 368 158 770 360 l130 65 0 548 0 549 -60 25 c-33 14 -141
61 -240 105 -404 180 -629 278 -639 278 -6 0 -141 -60 -301 -134z m393 54 c50
-22 110 -49 133 -61 l42 -21 -149 -68 c-82 -37 -243 -112 -359 -167 -115 -55
-237 -112 -270 -127 l-61 -27 -141 63 -142 62 42 17 c60 23 484 214 662 298
83 39 150 71 151 71 0 0 42 -18 92 -40z m326 -146 c47 -20 85 -38 83 -39 -6
-5 -510 -246 -662 -317 l-170 -79 -85 36 c-47 21 -88 40 -92 44 -5 4 166 89
380 189 213 101 398 189 412 197 29 16 20 18 134 -31z m297 -130 c85 -37 156
-68 158 -70 2 -2 -183 -96 -410 -209 l-414 -206 -167 77 -167 76 172 83 c450
215 546 261 597 287 30 15 60 27 66 27 7 1 81 -29 165 -65z m-1435 -173 l129
-59 3 -145 3 -145 42 -20 c143 -67 229 -103 235 -97 4 4 8 65 10 136 2 71 5
129 7 129 2 0 72 -31 156 -70 85 -38 155 -70 156 -70 2 0 3 -227 3 -505 0
-278 -2 -505 -4 -505 -5 0 -187 82 -623 281 l-273 124 -2 507 c-3 467 -2 507
13 503 9 -3 75 -32 145 -64z m1632 -458 c2 -381 0 -483 -10 -490 -18 -11 -828
-403 -833 -403 -3 0 -5 225 -5 500 l0 500 418 209 c388 194 417 207 423 187 3
-11 6 -238 7 -503z m-1305 306 l48 -25 2 -121 2 -121 -50 23 c-27 12 -72 33
-100 46 l-50 24 -3 123 -3 122 53 -23 c29 -13 75 -35 101 -48z""/>
</g>
</svg>
"
1_15,receipt,영수증 / 수령 / 받음,Don’t forget to get your receipt.,영수증을 받는 것을 잊지 마세요.,rɪˈsiːt,rɪˈsiːt,"'Receipt' refers to a written document confirming that money has been paid or goods have been received. Receipt shows proof of payment or delivery. People notice a document confirming a transaction. It is a noun. For example, 'Keep your receipt in case you need to return the item' means the document proving you paid for it.",01992799-bfeb-703a-0879-47f90633ed08,영수증. 수령. 받음.,"<?xml version=""1.0"" standalone=""no""?>
<!DOCTYPE svg PUBLIC ""-//W3C//DTD SVG 20010904//EN""
 ""http://www.w3.org/TR/2001/REC-SVG-20010904/DTD/svg10.dtd"">
<svg version=""1.0"" xmlns=""http://www.w3.org/2000/svg""
 width=""465.000000pt"" height=""487.000000pt"" viewBox=""0 0 465.000000 487.000000""
 preserveAspectRatio=""xMidYMid meet"">
<metadata>
Created by potrace 1.16, written by Peter Selinger 2001-2019
</metadata>
<g transform=""translate(0.000000,487.000000) scale(0.100000,-0.100000)""
fill=""#000000"" stroke=""none"">
<path d=""M1960 4860 c-687 -9 -926 -17 -961 -36 -103 -52 -151 -204 -170 -534
-10 -180 -3 -3305 8 -3323 2 -4 15 -7 29 -7 l24 0 0 1694 c0 1444 2 1712 15
1809 21 161 63 272 116 305 12 8 181 15 491 21 621 14 2730 26 2790 17 l47 -7
-19 -32 c-54 -93 -70 -287 -70 -847 0 -410 21 -1538 40 -2170 19 -625 40
-1253 46 -1403 l7 -148 -29 7 c-87 20 -243 104 -334 179 -30 25 -64 45 -75 45
-11 0 -71 -41 -133 -90 -63 -49 -122 -92 -132 -95 -23 -7 -68 16 -185 94 -49
34 -96 61 -103 61 -7 0 -54 -28 -105 -63 -51 -35 -123 -81 -161 -102 l-68 -38
-127 87 c-69 47 -135 86 -145 86 -10 0 -78 -34 -150 -75 -72 -40 -148 -81
-168 -89 l-37 -16 -107 85 c-59 47 -115 90 -125 96 -27 14 -66 -6 -199 -100
-70 -50 -124 -81 -140 -81 -14 0 -73 23 -132 52 l-108 53 0 63 c0 34 -7 79
-15 100 -22 52 -81 110 -140 138 -98 46 -115 21 -23 -33 75 -44 118 -94 118
-138 0 -71 -104 -146 -259 -186 -156 -41 -425 -35 -566 12 -56 18 -104 45 -94
52 2 2 38 11 79 20 94 22 221 73 287 115 59 38 101 94 110 146 l6 36 72 0 c50
0 76 4 84 14 17 20 3 26 -92 40 l-81 11 -12 54 c-14 64 -38 99 -90 128 -134
77 -462 68 -692 -17 -138 -52 -246 -127 -272 -191 -13 -30 -12 -41 16 -235 13
-88 176 -150 374 -142 l80 3 0 -43 c0 -64 26 -109 84 -147 103 -68 229 -95
442 -95 275 0 498 71 566 181 26 43 29 43 118 -1 30 -15 79 -35 108 -45 l53
-17 52 35 c29 20 92 63 140 96 49 34 94 61 100 61 7 0 63 -41 125 -90 62 -50
122 -90 133 -90 23 0 117 46 245 120 49 28 96 52 104 53 8 0 66 -34 128 -76
61 -42 123 -79 137 -83 30 -7 84 19 237 118 l108 70 130 -81 c71 -45 137 -81
147 -81 10 0 75 43 145 95 70 52 129 95 132 95 2 0 54 -33 115 -74 102 -68
198 -114 308 -146 79 -24 77 -29 69 223 -46 1503 -55 1835 -65 2362 -6 286
-13 658 -16 828 l-7 307 155 0 c128 0 157 3 168 16 10 13 10 56 0 237 -29 518
-66 682 -166 732 -39 20 -61 20 -995 21 -525 0 -1209 -2 -1520 -6z m2527 -115
c26 -47 48 -135 62 -255 11 -87 41 -490 41 -542 l0 -29 -132 3 -133 3 1 275
c2 383 20 506 84 570 29 29 50 22 77 -25z m-3598 -3910 c71 -22 114 -64 105
-102 -11 -42 -30 -67 -82 -108 -49 -38 -66 -33 -37 11 16 24 16 28 1 42 -15
15 -17 15 -33 -1 -10 -10 -23 -32 -29 -50 -14 -42 -51 -62 -171 -93 -122 -31
-330 -43 -425 -24 -278 54 -168 223 205 314 139 34 145 35 287 31 79 -2 145
-10 179 -20z m137 -251 c-35 -137 -455 -271 -741 -236 -98 13 -179 42 -194 71
-5 9 -12 34 -16 55 l-8 38 24 -15 c92 -60 372 -66 585 -12 97 25 259 97 309
138 l30 25 8 -21 c4 -12 6 -31 3 -43z m510 -328 c-14 -74 -90 -124 -253 -167
-99 -26 -325 -37 -444 -20 -190 26 -285 78 -296 160 -3 24 -2 42 3 39 181 -88
243 -101 459 -101 173 0 256 13 377 59 37 14 84 38 105 53 44 33 58 27 49 -23z""/>
<path d=""M1311 4351 c-8 -5 -11 -16 -8 -25 6 -15 69 -16 679 -14 665 3 673 3
673 23 0 20 -7 20 -665 22 -375 2 -671 -1 -679 -6z""/>
<path d=""M1311 4081 c-8 -5 -11 -16 -8 -25 6 -14 86 -16 852 -16 l846 0 -3 23
-3 22 -835 2 c-473 2 -841 -1 -849 -6z""/>
<path d=""M1310 3845 c-9 -10 -10 -19 -4 -25 14 -14 1004 -14 1017 -1 7 7 6 16
-3 26 -11 13 -73 15 -505 15 -432 0 -494 -2 -505 -15z""/>
<path d=""M1300 3250 c0 -23 -123 -21 1205 -21 641 0 670 0 670 18 0 17 -39 18
-937 21 -933 2 -938 2 -938 -18z""/>
<path d=""M3420 3250 c0 -19 7 -20 188 -20 104 0 230 -3 280 -6 l92 -7 0 27 0
26 -280 0 c-273 0 -280 0 -280 -20z""/>
<path d=""M1307 2873 c-4 -3 -7 -15 -7 -25 0 -21 -50 -20 1119 -19 456 0 748 4
754 10 5 5 7 17 4 25 -6 14 -101 16 -935 16 -511 0 -932 -3 -935 -7z""/>
<path d=""M3427 2873 c-4 -3 -7 -15 -7 -25 0 -17 15 -18 280 -18 l280 0 0 25 0
25 -273 0 c-151 0 -277 -3 -280 -7z""/>
<path d=""M1300 2455 l0 -25 941 0 940 0 -3 23 -3 22 -937 3 -938 2 0 -25z""/>
<path d=""M3427 2473 c-4 -3 -7 -15 -7 -25 0 -17 15 -18 279 -18 157 0 282 4
285 9 4 5 3 16 0 25 -5 14 -39 16 -278 16 -150 0 -276 -3 -279 -7z""/>
<path d=""M1358 2092 c-50 -3 -58 -6 -58 -22 0 -23 -130 -20 1108 -23 732 -2
762 -2 768 16 3 10 3 21 0 25 -7 6 -1716 11 -1818 4z""/>
<path d=""M3458 2093 c-28 -3 -38 -9 -38 -22 0 -17 16 -19 198 -23 108 -3 234
-3 280 0 77 4 82 6 82 27 l0 23 -242 -1 c-134 0 -260 -2 -280 -4z""/>
<path d=""M1304 1699 c-3 -6 -2 -15 2 -19 8 -8 611 -12 1547 -11 310 1 317 1
317 21 0 20 -7 20 -929 20 -659 0 -932 -3 -937 -11z""/>
<path d=""M3430 1690 c0 -19 7 -20 178 -21 176 -1 336 -1 360 0 6 1 12 10 12
21 0 20 -7 20 -275 20 -268 0 -275 0 -275 -20z""/>
<path d=""M2710 1487 c0 -31 -3 -34 -46 -45 -62 -17 -109 -65 -119 -120 -13
-81 29 -144 121 -175 l39 -14 3 -101 c3 -120 -3 -125 -72 -62 -40 37 -44 39
-74 28 -18 -7 -32 -16 -32 -20 0 -5 20 -28 44 -52 32 -32 56 -47 87 -53 42 -8
44 -10 47 -48 3 -36 15 -54 34 -55 4 0 8 21 10 47 3 44 5 48 35 54 85 17 133
77 133 168 0 50 -3 57 -38 90 -21 20 -58 43 -82 52 l-45 16 -3 96 c-1 54 1 97
5 97 12 0 56 -31 69 -49 10 -12 16 -13 43 -2 17 8 31 17 31 21 0 19 -64 70
-100 81 -34 10 -41 17 -46 46 -4 23 -12 33 -25 33 -15 0 -19 -7 -19 -33z m0
-187 c0 -49 -2 -90 -5 -90 -17 0 -66 33 -75 49 -29 54 10 124 73 130 4 1 7
-39 7 -89z m90 -202 c42 -29 56 -68 40 -109 -12 -27 -54 -59 -80 -59 -6 0 -10
35 -10 95 0 52 4 95 9 95 4 0 23 -10 41 -22z""/>
<path d=""M3084 935 c-3 -8 -3 -19 1 -25 4 -7 152 -10 451 -10 l444 0 0 25 0
25 -445 0 c-380 0 -446 -2 -451 -15z""/>
<path d=""M2443 694 c-3 -8 -1 -20 4 -25 5 -5 307 -8 774 -7 756 3 764 3 764
23 0 20 -8 20 -768 23 -690 2 -768 1 -774 -14z""/>
</g>
</svg>
"
1_16,itinerary,여행 일정표 / 여정,I made an itinerary for the trip.,여행 일정을 짰습니다.,aɪˈtɪnəˌrɛri,aɪˈtɪnərəri,"'Itinerary' refers to a detailed plan or schedule of a journey, listing places to visit and times. Itinerary shows travel plan schedule. People notice an organized list of travel activities. It is a noun. For example, 'The travel agent provided a full itinerary for the trip' means a document listing every stop and activity during the journey.",0199279d-8468-701d-9698-3952efb7c6bb,여행 일정표. 여정.,"<?xml version=""1.0"" standalone=""no""?>
<!DOCTYPE svg PUBLIC ""-//W3C//DTD SVG 20010904//EN""
 ""http://www.w3.org/TR/2001/REC-SVG-20010904/DTD/svg10.dtd"">
<svg version=""1.0"" xmlns=""http://www.w3.org/2000/svg""
 width=""244.000000pt"" height=""275.000000pt"" viewBox=""0 0 244.000000 275.000000""
 preserveAspectRatio=""xMidYMid meet"">
<metadata>
Created by potrace 1.16, written by Peter Selinger 2001-2019
</metadata>
<g transform=""translate(0.000000,275.000000) scale(0.100000,-0.100000)""
fill=""#000000"" stroke=""none"">
<path d=""M940 2733 c-54 -28 -80 -75 -80 -144 l0 -59 -154 0 c-180 0 -186 -3
-186 -81 l0 -49 -197 0 c-224 0 -265 -10 -303 -72 -20 -33 -20 -48 -20 -1110
0 -675 4 -1086 10 -1102 5 -14 24 -35 42 -46 32 -19 51 -20 701 -20 438 0 667
3 667 10 0 7 -227 10 -660 10 -490 0 -666 3 -685 12 -57 26 -55 -25 -55 1128
0 962 2 1065 16 1096 28 59 49 64 279 64 l205 0 0 -52 0 -53 -167 3 c-179 3
-203 1 -227 -24 -14 -14 -16 -120 -16 -1017 0 -788 3 -1007 13 -1027 l13 -25
687 -3 c453 -1 687 1 687 8 0 6 -236 11 -682 12 l-683 3 -3 1017 -2 1017 21
11 c13 8 79 11 190 9 l169 -3 0 -39 c0 -41 14 -75 39 -94 19 -15 75 -17 66 -3
-3 6 -14 10 -24 10 -10 0 -27 10 -39 23 -21 22 -22 33 -22 184 0 121 3 163 13
172 8 6 76 12 173 13 l159 3 -3 68 c-4 65 -3 68 30 101 61 61 143 58 193 -8
18 -24 25 -46 27 -96 l3 -65 170 -3 c93 -1 173 -6 177 -10 4 -4 8 -83 9 -176
2 -165 2 -170 -20 -188 -22 -17 -49 -18 -392 -18 -234 0 -370 -4 -374 -10 -4
-7 104 -11 317 -12 477 -2 438 -4 471 32 21 24 27 40 27 76 l0 46 163 -4 c89
-1 168 -7 175 -11 9 -6 12 -97 12 -398 0 -253 4 -389 10 -389 6 0 10 138 10
394 l0 395 -22 15 c-18 13 -54 16 -184 16 l-162 0 -4 50 -3 50 198 0 199 0 34
-34 34 -34 0 -325 c0 -178 3 -338 6 -356 17 -84 24 10 24 317 0 312 -2 340
-20 380 -32 71 -68 82 -287 82 l-183 0 0 43 c0 23 -7 53 -16 65 -15 21 -21 22
-185 22 l-171 0 7 40 c9 52 -8 99 -50 140 -43 41 -111 51 -165 23z""/>
<path d=""M962 2647 c-31 -33 -29 -80 4 -106 15 -12 32 -21 39 -21 7 0 24 9 39
21 19 15 26 30 26 55 0 66 -65 97 -108 51z m76 -19 c30 -30 3 -82 -40 -76 -29
4 -47 50 -28 72 15 19 51 21 68 4z""/>
<path d=""M670 2192 c-5 -2 -10 -8 -10 -13 0 -12 717 -12 724 0 12 19 -85 23
-391 20 -172 -2 -317 -5 -323 -7z""/>
<path d=""M769 1879 c-46 -28 -88 -51 -94 -51 -5 0 -62 18 -125 40 -118 42
-129 42 -163 4 -18 -20 -17 -22 73 -89 l91 -68 -55 -53 c-51 -49 -58 -53 -100
-51 -47 3 -100 -23 -93 -44 2 -6 23 -23 48 -37 30 -17 51 -40 67 -70 12 -25
27 -47 33 -49 21 -7 49 32 49 69 0 35 3 39 72 80 83 50 77 53 135 -67 19 -40
40 -73 46 -73 7 0 25 11 42 24 l29 23 -13 94 c-7 52 -15 105 -18 119 -4 22 5
33 56 75 58 46 101 99 101 124 0 21 -40 51 -68 51 -17 0 -64 -21 -113 -51z
m149 -3 c3 -13 -19 -41 -73 -92 l-77 -73 16 -112 c15 -104 15 -114 0 -130 -9
-10 -21 -16 -26 -13 -5 3 -29 46 -53 95 l-45 89 -28 -14 c-15 -8 -56 -34 -92
-58 -60 -40 -65 -46 -65 -80 0 -35 -14 -63 -21 -43 -18 48 -45 83 -76 100 -21
11 -36 25 -35 30 2 6 27 10 54 10 48 0 55 4 117 58 36 32 66 63 66 68 0 5 -38
39 -85 76 -72 57 -83 69 -72 81 12 11 34 6 139 -29 l126 -43 78 52 c63 42 86
52 114 50 25 -2 36 -8 38 -22z""/>
<path d=""M1037 1764 c-20 -20 30 -24 288 -24 277 0 321 3 309 21 -6 10 -587
13 -597 3z""/>
<path d=""M1045 1510 c-4 -7 95 -10 289 -10 191 0 296 4 296 10 0 6 -103 10
-289 10 -183 0 -292 -4 -296 -10z""/>
<path d=""M1900 1319 c-69 -14 -151 -58 -202 -111 -134 -138 -143 -324 -28
-591 43 -99 148 -288 244 -436 l60 -94 24 31 c40 52 191 302 234 386 57 114
105 244 125 341 14 70 15 95 6 150 -29 171 -156 297 -324 325 -72 11 -77 11
-139 -1z m130 -19 c165 -31 279 -143 308 -301 22 -114 -20 -272 -126 -481 -65
-127 -173 -309 -218 -365 l-20 -26 -71 114 c-149 241 -206 353 -259 509 -25
72 -29 101 -29 185 1 125 25 184 107 261 64 61 98 80 175 98 73 18 70 18 133
6z""/>
<path d=""M1936 1119 c-97 -23 -150 -92 -151 -196 0 -52 4 -68 30 -104 76 -108
224 -116 309 -17 96 111 43 278 -99 317 -22 6 -42 10 -45 10 -3 -1 -23 -5 -44
-10z m121 -36 c19 -9 49 -35 65 -57 27 -37 29 -47 26 -102 -6 -92 -55 -149
-145 -168 -111 -24 -224 100 -193 214 13 48 54 98 95 116 42 18 110 17 152 -3z""/>
<path d=""M366 1201 c-3 -5 4 -11 17 -14 33 -8 1101 -9 1120 -1 9 3 14 10 11
15 -7 12 -1141 12 -1148 0z""/>
<path d=""M375 950 c-4 -7 172 -10 520 -10 348 0 524 3 520 10 -4 6 -188 10
-520 10 -332 0 -516 -4 -520 -10z""/>
<path d=""M375 700 c4 -6 197 -10 545 -10 348 0 541 4 545 10 4 7 -180 10 -545
10 -365 0 -549 -3 -545 -10z""/>
<path d=""M928 473 c-360 -2 -558 -7 -558 -13 0 -14 1177 -14 1185 0 3 6 -2 10
-12 10 -10 0 -27 1 -38 3 -11 1 -271 1 -577 0z""/>
<path d=""M1725 179 c-157 -16 -235 -44 -235 -83 0 -49 141 -84 380 -93 241 -9
479 19 548 63 15 10 22 23 20 37 -2 17 -17 27 -68 44 -71 24 -280 47 -294 33
-10 -10 24 -16 129 -25 94 -8 184 -29 203 -49 14 -14 12 -17 -24 -32 -65 -28
-180 -44 -359 -50 -240 -9 -441 15 -500 61 -17 13 -18 16 -5 25 32 22 73 29
308 56 23 3 42 9 42 15 0 10 -31 10 -145 -2z""/>
</g>
</svg>
"
1_17,reservation,예약 / 보호구역 / 의구심,I have a reservation at the hotel.,호텔 예약을 마쳤습니다.,ˌrɛzərˈveɪʃn,ˌrɛzəˈveɪʃn,"'Reservation' refers to an arrangement to have something kept for your use at a future time, such as a table at a restaurant or a hotel room. Reservation shows advance booking. People notice something set aside for them in advance. It is a noun. For example, 'She made a reservation at the restaurant for seven o'clock' means she arranged in advance to have a table available at that time.",019927a1-cf5a-7095-0a74-255e69f17b96,예약. 보호구역. 의구심.,"<?xml version=""1.0"" standalone=""no""?>
<!DOCTYPE svg PUBLIC ""-//W3C//DTD SVG 20010904//EN""
 ""http://www.w3.org/TR/2001/REC-SVG-20010904/DTD/svg10.dtd"">
<svg version=""1.0"" xmlns=""http://www.w3.org/2000/svg""
 width=""248.000000pt"" height=""208.000000pt"" viewBox=""0 0 248.000000 208.000000""
 preserveAspectRatio=""xMidYMid meet"">
<metadata>
Created by potrace 1.16, written by Peter Selinger 2001-2019
</metadata>
<g transform=""translate(0.000000,208.000000) scale(0.100000,-0.100000)""
fill=""#000000"" stroke=""none"">
<path d=""M99 2071 c-45 -14 -69 -31 -84 -61 -13 -25 -15 -134 -15 -817 0 -606
3 -794 13 -812 6 -13 25 -34 40 -45 28 -20 40 -21 463 -24 403 -2 434 -4 434
-20 -1 -9 -6 -46 -13 -82 l-12 -65 -135 -5 c-80 -3 -144 -10 -157 -17 -34 -20
-63 -63 -63 -94 l0 -29 695 0 695 0 0 30 c0 21 -11 42 -34 68 l-34 37 -144 5
-143 5 -11 50 c-7 28 -13 65 -13 83 l-1 32 403 0 c386 0 403 1 435 20 64 39
62 11 62 862 0 716 -1 776 -18 807 -9 19 -30 44 -45 55 -28 21 -33 21 -1160
23 -623 1 -1144 -2 -1158 -6z m2310 -37 c52 -37 51 -25 51 -849 0 -850 3 -812
-65 -841 -29 -12 -208 -14 -1147 -14 -750 0 -1125 4 -1151 11 -26 7 -44 21
-57 42 -19 31 -20 57 -20 820 l0 789 29 29 29 29 1154 0 c1050 0 1156 -1 1177
-16z m-853 -1761 c3 -21 10 -56 14 -78 5 -22 7 -42 4 -45 -3 -3 -145 -6 -316
-8 l-311 -3 7 43 c4 24 10 62 13 86 l6 42 288 0 288 0 7 -37z m350 -187 c70
-70 110 -66 -642 -66 l-675 0 7 23 c8 28 33 57 59 68 11 4 289 8 618 8 l599 1
34 -34z""/>
<path d=""M625 1930 l-460 -5 0 -725 0 -725 1075 0 1075 0 3 308 c1 202 -1 307
-8 307 -6 0 -10 -104 -10 -300 l0 -300 -1057 2 -1058 3 -3 708 -2 707 1060 0
1060 0 0 -140 c0 -87 4 -140 10 -140 6 0 10 57 10 150 0 149 0 150 -22 151
-92 4 -1301 3 -1673 -1z""/>
<path d=""M1850 1649 c-142 -28 -262 -152 -285 -296 l-7 -43 -251 -1 c-272 0
-312 -6 -334 -49 -7 -14 -13 -53 -13 -87 l0 -63 -130 0 -130 0 0 44 0 45 80 7
c92 8 122 25 140 79 16 47 -2 106 -41 139 -27 23 -40 26 -105 26 l-74 0 0 34
c0 50 -40 80 -97 73 -77 -8 -73 14 -73 -396 0 -272 3 -370 12 -379 7 -7 38
-12 69 -12 69 0 89 20 89 87 l0 43 495 0 495 0 0 -49 c0 -32 6 -55 16 -65 19
-20 112 -22 137 -3 22 15 32 74 22 124 l-8 38 -7 -30 c-4 -16 -8 -49 -9 -71
-1 -45 -13 -54 -78 -54 -45 0 -55 24 -51 125 2 47 4 85 6 85 1 0 20 -9 40 -19
132 -67 311 -33 416 79 71 76 91 127 91 235 0 114 -21 171 -89 244 -57 60
-116 93 -194 110 -59 12 -69 12 -132 0z m208 -51 c75 -35 123 -82 160 -157 23
-48 27 -68 26 -141 0 -67 -5 -95 -23 -132 -34 -71 -95 -133 -159 -165 -50 -24
-69 -28 -147 -28 -112 0 -176 26 -235 93 -67 75 -95 144 -95 232 0 66 5 85 33
143 51 102 140 169 251 186 67 11 118 2 189 -31z m-1385 -118 c4 -25 6 -186 5
-358 -3 -343 -1 -332 -65 -332 -67 0 -63 -24 -63 369 0 197 3 361 7 365 4 4
30 6 57 4 l51 -3 8 -45z m177 -63 c14 -7 33 -29 43 -50 16 -31 17 -42 7 -72
-17 -52 -43 -65 -127 -65 l-73 0 0 100 0 100 63 0 c34 0 73 -6 87 -13z m710
-144 c0 -49 36 -135 83 -198 42 -56 51 -75 52 -112 l1 -43 -498 0 -498 0 0 79
0 78 42 7 c24 4 222 6 440 5 219 0 399 3 400 7 2 5 -134 10 -301 12 l-303 2 4
65 c7 108 -4 104 297 108 141 1 262 3 269 5 6 1 12 -6 12 -15z""/>
<path d=""M1974 1315 l-108 -115 -58 57 c-32 31 -61 54 -65 50 -8 -8 117 -139
128 -135 10 4 229 245 229 252 0 20 -31 -7 -126 -109z""/>
</g>
</svg>
"
1_18,luggage,짐 / 여행 가방,My luggage is heavy.,제 짐이 무겁습니다.,ˈlʌɡɪʤ,ˈlʌɡɪʤ,"'Luggage' refers to bags and suitcases that a traveler carries. Luggage shows travel bags and cases. People notice the bags someone brings on a trip. It is a noun. For example, 'She checked her luggage at the airport before boarding' means her bags were registered and stored in the aircraft.",01992799-640a-7059-ae5a-ba95bbe755f3,짐. 여행 가방.,"<?xml version=""1.0"" standalone=""no""?>
<!DOCTYPE svg PUBLIC ""-//W3C//DTD SVG 20010904//EN""
 ""http://www.w3.org/TR/2001/REC-SVG-20010904/DTD/svg10.dtd"">
<svg version=""1.0"" xmlns=""http://www.w3.org/2000/svg""
 width=""139.000000pt"" height=""258.000000pt"" viewBox=""0 0 139.000000 258.000000""
 preserveAspectRatio=""xMidYMid meet"">
<metadata>
Created by potrace 1.16, written by Peter Selinger 2001-2019
</metadata>
<g transform=""translate(0.000000,258.000000) scale(0.100000,-0.100000)""
fill=""#000000"" stroke=""none"">
<path d=""M389 2551 c-25 -25 -29 -37 -29 -84 0 -36 5 -59 15 -67 13 -10 15
-52 15 -261 l0 -249 -128 0 c-116 0 -133 -2 -173 -23 -27 -15 -52 -38 -66 -63
l-23 -39 0 -710 c0 -668 2 -712 19 -750 33 -72 93 -105 192 -105 l62 0 -21
-23 c-49 -52 -13 -156 58 -171 39 -7 92 14 114 45 20 29 21 89 1 115 -8 10
-15 22 -15 27 0 4 135 7 300 7 l300 0 -21 -40 c-18 -34 -19 -44 -9 -75 21 -62
86 -97 141 -75 66 28 91 110 49 162 l-19 25 64 5 c77 7 122 32 153 86 l22 40
0 724 0 725 -22 33 c-46 67 -65 74 -216 80 l-137 5 4 245 c2 188 6 249 17 265
31 44 5 147 -41 165 -15 6 -143 10 -301 10 l-276 0 -29 -29z m611 -16 c15 -13
20 -31 20 -65 0 -41 -3 -49 -22 -54 -47 -12 -66 -7 -73 21 -13 53 -14 53 -221
53 -162 0 -195 -3 -208 -16 -16 -15 -21 -34 -10 -34 3 0 12 7 20 15 13 12 50
15 205 15 l189 0 7 -27 c5 -16 8 -145 8 -288 l0 -260 -212 -3 -213 -2 0 260 0
260 -45 0 c-34 0 -47 5 -55 19 -25 47 -2 116 43 124 12 2 140 3 285 2 236 -2
265 -4 282 -20z m-535 -395 l0 -245 -27 -3 -28 -3 0 244 c0 134 3 247 7 251 4
4 16 6 28 4 20 -3 20 -9 20 -248z m525 10 c0 -132 0 -243 0 -247 0 -5 -11 -9
-25 -11 l-25 -3 0 250 0 251 25 0 25 0 0 -240z m300 -302 c84 -43 80 2 80
-801 0 -762 2 -735 -52 -784 -46 -42 -75 -44 -643 -41 -520 3 -541 4 -574 23
-19 11 -45 40 -58 64 l-23 44 0 696 c0 661 1 698 19 738 19 41 40 58 90 74 14
4 271 8 571 8 l546 1 44 -22z m-892 -1684 c69 -78 -49 -184 -123 -109 -37 36
-34 86 7 120 38 32 81 29 116 -11z m750 -1 c26 -28 28 -53 7 -92 -38 -75 -155
-43 -155 42 0 33 26 68 60 80 26 9 64 -4 88 -30z""/>
<path d=""M210 1040 c0 -400 3 -610 10 -610 7 0 10 210 10 610 0 400 -3 610
-10 610 -7 0 -10 -210 -10 -610z""/>
<path d=""M456 1643 c-10 -10 -7 -1213 3 -1213 5 0 12 7 15 16 9 25 7 1192 -3
1198 -4 3 -11 3 -15 -1z""/>
<path d=""M700 1040 c0 -400 3 -610 10 -610 7 0 10 210 10 610 0 400 -3 610
-10 610 -7 0 -10 -210 -10 -610z""/>
<path d=""M947 1643 c-12 -11 -8 -1213 3 -1213 7 0 10 210 10 610 0 336 -1 610
-3 610 -2 0 -7 -3 -10 -7z""/>
<path d=""M1180 1040 c0 -353 4 -610 9 -610 14 0 23 264 17 475 -3 105 -5 315
-5 468 -1 177 -5 277 -11 277 -7 0 -10 -210 -10 -610z""/>
</g>
</svg>
"
1_19,attendant,종업원 / 승무원,The flight attendant smiled kindly.,승무원이 친절하게 미소 지었어요.,əˈtendənt,əˈtendənt,"'Attendant' refers to a person who assists or serves others in a specific place. Attendant shows serving person. People notice someone whose job is to help. It is a noun. For example, 'The flight attendant served drinks' means the person whose job is to help passengers on the plane.",0199279c-9e2d-705a-7745-f3f3e7aa9c11,종업원. 승무원.,"<?xml version=""1.0"" standalone=""no""?>
<!DOCTYPE svg PUBLIC ""-//W3C//DTD SVG 20010904//EN""
 ""http://www.w3.org/TR/2001/REC-SVG-20010904/DTD/svg10.dtd"">
<svg version=""1.0"" xmlns=""http://www.w3.org/2000/svg""
 width=""188.000000pt"" height=""200.000000pt"" viewBox=""0 0 188.000000 200.000000""
 preserveAspectRatio=""xMidYMid meet"">
<metadata>
Created by potrace 1.16, written by Peter Selinger 2001-2019
</metadata>
<g transform=""translate(0.000000,200.000000) scale(0.100000,-0.100000)""
fill=""#000000"" stroke=""none"">
<path d=""M781 1989 c-29 -5 -79 -17 -110 -26 l-56 -16 30 -13 c100 -41 313
-58 430 -35 86 18 158 42 148 51 -38 34 -324 60 -442 39z""/>
<path d=""M516 1922 c-4 -9 -68 -291 -70 -312 -2 -23 62 -29 360 -36 265 -7
573 7 605 26 10 7 5 41 -24 165 -20 87 -38 159 -39 161 -2 2 -51 -12 -109 -31
-58 -19 -134 -39 -170 -44 -141 -23 -311 -5 -466 49 -46 16 -85 25 -87 22z
m514 -207 c10 -13 10 -19 -5 -35 -28 -31 -71 4 -44 36 15 18 33 18 49 -1z m84
-1 c7 -19 -1 -34 -19 -34 -18 0 -28 17 -21 35 7 20 32 19 40 -1z""/>
<path d=""M1308 1537 c-60 -5 -108 -13 -108 -17 0 -3 14 -28 32 -54 35 -54 109
-113 151 -123 31 -6 57 -47 57 -88 0 -44 -37 -104 -77 -123 -28 -13 -42 -31
-66 -82 -55 -117 -168 -202 -306 -231 -143 -30 -327 74 -404 228 -24 47 -42
68 -67 81 -46 23 -83 92 -77 145 7 53 22 67 74 67 52 0 126 35 185 88 38 34
40 35 33 12 -4 -14 -14 -37 -21 -52 -8 -15 -14 -29 -14 -33 0 -3 24 -5 53 -5
117 0 319 74 381 139 l30 31 -207 0 c-114 0 -275 5 -358 11 -98 7 -154 8 -161
1 -5 -5 -13 -43 -17 -83 -5 -41 -19 -97 -31 -126 -22 -48 -22 -56 -11 -107 12
-56 72 -139 109 -150 9 -3 27 -28 40 -56 13 -27 47 -76 76 -107 49 -53 53 -61
48 -97 -3 -30 -16 -51 -58 -95 -30 -30 -54 -59 -54 -63 0 -4 15 -8 33 -8 40 0
244 -53 283 -73 51 -26 108 -30 145 -12 42 22 260 85 293 85 31 0 34 20 6 45
-12 10 -30 33 -41 51 l-20 32 -77 -24 c-42 -14 -104 -32 -137 -40 -33 -9 -66
-21 -72 -26 -8 -7 -18 -7 -25 -1 -7 5 -33 15 -58 22 -84 22 -160 53 -160 65 1
33 16 35 89 11 93 -32 183 -33 272 -4 35 12 72 25 81 30 13 7 17 4 20 -14 2
-17 9 -21 28 -19 14 1 30 10 37 18 11 15 15 14 40 -4 15 -11 43 -36 62 -56 25
-26 56 -43 113 -62 l79 -26 24 22 24 23 -44 51 -45 50 42 43 41 42 -113 56
c-63 30 -115 57 -118 59 -6 7 38 86 47 86 19 0 73 54 93 94 28 55 28 132 -1
181 -14 25 -21 53 -21 89 0 60 -16 117 -33 114 -7 0 -60 -5 -119 -11z m-348
-892 c16 -19 6 -45 -19 -45 -23 0 -35 28 -20 46 15 18 24 18 39 -1z""/>
<path d=""M450 633 c-8 -3 -81 -29 -161 -58 -172 -62 -204 -78 -224 -109 -23
-34 -55 -214 -62 -342 -6 -111 -6 -111 18 -117 30 -7 849 -10 849 -3 0 7 -201
249 -247 297 -40 42 -40 39 29 141 l39 58 -33 14 c-18 8 -59 24 -91 37 -47 17
-62 29 -75 56 -16 34 -17 35 -42 26z""/>
<path d=""M1390 621 c0 -36 -34 -60 -123 -86 -99 -30 -96 -18 -30 -127 19 -31
33 -63 31 -71 -1 -8 -63 -86 -137 -174 l-134 -158 319 -3 c175 -2 375 0 443 3
l124 7 -7 117 c-6 120 -34 279 -58 328 -17 37 -102 79 -279 138 -75 25 -139
45 -143 45 -3 0 -6 -9 -6 -19z m147 -312 c7 -7 9 -25 6 -41 l-6 -28 54 5 c64
7 74 1 83 -47 11 -62 -3 -68 -168 -68 -97 0 -146 4 -154 12 -7 7 -12 31 -12
55 l0 43 76 0 76 0 -7 30 c-4 16 -4 34 0 40 8 13 38 13 52 -1z""/>
<path d=""M740 495 c0 -24 128 -394 157 -453 23 -47 54 -54 72 -15 25 52 161
454 161 474 0 22 1 22 -37 9 -28 -10 -34 -21 -83 -168 -29 -86 -59 -168 -66
-182 -15 -30 -6 -49 -84 178 -56 162 -59 167 -89 173 -27 6 -31 4 -31 -16z""/>
</g>
</svg>
"
1_20,brochure,소책자 / 안내 책자,She picked up a travel brochure at the airport.,그녀는 공항에서 여행 안내 책자를 집어 들었습니다.,broʊˈʃʊr,ˈbrəʊʃə,"'Brochure' refers to a small booklet or folded sheet containing information about a product, service, or place. Brochure shows promotional informational booklet. People notice a printed document used to share information or advertise. It is a noun. For example, 'She picked up a brochure about the hotel at the tourist office' means a small printed booklet describing the hotel.",0199279a-9617-70b5-cee7-1bd2c874ee49,소책자. 안내 책자.,"<?xml version=""1.0"" standalone=""no""?>
<!DOCTYPE svg PUBLIC ""-//W3C//DTD SVG 20010904//EN""
 ""http://www.w3.org/TR/2001/REC-SVG-20010904/DTD/svg10.dtd"">
<svg version=""1.0"" xmlns=""http://www.w3.org/2000/svg""
 width=""226.000000pt"" height=""215.000000pt"" viewBox=""0 0 226.000000 215.000000""
 preserveAspectRatio=""xMidYMid meet"">
<metadata>
Created by potrace 1.16, written by Peter Selinger 2001-2019
</metadata>
<g transform=""translate(0.000000,215.000000) scale(0.100000,-0.100000)""
fill=""#000000"" stroke=""none"">
<path d=""M0 1127 l0 -1024 122 -12 c68 -6 307 -30 531 -51 225 -22 437 -40
470 -40 34 0 222 16 417 35 195 19 436 43 535 53 l180 17 3 1023 c2 969 1
1022 -15 1022 -10 0 -139 -16 -288 -35 -148 -19 -396 -51 -550 -70 l-280 -36
-165 21 c-91 11 -322 41 -515 65 -192 25 -371 48 -397 51 l-48 6 0 -1025z
m2238 1 l-3 -1003 -225 -21 c-592 -57 -779 -75 -822 -81 l-48 -6 0 986 0 985
43 5 c23 4 152 20 287 38 135 17 358 46 495 64 138 18 256 33 263 34 10 1 12
-202 10 -1001z m-1978 967 c107 -13 338 -42 513 -65 174 -22 324 -40 332 -40
13 0 15 -117 15 -985 0 -542 -4 -985 -8 -985 -11 0 -711 66 -906 85 -82 8
-157 15 -167 15 -18 0 -19 32 -19 1000 l0 1000 23 0 c12 0 110 -11 217 -25z""/>
<path d=""M1651 1749 c-151 -16 -276 -31 -279 -34 -16 -16 34 -14 305 14 164
17 304 31 311 31 6 0 12 5 12 10 0 14 -35 12 -349 -21z""/>
<path d=""M1895 1530 c-33 -5 -163 -18 -290 -30 -126 -11 -232 -23 -234 -26
-17 -17 44 -15 297 10 307 30 332 33 332 47 0 10 -19 10 -105 -1z""/>
<path d=""M1905 1290 c-38 -5 -171 -18 -295 -30 -124 -12 -229 -26 -234 -31 -6
-5 2 -9 21 -9 46 0 394 35 561 56 23 3 40 9 37 15 -4 5 -9 8 -13 8 -4 -1 -38
-5 -77 -9z""/>
<path d=""M1656 1039 c-154 -16 -282 -32 -285 -34 -16 -17 38 -15 286 9 320 30
343 33 343 46 0 13 -24 12 -344 -21z""/>
<path d=""M1675 828 c-159 -16 -294 -34 -299 -39 -15 -14 38 -11 343 19 191 19
276 31 279 40 5 15 30 16 -323 -20z""/>
<path d=""M1709 626 c-2 -2 -65 -9 -139 -15 -134 -12 -203 -32 -105 -30 108 1
288 24 293 37 3 11 -38 18 -49 8z""/>
<path d=""M710 1701 c-78 -25 -117 -60 -154 -141 -14 -30 -26 -50 -26 -44 0 20
-72 95 -112 115 -42 22 -148 24 -155 3 -2 -6 18 -22 44 -37 27 -14 64 -40 83
-57 32 -29 33 -31 10 -25 -89 22 -154 14 -213 -27 -50 -35 -36 -46 61 -47 48
0 107 -6 132 -13 l44 -14 -56 -31 c-81 -46 -118 -108 -118 -199 0 -51 8 -74
25 -74 19 0 73 68 86 110 19 58 50 84 140 115 l39 14 21 -47 c66 -149 109
-340 109 -490 0 -52 3 -71 11 -66 9 5 10 43 6 133 -8 166 -48 321 -115 449
-19 38 -55 42 -118 16 -65 -27 -92 -52 -110 -102 -9 -26 -27 -57 -38 -70 -19
-21 -21 -22 -27 -5 -10 25 0 81 22 125 22 43 80 81 152 99 26 6 47 14 47 18 0
14 -178 56 -237 56 -35 0 -63 1 -63 3 0 2 21 12 47 24 47 21 63 21 171 -1 24
-5 45 -5 48 1 7 11 -45 60 -111 104 l-50 34 33 0 c49 0 105 -33 153 -90 23
-27 46 -50 50 -50 4 0 19 26 34 57 14 32 34 66 43 76 33 37 88 57 157 57 66 0
86 -12 39 -24 -65 -17 -118 -51 -160 -105 -52 -66 -58 -90 -16 -67 39 22 134
46 179 46 21 0 56 -9 78 -19 l40 -18 -91 -5 c-76 -4 -104 -11 -163 -38 -73
-34 -85 -53 -39 -58 40 -5 130 -64 149 -97 10 -16 21 -48 24 -70 l7 -40 -58
56 c-57 54 -181 135 -192 125 -2 -3 9 -27 26 -53 80 -125 169 -360 187 -493
10 -75 24 -98 25 -39 0 99 -70 321 -145 455 -19 34 -35 65 -35 68 0 14 47 -20
127 -91 62 -55 85 -70 89 -59 7 20 -11 108 -31 147 -19 35 -85 85 -126 94 -16
4 -29 10 -29 14 0 17 113 51 168 52 77 0 134 11 140 27 6 19 -96 62 -149 62
-25 0 -68 -7 -95 -15 -66 -20 -68 -19 -44 14 19 28 59 51 168 96 23 10 42 22
42 27 0 22 -135 44 -180 29z""/>
<path d=""M166 753 c-7 -8 103 -49 177 -66 42 -10 56 -8 110 11 77 27 126 28
200 2 71 -25 118 -25 198 -1 35 11 82 21 104 23 l40 3 -27 14 c-21 11 -36 11
-65 3 -21 -6 -66 -19 -99 -28 -59 -17 -64 -17 -120 0 -133 40 -138 41 -201 18
-100 -35 -112 -35 -212 -2 -103 34 -95 32 -105 23z""/>
<path d=""M260 480 c-30 -10 -65 -19 -77 -19 -29 -1 -30 -21 -2 -21 11 0 53 10
92 22 l72 21 88 -23 c87 -22 89 -22 153 -5 68 18 82 18 182 -9 37 -10 76 -15
95 -11 49 10 117 37 117 46 0 12 -11 11 -60 -6 -56 -20 -110 -19 -192 2 -57
15 -76 15 -126 5 -77 -16 -121 -15 -172 3 -55 19 -102 18 -170 -5z""/>
</g>
</svg>
"
1_21,merchandise,상품 / 물품,The store sells new merchandise every week.,그 가게는 매주 새로운 상품을 판매합니다.,ˈmɜːrtʃəndaɪs,ˈmɜːtʃəndaɪs,"'Merchandise' refers to goods that are bought and sold. Merchandise shows tradeable goods. People notice products available for purchase. It is a noun. For example, 'The store had a wide range of merchandise on display' means many different types of goods available to buy.",019927a1-5cae-70e4-14b5-5071450859a4,상품. 물품.,"<?xml version=""1.0"" standalone=""no""?>
<!DOCTYPE svg PUBLIC ""-//W3C//DTD SVG 20010904//EN""
 ""http://www.w3.org/TR/2001/REC-SVG-20010904/DTD/svg10.dtd"">
<svg version=""1.0"" xmlns=""http://www.w3.org/2000/svg""
 width=""288.000000pt"" height=""216.000000pt"" viewBox=""0 0 288.000000 216.000000""
 preserveAspectRatio=""xMidYMid meet"">
<metadata>
Created by potrace 1.16, written by Peter Selinger 2001-2019
</metadata>
<g transform=""translate(0.000000,216.000000) scale(0.100000,-0.100000)""
fill=""#000000"" stroke=""none"">
<path d=""M2132 2147 c-18 -5 -53 -28 -77 -49 -49 -44 -85 -123 -85 -189 l0
-41 -241 7 -240 8 -41 -43 c-56 -58 -134 -92 -223 -98 -107 -7 -170 15 -245
84 l-60 57 -138 -5 c-117 -4 -146 -8 -199 -30 -63 -26 -570 -379 -580 -404 -2
-7 35 -77 82 -156 147 -241 146 -240 163 -233 9 3 73 42 143 85 69 44 129 80
132 80 2 0 4 -273 3 -607 l-1 -608 688 -3 687 -2 0 240 c0 153 -4 240 -10 240
-6 0 -10 -83 -10 -230 l0 -230 -665 0 -665 0 0 614 c0 338 -4 617 -8 620 -4 2
-71 -35 -147 -84 -77 -49 -144 -89 -150 -89 -5 0 -58 80 -117 179 l-107 179
256 183 c300 213 335 230 472 232 l95 1 8 -42 c32 -184 191 -306 380 -290 165
14 304 139 325 292 l6 45 49 0 c42 0 49 -2 44 -17 -3 -10 -12 -115 -21 -233
-20 -282 -63 -848 -74 -975 -5 -55 -7 -103 -4 -107 6 -11 1311 -10 1317 0 3 4
1 55 -4 113 -6 57 -30 353 -55 658 -25 305 -48 558 -51 562 -3 5 -74 9 -158 9
l-153 0 -6 58 c-14 165 -163 268 -315 219z m145 -22 c85 -25 153 -126 153
-227 l0 -28 -220 0 -220 0 0 28 c0 102 70 204 155 227 65 18 72 18 132 0z
m-1334 -298 c32 -43 126 -92 199 -106 111 -20 256 26 328 105 17 19 40 34 51
34 19 0 20 -4 14 -42 -18 -107 -88 -198 -189 -243 -69 -32 -129 -39 -206 -25
-80 15 -113 31 -168 84 -51 48 -81 101 -98 174 l-12 52 28 0 c20 0 35 -10 53
-33z m1027 -57 c0 -103 18 -105 22 -2 l3 77 215 0 215 0 3 -77 c2 -43 7 -78
12 -78 5 0 10 35 12 78 l3 77 115 3 c63 2 129 0 146 -3 l30 -5 13 -143 c14
-162 77 -937 87 -1070 l7 -87 -638 0 -637 0 6 103 c4 56 13 179 21 272 8 94
26 323 40 510 13 187 27 359 30 383 l6 42 145 0 144 0 0 -80z""/>
<path d=""M2098 1515 c-186 -71 -274 -276 -194 -453 37 -80 113 -152 194 -182
153 -58 346 19 419 168 24 50 28 69 28 147 0 107 -22 165 -88 233 -68 71 -126
95 -232 99 -61 2 -102 -2 -127 -12z m250 -34 c238 -122 242 -442 8 -561 -61
-31 -78 -35 -145 -35 -90 0 -147 23 -213 83 -63 58 -92 121 -96 211 -3 41 1
90 7 110 27 90 113 177 205 207 61 20 181 13 234 -15z""/>
<path d=""M2211 1373 c-1 -16 -11 -27 -35 -37 -34 -14 -56 -41 -56 -69 0 -23
46 -63 91 -77 22 -8 48 -25 57 -38 14 -22 14 -25 -7 -45 -18 -18 -32 -22 -81
-20 -69 2 -78 -11 -20 -27 29 -8 40 -16 40 -30 0 -10 5 -22 10 -25 6 -4 10 5
10 19 0 20 9 30 39 45 71 37 62 105 -18 141 -92 41 -106 57 -76 90 17 19 28
21 73 18 35 -3 51 -1 49 6 -2 6 -15 12 -30 14 -17 2 -29 12 -36 30 -9 25 -9
25 -10 5z""/>
</g>
</svg>
"
1_22,subscription,구독 / 가입 / 기부금,My magazine subscription expires next month.,내 잡지 구독은 다음 달에 만료된다.,səbˈskrɪpʃən,səbˈskrɪpʃ(ə)n,"'Subscription' refers to an arrangement where you pay regularly to receive a service or publication. Subscription shows regular payment for continued access. People notice a regular payment for ongoing access. It is a noun. For example, 'She has a monthly subscription to a streaming service' means she pays each month to continue using it.",019927a3-4330-7018-8e81-d8b810299e9b,구독. 가입. 기부금.,"<?xml version=""1.0"" standalone=""no""?>
<!DOCTYPE svg PUBLIC ""-//W3C//DTD SVG 20010904//EN""
 ""http://www.w3.org/TR/2001/REC-SVG-20010904/DTD/svg10.dtd"">
<svg version=""1.0"" xmlns=""http://www.w3.org/2000/svg""
 width=""253.000000pt"" height=""204.000000pt"" viewBox=""0 0 253.000000 204.000000""
 preserveAspectRatio=""xMidYMid meet"">
<metadata>
Created by potrace 1.16, written by Peter Selinger 2001-2019
</metadata>
<g transform=""translate(0.000000,204.000000) scale(0.100000,-0.100000)""
fill=""#000000"" stroke=""none"">
<path d=""M26 2019 l-26 -20 0 -849 0 -849 22 -21 c22 -20 31 -20 785 -20 507
0 762 3 758 10 -4 7 -268 10 -760 10 l-755 0 -15 23 c-13 21 -15 112 -13 752
l3 728 1110 -1 c611 0 1147 0 1193 -1 l82 -1 1 -357 c1 -197 4 -387 8 -423 6
-61 7 -56 14 65 9 167 9 609 1 794 -6 126 -9 145 -27 162 -20 18 -55 19 -1188
19 -1165 0 -1166 0 -1193 -21z m2366 -16 c15 -13 18 -32 18 -107 l0 -92 -1193
1 -1192 0 -3 89 c-5 142 -156 126 1191 126 1066 0 1162 -1 1179 -17z""/>
<path d=""M1882 1954 c-45 -31 -17 -104 41 -104 28 0 57 32 57 62 0 21 -38 58
-60 58 -8 0 -26 -7 -38 -16z m62 -23 c19 -21 12 -48 -15 -56 -22 -7 -49 10
-49 31 0 14 27 44 39 44 4 0 15 -8 25 -19z""/>
<path d=""M2052 1947 c-27 -29 -28 -51 -2 -77 28 -28 64 -25 89 6 27 34 26 40
-4 69 -30 31 -55 32 -83 2z m59 -7 c38 -21 12 -79 -30 -65 -27 8 -34 35 -15
56 20 22 20 22 45 9z""/>
<path d=""M2225 1945 c-14 -13 -25 -28 -25 -33 0 -22 43 -62 66 -62 29 0 64 33
64 60 0 26 -34 60 -60 60 -12 0 -32 -11 -45 -25z m66 -5 c25 -14 24 -46 -1
-60 -43 -23 -84 35 -42 59 21 13 20 13 43 1z""/>
<path d=""M1973 1638 c-13 -6 -31 -28 -40 -49 l-18 -38 -813 -1 -814 0 -29 -29
-29 -29 0 -207 0 -207 29 -29 29 -29 681 0 c447 0 681 3 681 10 0 7 -231 10
-674 10 -649 0 -675 1 -697 19 -24 19 -24 21 -24 226 0 205 0 207 24 226 22
18 50 19 830 18 628 0 802 -3 787 -12 -70 -43 -84 -94 -40 -146 19 -24 34 -31
60 -31 19 0 34 -4 34 -9 0 -18 52 -71 69 -71 19 0 54 34 64 63 4 11 17 17 37
17 17 0 40 4 50 10 23 12 43 70 34 96 -10 27 -45 64 -61 64 -7 0 -15 12 -19
28 -21 96 -79 135 -151 100z m98 -37 c16 -17 29 -40 29 -54 0 -18 13 -35 40
-57 31 -25 40 -38 40 -63 0 -59 -18 -67 -158 -67 -142 0 -162 8 -162 66 0 26
7 39 35 60 22 16 39 41 47 66 13 43 49 78 80 78 11 0 33 -13 49 -29z m-16
-280 c0 -8 -8 -19 -17 -25 -22 -13 -51 2 -56 28 -3 14 3 17 35 14 24 -2 38 -8
38 -17z""/>
<path d=""M1782 1167 c-58 -33 -59 -42 -48 -404 l8 -263 -67 35 c-90 47 -149
48 -200 4 -27 -24 -35 -39 -35 -66 0 -52 13 -67 101 -120 85 -50 96 -61 207
-208 52 -69 79 -97 120 -118 29 -16 60 -27 69 -25 10 2 -7 15 -43 33 -49 25
-70 45 -122 115 -107 144 -136 173 -220 223 -44 26 -83 54 -86 63 -12 32 -5
56 23 85 43 42 90 40 186 -11 42 -22 78 -40 81 -40 3 0 3 143 -1 318 l-8 318
32 27 c41 34 65 34 101 -1 20 -20 29 -42 34 -78 6 -44 26 -396 26 -452 0 -13
4 -20 10 -17 6 4 9 49 8 111 -3 100 -2 107 21 125 28 23 62 24 100 4 37 -19
41 -31 41 -130 0 -87 6 -119 21 -110 5 3 6 47 2 98 -5 79 -3 95 11 110 36 35
99 34 136 -3 17 -17 20 -34 20 -109 0 -50 5 -93 10 -96 6 -4 10 26 10 84 0 79
2 92 19 101 36 19 79 12 113 -19 l33 -29 7 -259 c4 -165 3 -272 -4 -298 -7
-26 -27 -57 -59 -89 -53 -53 -55 -56 -37 -56 26 0 78 53 104 105 l27 56 -8
267 c-7 284 -11 306 -60 338 -17 11 -41 15 -83 13 -48 -3 -63 0 -86 19 -34 26
-100 30 -133 7 -20 -14 -25 -13 -59 10 -39 27 -91 33 -126 14 -11 -6 -21 -9
-23 -7 -2 2 -7 53 -10 113 -4 61 -13 129 -22 153 -22 63 -85 89 -141 59z""/>
<path d=""M249 759 c-7 -4 -6 -8 3 -10 7 -2 279 -2 603 1 325 3 509 6 410 7
-595 7 -1007 8 -1016 2z""/>
<path d=""M245 560 c-4 -7 163 -10 494 -10 327 0 501 3 501 10 0 7 -171 10
-494 10 -319 0 -497 -4 -501 -10z""/>
</g>
</svg>
"
1_23,renovation,개조 / 수리 / 리노베이션,The old theater is closed for renovation.,옛 극장은 보수 공사로 문을 닫았습니다.,ˌrɛnəˈveɪʃən,ˌrɛnəˈveɪʃən,"'Renovation' refers to the process of repairing and improving a building or room. Renovation shows repair and improvement work. People notice construction activity to make a place better. It is a noun. For example, 'The kitchen is closed for renovation' means it is being repaired and improved and is temporarily unavailable.",019927a0-0a70-7027-72c4-803486037e6e,개조. 수리. 리노베이션.,"<?xml version=""1.0"" standalone=""no""?>
<!DOCTYPE svg PUBLIC ""-//W3C//DTD SVG 20010904//EN""
 ""http://www.w3.org/TR/2001/REC-SVG-20010904/DTD/svg10.dtd"">
<svg version=""1.0"" xmlns=""http://www.w3.org/2000/svg""
 width=""241.000000pt"" height=""189.000000pt"" viewBox=""0 0 241.000000 189.000000""
 preserveAspectRatio=""xMidYMid meet"">
<metadata>
Created by potrace 1.16, written by Peter Selinger 2001-2019
</metadata>
<g transform=""translate(0.000000,189.000000) scale(0.100000,-0.100000)""
fill=""#000000"" stroke=""none"">
<path d=""M480 1870 c-24 -24 -25 -48 -4 -78 8 -12 12 -22 9 -22 -7 0 115 -144
127 -148 20 -8 4 18 -47 80 -65 78 -88 125 -74 150 21 40 55 21 193 -108 75
-69 136 -130 136 -134 0 -8 -273 -279 -452 -449 l-76 -73 -127 123 c-70 68
-131 132 -137 143 -14 27 22 56 69 56 30 0 47 -11 116 -75 44 -41 85 -75 90
-75 11 0 -6 21 -100 122 -35 36 -63 75 -63 85 0 23 40 63 62 63 9 0 39 -18 67
-40 28 -22 51 -37 51 -33 0 4 -18 28 -41 55 -45 54 -45 69 -1 110 48 46 64 44
128 -12 31 -27 59 -48 62 -46 2 3 -21 34 -52 70 -31 37 -56 71 -56 76 0 15 73
60 98 60 13 0 20 4 17 10 -3 6 -19 10 -35 10 -54 0 -125 -83 -90 -105 6 -3 10
-10 10 -16 0 -5 -8 -4 -19 3 -36 22 -130 -57 -118 -101 3 -14 1 -18 -9 -14
-19 7 -91 -41 -99 -66 -3 -11 -2 -29 4 -39 8 -16 5 -18 -25 -18 -19 0 -46 -9
-61 -21 -53 -39 -46 -52 105 -206 77 -78 153 -157 168 -175 16 -18 36 -34 44
-36 8 -2 50 -38 93 -80 115 -113 122 -116 248 -116 181 0 276 -43 417 -189
l74 -76 -222 -217 c-272 -267 -322 -297 -417 -251 -52 24 -75 67 -70 128 6 85
29 116 211 284 94 87 191 177 215 200 24 22 41 44 38 47 -8 8 -34 -15 -261
-224 -148 -137 -183 -175 -204 -220 -59 -129 7 -252 135 -252 81 0 131 37 365
268 l220 218 175 -210 c197 -237 208 -248 278 -282 188 -90 348 79 255 271
-35 73 -63 99 -249 238 -210 157 -347 273 -419 356 -85 98 -112 181 -112 350
l0 115 -102 104 c-57 58 -116 117 -131 131 -16 14 -96 88 -178 164 -160 147
-186 160 -229 117z m394 -306 l18 -26 -234 -228 c-129 -126 -250 -241 -267
-256 l-32 -27 -22 22 -22 22 265 259 c146 143 267 259 270 259 3 0 13 -11 24
-25z m141 -135 l90 -91 -260 -253 c-143 -140 -264 -254 -270 -255 -5 0 -52 40
-104 88 l-93 87 233 226 c246 237 301 288 309 289 3 0 46 -41 95 -91z m124
-434 c58 -124 173 -235 510 -489 189 -143 228 -184 253 -268 22 -74 -13 -166
-75 -200 -66 -35 -153 -23 -219 30 -20 15 -129 140 -244 278 -115 137 -238
278 -274 314 -111 111 -231 160 -396 160 l-91 0 86 83 c47 45 158 152 246 237
l160 154 6 -115 c5 -103 9 -124 38 -184z""/>
<path d=""M1632 294 c-32 -22 -30 -76 4 -103 15 -12 37 -21 49 -21 35 0 75 37
75 69 0 60 -75 92 -128 55z m92 -20 c23 -23 19 -51 -9 -70 -21 -14 -31 -15
-51 -6 -31 15 -40 37 -26 68 14 28 61 33 86 8z""/>
<path d=""M1488 1795 c-104 -28 -291 -136 -271 -155 4 -5 42 -2 83 7 45 8 110
13 162 11 114 -5 187 -40 236 -112 17 -26 32 -59 32 -72 0 -35 -283 -310 -354
-344 -86 -41 -198 -131 -183 -146 3 -3 32 15 64 41 32 27 87 61 122 78 l63 30
79 -80 80 -79 -96 -107 c-52 -58 -95 -112 -95 -119 0 -20 149 133 178 183 15
25 93 109 173 187 l147 142 59 0 c57 0 61 -2 89 -37 45 -56 46 -60 30 -92 -15
-29 -15 -29 42 -85 31 -31 63 -56 71 -56 17 0 211 189 211 205 0 18 -106 115
-126 115 -10 0 -25 -7 -35 -16 -13 -12 -22 -13 -37 -5 -30 16 -94 91 -88 104
30 72 30 85 -1 124 -17 21 -71 77 -120 124 -93 90 -172 137 -263 158 -61 14
-195 12 -252 -4z m273 -25 c108 -33 209 -110 320 -243 l49 -58 -16 -37 c-21
-50 -13 -71 47 -127 l52 -48 -44 -38 -43 -37 -52 55 -52 56 -47 -7 -47 -7 -89
89 c-58 58 -89 96 -89 111 0 65 -76 147 -170 182 -47 18 -72 20 -177 17 -136
-4 -136 -5 -13 57 113 57 256 71 371 35z m-6 -622 c-75 -73 -140 -134 -144
-135 -3 -1 -40 29 -81 68 l-75 70 145 139 145 140 74 -74 74 -74 -138 -134z
m583 99 c23 -23 42 -48 42 -54 0 -6 -41 -50 -92 -97 l-92 -86 -51 50 -50 50
90 90 c49 49 94 90 100 90 6 0 30 -19 53 -43z""/>
</g>
</svg>
"
